text,label_original,label_binary,source
"Costco: Daniel, the code 42003 printed on your receipt from 10 came in 2nd in our Airpods draw: f2gpy.info/RzNKEws Zve",smishing,1,smishtank
"Hi, you still owe UPS $4.10 USD in customs fees for your previous package. Reply 1 to receive a secure link to pay your invoice.",smishing,1,smishtank
"wel01.us/r/rest05 WELLS FARGO(CS):Profile locked because of unusual activities, kindly restore.Reply STOP to unsubscribe",smishing,1,smishtank
"Hi, are you who played golf together last time? I'm Lisa",smishing,1,smishtank
"(8 Hi Julianne long time no see, I'm Aleen, how are you doing",smishing,1,smishtank
"hi Jessie, it's been a long time since I came out, what are you doing recently?",smishing,1,smishtank
"Dear. You are invited to join the (Bitcoin) internal discussion group. The team will publish daily how to make a profit in the Bitcoin market. Reply to the number ""1"" and click the link to join. https://chat.whatsapp.com/ Djci PB8b7gTGGt16QJ5mJm",smishing,1,smishtank
"CITI: Unauthorized activity was detected, we have moved foward in locking your account. Please verify at http://citibsec.com or at a local branch.",smishing,1,smishtank
"Evanie, I'm Anna, how have you been, I'm back in Denver.",smishing,1,smishtank
"Hello! I'm Amy. Are you Annie? I'm really sorry. I dialed the wrong number. And I thought you were my friend. It was so embarrassing. Have a nice day. Thank you. You're a really nice guy, and today was really awkward, but IT's nice to meet you as a new friend.",smishing,1,smishtank
"BofA:Your account has been restricted, visit secbofa.page.link/NLt",smishing,1,smishtank
https://rebrand.ly/grppwwr AVOI6Y,smishing,1,smishtank
"Amazing news!, your application has been accepted. Finish the process: http://klkln.cc/vnbcbtd",smishing,1,smishtank
https://b.link/h21bc br7ca2,smishing,1,smishtank
"Hey Niaz, help us answer a fast survey. We will give you a free watch in return. lksr.link/9pvvbF Txt Stop to end",smishing,1,smishtank
Hi! I am Lisa's friend. Are you the Smith that Lisa recommended to me? I am Erin.,smishing,1,smishtank
1 of 2 FRM:japho-Fe d3x.Ne.ws - MSG: Unsuccessful package from 1 April owed to you. Kindly assume ownership and confirm for delivery. (Con't) 2 of 2 https://wwj4w-fedex.us/jWXHwj?47965169(End) O?,smishing,1,smishtank
<Subject: c4c26> Z??? Bank Of America Hurry up ! Offers Have arrived! ($$90 value). /.//storag e.googleapis.com/jzoxubc/1fhg3lf BANK OF AMERICA,smishing,1,smishtank
You received money. Reply <<ok>> for details.,smishing,1,smishtank
"<Subject: NoSubject> Free Msg: Your bill is paid for March. Thanks, here's a little gift for you: mentioningdears.com/nzWjdtrM93",smishing,1,smishtank
"<Subject: NoSubject> Free Msg: Your bill is paid for March. Thanks, here's a little gift for you: sirreeprematurely.com/X9cSSE4SfA",smishing,1,smishtank
Your 2021 Auto-Policy may have Been Over-charged by 1275. Check for Possible CashBackfor 2022. xyzthriftyquotes.com/60ef6eec47,smishing,1,smishtank
"FRM:719132-Fed_EX.906697 MSG:flm-;it will be returned to sender, We have made several attempts to reach you, https://jf245-fedex.me/y.jDxio?37588372",smishing,1,smishtank
"Dale We are interested in buying your home for cash, as-is, at or above any valid offer. Valid: 4/8 wepay-topvalue.com/bf2f414d45",smishing,1,smishtank
"Free Msg: Your bill is paid for March. Thanks, here's a little gift for you: vocalsprolonged.com/ZSgingd6vi",smishing,1,smishtank
"Free Msg: Your bill is paid for March. Thanks, here's a little gift for you: reamvino.com/SvjMeq1eKD",smishing,1,smishtank
"Free Msg: Your bill is paid for March. Thanks, here's a little gift for you: slappingtasting.com/Hamw6PokCc",smishing,1,smishtank
"WELLS FARGO: Update>: A decision has been made, your account is suspended. Visit http://VERIFYWELLSFARGO.GA to regain access now! This action takes few seconds. O° A",smishing,1,smishtank
"Free Msg: Your bill is paid for March. Thanks, here's a little gift for you: flimsyfooting.com/RugSJP91a6",smishing,1,smishtank
"Free Msg: Your bill is paid for March. Thanks, here's a little gift for you: clowningbacking.com/ZOKNSJFtJT",smishing,1,smishtank
"Free Msg: Your bill is paid for March. Thanks, here's a little gift for you: catererhunger.com/Okk7d5ha2y",smishing,1,smishtank
FRM:ChaseBanking-Alert-3887 SUBJ:CALL: 812.809.4904 Now! MSG:MSG 17001 Account.Locked!,smishing,1,smishtank
"<Subject: NoSubject> Free Msg: Your bill is paid for March. Thanks, here's a little gift for you: fritzclosets.com/PV06ExwSdV",smishing,1,smishtank
You'll get @ your package TODAY! http://www.webpage.ren/b/lc/? bfX.08&08z-mkq O A Text Message,smishing,1,smishtank
"Pending Delivery: Hi, your package containing tracking code 71623881LS5 is waiting for you to confirm the shipment address: holdingspothere.com/8930er",smishing,1,smishtank
"The ClassSuit TRIAL has ended and YOUR $19,038 settlement allocation is READY; CONGRATS to the People! settclss.com/Ccn26dr stop to end",smishing,1,smishtank
"Free Msg: Your bill is paid for March. Thanks, here's a little gift for you: warrantgeneration.com/RsCoLlrDrs",smishing,1,smishtank
"Free Msg: Your bill is paid for March. Thanks, here's a little gift for you: unselfishdumplings.com/LKXH4N4WZ3",smishing,1,smishtank
"Free Msg: Your bill is paid for March. Thanks, here's a little gift for you: purposeliberals.com/yF70SNqOKV",smishing,1,smishtank
citii bank: Please visit here and complete your debit pin again: https://bit.ly/35Xs2rW,smishing,1,smishtank
http://gs80xb1u7wy5vb.deals,smishing,1,smishtank
"U are selected for the Work from Home job offer receive your daily salary 2,666Tk, Contact WhatsApp http://www.cxes.click/2JkZZoeX",smishing,1,smishtank
"Citi: We blocked your account due to unusual activity, please visit (www.citibankaccount.info) to verify your account.",smishing,1,smishtank
It's Nicole again Office: 18665841391 It appears you may be eligible for compensation on your Injury. Can you give me a quick call please? - STOP to STOP,smishing,1,smishtank
[CITI Alert 05.02.2022] Debit card associated with Acct*8139 is locked. Vist bit.ly/89BNsg81289 at earliest convenience. Stop=end|Help=help,smishing,1,smishtank
"Help us fight CORONAVIRUS by working from home - No experience required SMS sending JOB Work 2-3 hours daily on mobile and earn $5-$100 daily Click Here And Apply Now http://bit.ly/WHO-Jobs-Offer Vacancy till 31st march,2020",smishing,1,smishtank
Dear. You will be invited to the (BTC) internal discussion group. The group will post daily how to earn $500-15000USD in the crypto market. Reply: 1 and Click the link to enter: https://chat.whatsapp.com/E29ZpfVxDLCDU0lz6g5Pju,smishing,1,smishtank
https://saveonautocoverage3.me/1nhQEbD4FaH6 We may owe you as much as 779.04. A new finding may have caused us to charge you too much last year. Your savings is ready -,smishing,1,smishtank
"This is the Novel Coronavirus insurance service based on the current outbreak. The premium for COVID-19 insurance is $1,000. If you are diagnosed with COVID-19, you can get a lump sum of $30,000. In the case of home isolation or hospital isolation, you can get $300 per day for up to 21 days to consult Whatsapp:4423798151",smishing,1,smishtank
"Cloud mining platform: https://usdt777.vip Copy the website browser and open the registration to get $100 for free, which will be credited to the account in seconds. Participating in cloud mining can earn around $300-800 per day. Permanent income is guaranteed and risk free! Invite your friends to join and get great rewards",smishing,1,smishtank
"Free Msg: Your bill is paid for March. Thanks, here's a little gift for you: consensuscelebrated.com/5hTSjydwTh",smishing,1,smishtank
CITI Alerts - We have blocked access to your debit card due to unusual activity. Verify your details at citi-actvity.org,smishing,1,smishtank
(DiscoverCard_Customer Servi ce#2627457643) You have a pending issue. please visit: http://r2s9hq82ne.mmnrxeqmcv.nikxc.org to resolve it.,smishing,1,smishtank
sexyjessie.us..*,smishing,1,smishtank
"Hi Andrew, this is Cess and this is my new number, Im here in the philippines now so text me back when you receive my message because im not quiet sure if i get your number right. im sorry i got the wrong number i hope i didnt bother you 8:52 AM",smishing,1,smishtank
"Hi Jim, I need a lot of precious metal raw materials for the project at hand recently, can you give me a price list?",smishing,1,smishtank
"Dear. You are invited to join the ""Bitcoin"" analysis group and join in the investment plan and earn 500-5K usd a day. Reply ""1"" and long press the link to join. https://chat.whatsapp.com/DzeAqjxgNbi6S4cuCFchXN",smishing,1,smishtank
"Hi, Lucy. I'm Aisha. Do you remember me? Last time we met at an auction in Northern California.",smishing,1,smishtank
Dale We are still in the market to buy your 2022 Buena Village Dr HOME. Our new OFFER value has increased! We can CLOSE in less than a week and you won't have any REALTOR fees. Please review 5dexqo.com/82a103,smishing,1,smishtank
[U.S. Postal Service] We're sorry to let you know that your package could not be delivered. To reschedule a delivery please visit https://bit.ly/3NR5x9f Preview not available,smishing,1,smishtank
"Dear. You are invited to join the """"Bitc0in"""" analysis group and join in the investment plan and earn 500-5K usd a day. 👇👇👇Please click the """"Link"""" below to join👇👇👇\nhttps://chat.whatsapp.com/F6Wo68CcSRq88C9LSdsGcN",smishing,1,smishtank
"Is this Vince's number, please?",smishing,1,smishtank
From: NETFLIX Msg: NETFLIX monthly payment Unsuccesful and Your account is temporary Locked. See The Complete Details In The Attachment Below. Subscription-failed56756... Additional media content is included. Please check the message in detail,smishing,1,smishtank
Are you Mr. Freddy? I'm Alice and I'm not sure if the number is correct,smishing,1,smishtank
click the link to Upgrade Your Wells Fargo Account web:https://express.adobe.com/page/IkvuZSZq2z1lj/,smishing,1,smishtank
REGIONSBANK - Our team locked your debit on July 15th. Please visit: Regions-PROTECT.com to unlock it. Reply STOP to OPT OUT,smishing,1,smishtank
"Dear 02055666420friend, Bitcoin Trading Study Group : https://rebrand.ly/v7qj08h",smishing,1,smishtank
(1) U have usdt (2) How can u invest and register (3) How can u participate Send me a message by https://wa.me/+639162024192,smishing,1,smishtank
Dale SAFEDRIVERALERT: It looks like you were over charged on yourAutOPOlicy. It's not too late to-apply SAFEDRIVERDISCOUNTPERKS and getREIMBURSED. kzrp1h.com/bff4948af7,smishing,1,smishtank
"Unusual Activity : We've suspend your Amazon account due to unusual activity. Login attempt blocked from : Mozilla Firefox 8.7 [168.254.81.174 - Turkey] Our system has suspend your Amazon account for security reasons. To unlock your Amazon account, please verify with link below: http://www.xprswebsite.com/free/userf111/redirf111/?=5826865 You need to take action within 2 days before account will be suspended. Regards, Amazon Teams",smishing,1,smishtank
"[Postal Service] - Due to address is incorrect. The package cannot be delivered, please follow the link to update the correct address. https://upspups.com",smishing,1,smishtank
ALERT: Your Bank of America Prepaid EDD Debit Card has been blocked due to unusual activity. To reactivate your Bank of America Prepaid EDD Debit Card kindly visit us at http//:boaeddprepaidservices.com,smishing,1,smishtank
Wells Fargo ALRT: Account locked due to unusual activity. You will still be able to deposit funds into your Wells Fargo account(s). Visit link to remove hold: https://wfveri-info.com,smishing,1,smishtank
CITIZENSBANK- A charge of $472.20 is on hold. Reply YES to process. Not you? Visit citizens-security01.com before August 11 Reply Opt-out to pause Alerts.,smishing,1,smishtank
CVS offers more than simply fantastic prices. You have a lot of opportunities today to receive up to $100. http://prettyplump.directory/DFzOyZtj,smishing,1,smishtank
"CHASE BANK ALERT: We detected an unusual attempt at 30 mall Dr unit OBO4 Jersey City, NJ 07310 if this was not you please use the secured link to verify your identity and secure your account: https://secur06-chase-verify.my03.com/?Verify",smishing,1,smishtank
WF Fraud Alerts: We noticed unusual activities on your account. Please confirm the activities at WellsfargoVerify.com/act to make it secure.,smishing,1,smishtank
USPService: We could not ship your package for address issue. Your need to confirm your address to ensure the delivery. https://s.id/1fXBI,smishing,1,smishtank
Home Depot Offer + E$ http://flatterlaud.cricket/0VH9A5,smishing,1,smishtank
regions: Your debit has been barred from use due to unusual behavior. Go to https://www.assistance-usrprocess.com your details to reactivate,smishing,1,smishtank
Quick freebies from Home Depot! http://surveysens.yokohama/9vePTP,smishing,1,smishtank
Dad just left you a package. He said he came from Cost co cause they're handing out money to their customers today. Do you wanna try and see if we can do it too? He said we'd have to start here. http://indianelder.business/hBF734,smishing,1,smishtank
Cash payouts by HomeDepot http://apartnerve.florist/Qd8qKU,smishing,1,smishtank
Gift Card Offer by Home Depot http://leaseill.associates/b42TrX,smishing,1,smishtank
<#>Bofa.EDD: Your EDD account is temporarily on hold. You must confirm your recent activity to continue using your account http://processingprotection.me/JaZcP,smishing,1,smishtank
CA SERVICE DEPT [EDD]: Your EDD Card Has Been Temporarily Suspended. To Prevent Account Closure Please visit: http://eddphelp.info Reply STOP To Opt-Out.,smishing,1,smishtank
Instant freebies from HomeDepot! http://rgjgj.capital/i16nf0,smishing,1,smishtank
1 of 2 FRM:GetaPrizeBrand.com sms_id_YBJ431 MSG: Since youre a appreciated customer of Home Depot we have a gift valued at $100 dedicated to you (Con't 2 of 2 for your time. Just acknowledge this three question survey and you'll be compensated. sms_id_YBJ431| (End),smishing,1,smishtank
BOFA_EDD_DEBIT_CARD: Your card starting with 4427*** has been temporarily blocked. Unblock card at : https://unblockbofaeddprepaid.meeha.com.bd/asdfghjkl.html,smishing,1,smishtank
E.D.D.DEBIT-VISA-CARD:Your card has been disabled. Re-enable it at https://romualdo.exe.it/AKARA.html to keep it intact.,smishing,1,smishtank
FRM:1B|UPS-ZOF05 SUBJ:www.pyr-upsi.website//isr1i2pF19389# MSG::KUO4alLsdi-a,smishing,1,smishtank
"Your BOA Unemployment card is having irregular activities. New Login detected. If this wasn't you, follow steps: ee2r.info",smishing,1,smishtank
If you have ever been to Cost co you qualify for this amazing give-a-way http://pricesever.financial/j07mFgmb,smishing,1,smishtank
Dr Oz Secret CBD for Dick Gains http://fireelse.community/nm6pkc,smishing,1,smishtank
Hi poelacnewu33sdf.us,smishing,1,smishtank
"Your paymen.t for la.st month was pa.id. Thank you, this is a sur.prise p.resent for you: W3NGZ.COM/6blDog8jzc",smishing,1,smishtank
Important Update: You got 24 Hours left to reserve the iPad Pro which you Won in September: disciplepurse.com/HvMe3JH,smishing,1,smishtank
"Hi, it's AT&T. Great news! You've paid off at least 50% of your current phone. If you're interested in learning about our offer on the iPhone 13 Pro Max, reply YES to receive details.",smishing,1,smishtank
Earn Home Depot $100 Gift Card http://abusenat.associates/mKd6NG,smishing,1,smishtank
<#>Bank of America: Accept the updated terms. https://cp2we.app.link/iur,smishing,1,smishtank
CVS: Your number was invited with 798 others to redeem a prize. Answer our quick survey before the next 6 hours to reserve yours igyre.cc/Kky7RkR,smishing,1,smishtank
Wells Fargo Bank: Account is suspended due to recent database breach for safety. Click https://poiasj5.cf/wellsfargo.com/?restore to reactivate.,smishing,1,smishtank
"Citi Alert: You recently requested a transfer to a new external account (CHK ACC: XXXX7433), if this was NOT you. Cancel immediately at: https://citi-06.com",smishing,1,smishtank
"EDD Bofa Alerts: For your security hold has been placed on your unemployment insurance card, due to identity theft: visit gps.ru/98hXb to remove the hold",smishing,1,smishtank
"You have filled in an incorrect delivery address, please update your address to the post office. https://usa-exchange-us.com",smishing,1,smishtank
Monthly GiveAway by Home Depot http://marginaljo.shopping/v3E6qB,smishing,1,smishtank
Votre colis a été envoyé. Veuillez le vérifier et le recevoir. http://fotag.xpddg.com,smishing,1,smishtank
"Your Prepaid EDD account status has been restricted, please update your information to keep your account by visiting http://eddbofaprocess.info",smishing,1,smishtank
"For Cost co, loyalty is everything. We are prepared to pay $40 per minute for your opinion and are in need of it. http://wealthaccept.financial/94T4CvdP",smishing,1,smishtank
iPad Pro for CID#24355 https::http://cyntrothm.shop/ipadP.php,smishing,1,smishtank
Congratulation CID#896904 An Exclusive Reward From AT&T is waiting For You Claim it here http://zireesso.shop/cl/5233_md/555/57333/1230/70/53367,smishing,1,smishtank
Votre colis a été envoyé. Veuillez le vérifier et le recevoir. http://tbmuy.ncmie.com,smishing,1,smishtank
"Votre solde CPF est arrivé a échéance. Veuillez remplir le formulaire ci-dessous sous 24h, pour convertir vos droits acquis en 2021 https://bit.ly/3v9zXuH O°",smishing,1,smishtank
$80 Gift Card - HomeDepot Survey http://esteemcomm.shopping/vtsk9N,smishing,1,smishtank
Y.our in.voice for la.st mo.nth was p.aid. Thanks.. he.re's our small pres.ent fo.r u: uEZF2.Com/GDI2hthgG1,smishing,1,smishtank
BOA: Your Online Profile has a probable association with a system vulnerability. Log in and verify your details at https://sec03boa.com/bRZQK to prevent identity theft.,smishing,1,smishtank
Get $100 Reward from HomeDepot http://summe.shopping/Hhj0J3,smishing,1,smishtank
FRM:gP8e_-UPS-NFIGe SUBJ:www.92wbj4jzupst.com//49epb8Rw17003# MSG: :IsEqWKMBuM-a4,smishing,1,smishtank
"1 of 2 FRM:30533 SUBJ:9/17/2022 4:08:58 PM MSG:Wells Fargo SecurityCenter Critical notification! Please follow the link, for more details: (Con't) 2 of 2 https://docs.google.com/forms/d/e/1FAlpQLSeUlz-jIFAYDmtl2s9pEJSgVUHX_S33qw9twmXUqoO7_OCLkw/viewform?usp=sf_link?WuRW ERROR-051178 (End)",smishing,1,smishtank
CVS has more than just great deals! Today we have great chances for you to get up to 100$. http://catchingbudding.directory/8BWT1REM,smishing,1,smishtank
You.r paymen.t for Septemb.er is received. Thanks! this is o.ur tiny pre.sent for you: f4RSX.COM/8vxyyUpY4d,smishing,1,smishtank
BANKOFAMERICA[EDD] - We encountered a failure in processing your WEEKLY BENEFITS. Visit: BankOfAmericaDebit05.com Error -8097 REPLY STOP TO OPT OUT,smishing,1,smishtank
"Obtain $100. EASY! You just need to provide some information, and you'll soon be rich! http://obliquerupture.directory/rvgFs6Ae",smishing,1,smishtank
"[US POSTAL] Package cannot be delivered due to mismatching address, please correct on postalportal.site to recieve",smishing,1,smishtank
took this quiz and got 90 bucks. my bro told me to tell you. http://denywhence.network/DOqxdH9d,smishing,1,smishtank
BANKOFAMERlCA[EDD]- We encountered a failure in processing your WEEKLY BENEFlTS. Visit: BankOfAmericaDebit05.com Error - 8097 REPLY STOP TO OPT OUT,smishing,1,smishtank
FRM:AugustSurveys.com sms_id*NHR397 MSG:Since you are a appreciated customer of Costco we have a donation valued at $100 dedicated to you (Con't 2 of 2 for your efforts. Just respond to this two question survey and youll be compensated. [link] (End),smishing,1,smishtank
Cost co is acknowledging you as top tier shopper. There are 3 devices for you to pick from http://neckadvice.financial/PWvk1Wpa,smishing,1,smishtank
"Navy Federal CU: You have successfully signed on from IP 52.203.18.141 (Ashburn VA, USA). If this wasn't you, visit nfcualert.site",smishing,1,smishtank
"Walgreens: You're being randomly given, as 1 of 613 people, 1 reward by filling in a brief survey. Reward ends in 5 hours vnnim.cc/mNGtaOl O",smishing,1,smishtank
Wells Fargo Bank: Account blocked due to suspicious fraud attempts. Click https://oasioa.cf/wellsfargo.com/?restore to reactivate account.,smishing,1,smishtank
FRM:KemH_-UPS-10esF SUBJ:www.nibtt9-upse.us//vofxbnno224123# MSG: :3lq9DWaATI-a,smishing,1,smishtank
Your invo.ice fo.r Septe.mber was p.aid. Than.ks. h.ere's our t.iny pr.esent f.or u: du9k3.com/rvirONcqBD,smishing,1,smishtank
"Lowe's retail company would like your help on this official questionnaire, Anybody that enters this are to receive a no cost product surveypurpose.com/wv95u",smishing,1,smishtank
CBD Will Reduce Your Aches Quick http://attorneyent.limited/S7cW3A,smishing,1,smishtank
"1 of 2 FRM:EXTRA INCOME FOR YOU MSG:Hello, Are you interested in a $20 hourly working from home JOB? Training: 1 week. Payment: (Con't) 2 of 2 Weekly. Experience: Not needed. Location: Anywhere of your choice. Kindly reply with ""YES"" to proceed (End)",smishing,1,smishtank
"Hi, I'm Maya from US Speaks. We're polling IL. Would you respond to some questions? 1) Yes 2) No (or END SURVEY)",smishing,1,smishtank
"Ay is this Dillon? this is Aleah... we txted on Coffee Meets Bagel last time I went up to visit my cousin but we didn't meet for drinks.. I'm back in the area right now if ya want 2 actually go out while I'm here, are ya up 2 it?",smishing,1,smishtank
"Disfruta las mejores series, peliculas y canales adicionales, con Claro video siempre tienes algo nuevo que ver. https://bit.ly/3dRoiZe",smishing,1,smishtank
(PayPal-Issue : Your account has been restricted.Check it here Immediately.> https://me2.do/GBIOwzEt?V4ZGKR ~) 29FNO,smishing,1,smishtank
United States Postal Service: Your package has the wrong forwarding address and has been temporarily suspended. Please reply to [ok] and take steps to reactivate it. [ https://wsends.com/go/Tracking/R2H9 ],smishing,1,smishtank
"Unusual Activity : We've suspended your Amazon due to unusual activity Login attempt from : [84.111.233.111 - Israel] Device:Mozilla/5.0 (Windows NT 10.0) Our System has been locked yo ur Amazon account To restore your Amazon account, please verify your identi ty below : http://www.xprswebsite.com/free/dev2/support?=7455071 You need to verify your account within 2 days or your Amazon account will be terminated. Best Regards, Amazon O",smishing,1,smishtank
"Unusual Activity : We've locked your Amazon account due to unusual activity. New Login from : Mozilla Firefox 8.7 [ 45.71.144.113 - Russia ] Our system has locked your Amazon account for security reasons. To unlock your Amazon account, please verify your identity below: https://wua.soundestlink.com/link/62ec0819e7239400160765f9/62ec07fec03d7d001dc835c5/62ec07eb316b48001c631e48?signature=9914fff38c28a734939ec6ad3c3f038680fa15f715f60 9593c985923dadb61fe you do not verify your identity If before 24 hours, your Amazon account will be terminated.",smishing,1,smishtank
"You just sent a payment to Brett Briggs for $6.50 USD. If you do not make this transaction, you must cancel before 4 hours:""https://lnkd.in/ekwVSzPa"" (PP-REF:#XFM6ZT)",smishing,1,smishtank
Your parcel (#US91177J) which includes the following products: 1.PS5. Cannot be approved for delivery pending the outstanding tax balance has been paid. Current outstanding balance: $1.22. Additional info like2playnow.com/fi5dbp,smishing,1,smishtank
2069-Ft² House Just Listed 513-Mo below Xeo6.me/8ek26N,smishing,1,smishtank
"Free Msg: Your bill is paid for March. Thanks, here's a little gift for you: giddybreasts.com/DSRRmEAccl",smishing,1,smishtank
Y.our bill for l.ast month is r.eceived. Thank you. here is our small l.oyalty re.ward fo.r you: 61uxsyo.qmrWM.Com/zyd8,smishing,1,smishtank
Chase Alert (SM):We noticed unusual activities on your account.Visit chaselocked.com/web to verify the activities. Reply STOP to stop.Msg & data rates may apply.,smishing,1,smishtank
Pres Trump: This is the final time I'll reach out. I need you to update your Voter Verification survey RIGHT NOW. Take canvass here >> https://win22.org/r.wr?id=9wJ8pTXh ReplySTOPToEnd,smishing,1,smishtank
Your payment for September is paid. Thanks. here's our surprise gift for you: Pbpls.COM/E5JyPE6w5t,smishing,1,smishtank
"BofA Alert: We 've placed a hold on your debit/atm card due to some unusual activity, To recover Visit https://profib04.com and verify your identity",smishing,1,smishtank
Hi this is Sammy and I just loaded new my best videos in my personal site. find it here: http://slzbyy.com/GvR0t2ZV,smishing,1,smishtank
intimate notice: Mary live in the area and is seeking no-strings partners. Review your invite:http://hygrjv.com/2oyhOQV,smishing,1,smishtank
Pc user- KatieT0021 sent you a chat invite. Accept below:http://ywrfyp.com/VkwuzqG,smishing,1,smishtank
"Hello baby, Karla here. You make any plans for today? If not, email me...http://zglptv.com/no2hrZB",smishing,1,smishtank
Hey baby did you know! I update my pics gallery from my profile. Look them here: http://yjpgbx.com/mn1lkyE,smishing,1,smishtank
You got a text from FunKatie88! Tap here to access inbox:http://ytdbby.com/A2RsGxy,smishing,1,smishtank
You got a local fl!ng request from Linda. Respond here:https://bit.ly/3RQ1z1n,smishing,1,smishtank
"Hey babe, what r you up to? I'm home alone, u want to come by? Text me:http://zvsjxy.com/4qAcRgK",smishing,1,smishtank
"Hi what are you up to tonight, any plans? I'll be here, if you want to chat:http://kbzjgb.com/N2lswyl",smishing,1,smishtank
BacksideAds notice:Karen has opened her x-photos for you. Access here: http://fkggnl.com/gGRI4Zw,smishing,1,smishtank
Area females wanting intimate date nights out on the town. Access here: http://y.jgdfr.com/ZoAhX9Z,smishing,1,smishtank
"Hey, do you have any plans for tomorrow after work? It's Trisha, let's grab a drink! I'll be here: http://mzjxyk.com/N2lsw3m",smishing,1,smishtank
"Hi, Katie here. I'm sitting here at the bar, want to meet me? Contact me back...http://ypzvtd.com/OmwsYW8",smishing,1,smishtank
Netflix is Reimbursing you $100. Time Left to Claim (48) hrs http://carecondemn.com/BYMRKW Netflix is Reimbursing you $100. Time Left to Claim (48) hrs http://carecondemn.com/BYMRKW,smishing,1,smishtank
You got an intimate invite from Sarah. Read what she said now:http://cgmfdk.com/E2Ysk70,smishing,1,smishtank
Member-Ezdebra504 sent you these pix. Find below:http://ypzvtd.com/OmwsYW8,smishing,1,smishtank
You received a b()()ty call from Amanda. Read your invite now:http://zytdgx.com/G21s2n0,smishing,1,smishtank
"Hey hun, wanna chat and get to know one another? Anyways let me know. I'll be here: http://cgmfdk.com/E2Ysk70",smishing,1,smishtank
VENMO Customer: Claim Your 100 Dollars http://augmentreversed.com/KIZWr1,smishing,1,smishtank
"I am at my boys home Just trying hot positions, wanna see? Access here: http://prmytz.com/9yJfrBg",smishing,1,smishtank
FB alert - acct EzKate0696 has sent you a private msg. Read and say HI below: http://jkyrlw.com/YnzljRD,smishing,1,smishtank
"DoNoT Reply_State Of California (Employment Development Department). Your EDD Unemployment Claim account is currently on hold for verification, Please complete your verification by following the instructions in the link below. https://brightvision.edu.pk/ca/verifyedd",smishing,1,smishtank
Inbound friend solicitation from WetSara002. Respond now: http://dcydpl.com/grguJq2,smishing,1,smishtank
What is your favorite position on bed? You wanna see my favorite? Go here: http://wbfmqs.com/M2ksvNA,smishing,1,smishtank
KatieT881 mailed you a bang buddy proposal. Read her message: http://gfxmth.com/6vDFZpW,smishing,1,smishtank
"hi there, it's friday! My name is annie and was wondering if we could meet sometime. write me https://bit.ly/3shWipe",smishing,1,smishtank
You received a text from SxySandra89. Press here to access your inbox: http://ntswkf.com/Q2osg6L,smishing,1,smishtank
Oprah had a Heart Attack! Read http://relateversion.com/1DvMxP,smishing,1,smishtank
Alert: Your Edd account was just signed in new device. If this wasn't you kindly click here https://secur-34b0a-protect.duckdns.org/auth/ to regain the access or visit nearby branch.,smishing,1,smishtank
fl!ng solicitation - Angie wants to meetup. See now: http://tvmscy.com/B2VSOWO,smishing,1,smishtank
See the intimate pictures Kelly released 4 you! Unlock below...http://dtwxzf.com/003u52r,smishing,1,smishtank
My hubby left on vacation and the mf left me all alone. Like to fool around? http://pslajs.com/ROpuoXO,smishing,1,smishtank
"Hi baby, here are the photos I wanted to share with you. Let me know what you think...http://psjzzw.com/no2hgVq",smishing,1,smishtank
You received a friend invite from Curvy Marta002. Answer back here: http://ryjlvn.com/P9nu967,smishing,1,smishtank
BustyMary89 sent these triple x-photos 4 you. Open them here: http://swhcdt.com/zErCE7I,smishing,1,smishtank
"Hi honey, heres the selfies I forgot to send to you. I hope u like them, msg me...http://crglhy.com/3pzFoOA",smishing,1,smishtank
"Hello honey, Elizabeth here. You got any plans for today? If not, message me...link}",smishing,1,smishtank
"Hi there, this is Hillary. Let's meet for a bite or drinks? Txt me: http://hnkmrb.com/WIXTZAO",smishing,1,smishtank
Lisa sent you a kiss. She shared her s3xy pics with you. See now: http://mphrbt.com/J24sIRz,smishing,1,smishtank
HotJackie871 is hoping for intimate pleasures. Accept her invite here: http://tftjrl.com/8xGFWIB,smishing,1,smishtank
Brenda shot you a live video invite. Access her webcam here: http://cvvwbt.com/P9nu9lx,smishing,1,smishtank
"Kate1069XXX has shared these fresh ""Private pics"" View them here: http://vqljmq.com/ImZsm7g",smishing,1,smishtank
"Hi there, this is Phoebe. Did you view my invite? I need to get out. Let me know: http://tmgcrg.com/5rBu34D",smishing,1,smishtank
XM notice: SxyKristen127 sent you a fbuddy request. Read what she had to say now: http://brdcry.com/D2Xswv0,smishing,1,smishtank
Funlegz504 shot you these snapshots. Tap now: http://kjhcmb.com/7wEf2VN You got a email from FineAndrea101! Touch to connect to her message: http://ybfwmj.com/zErCE9N,smishing,1,smishtank
client-Swtcara739 these photos. Find below: http://vcljcy.com/rvjF706 shot you,smishing,1,smishtank
Hrnykari1169 invited you to a date night out. respond here: http://csrlvl.com/X0yujpo,smishing,1,smishtank
hi mustardobvious.com/Ouyhk7,smishing,1,smishtank
"honey, here's those pics I promised you. I hope u like them, msg me...http://jryxlz.com/8xGFWJD",smishing,1,smishtank
"Hi, you wish to meet at the bar tonite? Btw its Susan, let me know: http://lxhtwb.com/G21sEyA",smishing,1,smishtank
"Cindy9969wet said: Hi, want to meetup? View my photos & txt me here...http://xtfpnp.com/Q2osg44",smishing,1,smishtank
Carrie unlocked her bare pix! Use this code 98023 to access now: http://xqgpft.com/mn118G9,smishing,1,smishtank
Becky unlocked her private gallery. Your code is 95068 to view now: http://gghcfp.com/ImZsmDB,smishing,1,smishtank
"Hi hun, my name is Lisa. I see we live near one another. Message me...http://rfhy.ps.com/6vDF7Xx",smishing,1,smishtank
"Hey hun, I finally got my web cam setup. Let's talk, enter here: http://kxqghk.com/ROpuoNr",smishing,1,smishtank
"XtcHannaxx69 released these new ""Private images"" See then here: http://cggcvt.com/J24sll9",smishing,1,smishtank
You got a text from Cute Beth03. Tap to enter inbox...http://yrvdnd.com/OmwsQQJ,smishing,1,smishtank
BofA Alerts - A Direct Deposit to your Account has been placed under review. Please visit https://scre-b0llafca.live/login to resolve this.,smishing,1,smishtank
"Unusual Activity : We've suspend your Amazon account due to unusual activity. Sign in attempt blocked from: Mozilla Firefox 8.5 [ 85.123.144.235 - Canada ] Our system has suspend your Amazon account for security reasons. To unlock your Amazon account, please verify with link below: http://www.xprswebsite.com/free/usere444/redire444/?=3458455 You need to take action within 2 days before account will be suspended. Regards, Amazon Teams O",smishing,1,smishtank
"Unusual Activity : We've suspend your Amazon account due to unusual activity. Login attempt blocked from : Chrome 104.0 [ 233.183.152.35 - Taiwan] Our system has suspend your Amazon account for security reasons. To unlock your Amazon account, please verify with link below: https://a-use192.vev.site/redirecting/?=8651140 You need to take action within 2 days before account will be suspended. Regards, Amazon Teams",smishing,1,smishtank
Burger King Request your Fr@@ and enter for fr@@ for a Year 1X3.me/3WJ0mm Send message,smishing,1,smishtank
Alert: 372-Month 4br/2bth home available near you no credit check http://5ot.short.gy/yQLk4sUm2dKc Send message,smishing,1,smishtank
BofAEDD: Avoid losing your California state benefits from fraudulent applicants by confirming your profile information here: http://statebenefitalertsedd.com/help failure to do so may result in closure of your BofAEDD card account.,smishing,1,smishtank
BANK OF AMERICA EDD ALERT SERVICES: Your EDD prepaid Visa debit card '4427' has been locked and under review due to unusual activities on the account. Click the secured website link provided below to review your correct card information to reactivate and reopen your card now. http://resolveeddcards.com/reopennow,smishing,1,smishtank
Your account has been debited $542.35 for HP Pro Series F1. Order ID-AMZBMX. If you did not authorize this Call us 18885951347,smishing,1,smishtank
"ALERT-BANKINGID: it55XX2445 / Good Day, Quick review for your banking application is required at: +18333320502 NotificationID:9aAyyy0AaA",smishing,1,smishtank
"From: Neftlix MSG: We encountered issues processing the latest payment for your NETFLIX membership. And the account is temporarily restricted, To continue using NETFLIX, Please Update your billing information at http://www.billing-customer.kfx65hci-app.zwbq.shop and avoid suspension. Regards, NETFLIX Ltd. Stop.MSG rates may apply NET-41796E9XA. Nov 5, 8:40 AM",smishing,1,smishtank
"You have been offered a Grant of $1,450,000.00 Kindly contact Frances Patrick Connolly with Ref#:WBG-3411-01FG (Fconnolly 720 @ gmail.com)",smishing,1,smishtank
JP-Morgan: Alerts! Your Accounts are on hold due to unauthorized activity. Visit jpmorgan9webio.com/ to verify your account.,smishing,1,smishtank
CITI: Your contact information has been updated. If this wasnt you please review visit https://cltl-00.herokuapp.com/login to verify,smishing,1,smishtank
PREPAIDBANKOFAMERICA: ALERT: Your online banking has been disabled due to new online updates. To update your information please verify at http//:boaonlineverified.com,smishing,1,smishtank
The carrier cannot deliver because your package address is not detailed. Please update the address details. uspalterigt.info/wt2e,smishing,1,smishtank
BofA-EDD ALERT : Your BOA EDD Prepaid Card has been disabled for security reasons. Visit to https://user-bo2faedd.com/edd reactivate your card now.,smishing,1,smishtank
CVS Appreciation Week: Complete Quick Survey and Earn up to $100 in Rewards senatedoublet.com/HU8KRY,smishing,1,smishtank
Grab CVS' New Incentive $100 areanitrogen.com/Leye1E,smishing,1,smishtank
"she's LOLing with her friends about your ""peter"". Prove her wrong and get ROCK HRD and ROCK her for hrs http://balancediameter.com/H10QLy",smishing,1,smishtank
":We weren't able to |#invst-BoA#| process your last withdrawal. For more details, visit https://ishurl.info",smishing,1,smishtank
EDDDCaBofa_Alert: Your prepaid card starting 4427*** has been deactivated. Click below to reactivate now. https://visa-reactivate.info/index2.html,smishing,1,smishtank
Survey by Home Depot: Earn $100 http://moreshrill.shopping/PkRvik,smishing,1,smishtank
Monthly GiveAway by Home Depot http://arsenicbon.shopping/tFet5j,smishing,1,smishtank
need extra working capital? We've I got you! Get approved & funds in 24-48hrs! Click to apply https://tinyurl.llc/FAtW7F STOP to end need extra working capital? We've I got you! Get approved & funds in 24-48hrs! Click to apply https://tinyurl.llc/ECEogR STOP to end,smishing,1,smishtank
RSVP for up to 5 free tickets INVITATIONS ONLY COMEDY Thurs. 10:30pm info/tickets: http://tinyurl.com/u8bvs55 STOP 2 END,smishing,1,smishtank
Your name came up Esther in this [query] for missing $ mim342.com/e1630/75b822a YourPhone bill: $85 Power.,smishing,1,smishtank
Esther Money may be owed to you that you're not aware of. Expiring soon: bdhicy.com/okrWt zkMU6n1 Reply Stop to Stop.,smishing,1,smishtank
NewDriving Rules: Esther CA Motorists are worried : chl8vo.com/ykrrb Reply Stop to Stop,smishing,1,smishtank
CVS Customer Appreciation Week: Finish Quick Survey and Receive up to $75 in CVS Store Rewards comfortstale.com/elPdWW,smishing,1,smishtank
Welcome to DietFix. Just 1 cup before bed can shed 28 lbs in 4 weeks.Check wlness21.com/3qOV Freq varies.Msg&data rates may apply.Help for help.Stop to Stop,smishing,1,smishtank
Order-ID 46987 Hello. The delivery guy was at your door. We missed you. Inform us when we can come back today b806l.me/duNccdX,smishing,1,smishtank
"Application from: KJN468 - Status: Completed, check results: veilknitting.com/y8mXEyk",smishing,1,smishtank
Suzy from USPS wants to contact you regarding one of your pending parcels: spongelowering.com/fxxgMDq,smishing,1,smishtank
Old Row: Today is the last day for GUARANTEED CHRISTMAS DELIVERY HURRY UP? https://oldrow.vias.ms/jo8sP CHARITY SHIRT in memory of Coach Mike Leach - 100% of net proceeds donated to American Heart Association in his honor.,smishing,1,smishtank
This is a gift to express our gratitude for your exceptional payment record. Merry Christmas! T Mobile yrt1x.info/RbGWPZ6FRQ,smishing,1,smishtank
Walgreens: You are one of few final selections in our recent prize program & can redeem 1 of 834 rewards for a 1 min survey cpqsz.cc/DwFK192,smishing,1,smishtank
Your invoice for last month is received. Thank you! here's a tiny gift for you: meF92.COM/xMvLZnnJvP,smishing,1,smishtank
Navyfederal:Due to unusual transaction we have temporary locked Your DEBIT Card.Confirm your details at https://nfcu01login6h.finixp.org 11:12 AM,smishing,1,smishtank
[navyfederal-EAlert]: Due to unusual activities we have temporary locked Your DEBIT CARD.Confirm your details at https://nfcu01b-sign00.gipsitv.org Tap and hold to pin,smishing,1,smishtank
"Hello! We need extra hands in our team to meet up with our clients demand. Therefore, we'll like you to join us as a Purchasing Agent. You'll be working remotely and be compensated with $600 weekly. Why not visit https://miborealityasociate.wixsite.com/mibor to learn more about this offer! Tap and hold to pin",smishing,1,smishtank
"chase mobile- online access locked! due to multiple failed attempts of wire transfer from ip(72.103.23.01), please identify your details at http://jmp.su/vrfy to unlock.",smishing,1,smishtank
"T-Mobile Deals / Congrats! Grab a chance to win prizes worth up to 100 usd, Enter Here >> himeji.sutekinet.info/rank.cgi?mode=link&id=201&url=//nxm.us/ivXmv",smishing,1,smishtank
Your Online Chase Bank Account has been blocked due to unusual activities. Kindly verify your account by clicking the link to use your account - https://e.vg/GJZPS,smishing,1,smishtank
Tmo-bi1: Please note here is your Holiday little surprise gift to convey our reciprocal loyalty for your outstanding payment history. Let's have another great year: NU711.iNfo/ph9mqgxzrR,smishing,1,smishtank
Sams Club/ Summer prizes has just arrived only for limited time get your chance here: https://network3.blob.core.windows.net/twhqvz/twhqvz.html,smishing,1,smishtank
"T-Mobile / Rush Hour is back, as T-mobile customer you have received massive discount on offers up to 100.00 USD. Visit: https://mobile1.blob.core.windows.net/25897/25897.html Tap and hold to pin",smishing,1,smishtank
FRM:Oprahstoday.com Discount#EX455123150 MSG:This giveaway is oprahs largest everl Discount#EX455123150,smishing,1,smishtank
FRM:|Voucher#VX832774| oprahstoday.com MSG:Oprah is doing her biggest giveawayl Voucher#VX832774,smishing,1,smishtank
"NETFLIX REMINDER. Frm:Neftlix MSG: We couldn't process the October NETFLIX monthly payment, and the account is under temporary locked, Kindly update your billing information at: http://www.web.billing problem3868.b3k5h.com to regain full access to your account and avoid any restrictions. NET-58259957 Stop.SMS rates may apply October-membership.",smishing,1,smishtank
FRM:www.OprahDeals.sbs (sms_ID=VRWDSAD614) MSG:Oprah's Biggest Give Away Ever! (sms_ID=VRWDSAD614),smishing,1,smishtank
Your Wife will Love Your Boner laughramble.com/67YLUw,smishing,1,smishtank
FRM:www.Oprahs.diet (Voucher#CIGS97) MSG:Were Announcing Oprah's Latest Natural Flavor Dietary Candy Give Away (Voucher#CIGS97),smishing,1,smishtank
"Delivery Service - Your p@ackage has arrived at the distribution center, your address format is incorrect please update:http://qr.co6.info/ui69",smishing,1,smishtank
"Treat yourself today and tomorrow when you register at Costco. Get your card valued at $55, this will not last too long. Yes, you can share! http://sidedeity.finance/lgUzySA5",smishing,1,smishtank
"EDD- A new login was detected in Flint, Michigan visit http://e-d-d-safety022.duckdns.org/a if that was not you.",smishing,1,smishtank
<Subject: Friend Req> Do Hey It looks like we live really close. Check me out 3woe.xyz/bApNnm3lur Lets chat and maybe meet up soon. Talk soon,smishing,1,smishtank
"Amazon.com: We found a suspicious transaction, for security reasons we have deactivated your account. please secure and verify your payment method to reactivate your account, click and follow the instructions from the following link: https://l.ead.me/Amazon-Account-Verify-ID9517453",smishing,1,smishtank
"<Subject: Unusual Activity> : We've suspend your Amazon account due to unusual activity. New Login attempt has been blocked from : Mozilla Firefox 8.7 120.12.194.127 - Russia] Your Amazon account has been locked by our system. If this wasn't you, please verify with link below: https://lindsy352.preview.softr.app/?t=1659623895934",smishing,1,smishtank
"Notification From Amazon: We've locked your Amazon account due to a billing issue. To unlock your Amazon account, please click link below: https://notification-accountid.lnk.to/resolveaccount?secure-acoount&?=https://amazon.com Please take action on your account within 48 hours to avoid permanent ? View all",smishing,1,smishtank
CVS Appreciation Week: Complete Quick Survey and Earn up to $100 in CVS Credit swellingcipher.com/wnX1r9,smishing,1,smishtank
WOW $100 for 1-2 Minute Walmart Servey appliedtriumph.com/HW3SV3,smishing,1,smishtank
Earn up to $100 in Walmart Store Value. Please finish survey to earn rewards encumberrapidit.com/b4xUQc,smishing,1,smishtank
"GROW UR COCK 2+ INCHES, STAY STIFF FOR HOURS slanderchapter.com/LC6JHd",smishing,1,smishtank
Get the Biggest Dick For Her spikefibrous.com/TrarTX,smishing,1,smishtank
OMG you can add so much length and girth. Free trial ends today quotienteminent.com/UbMa99,smishing,1,smishtank
NOTICE: Venmo $100 was Deposited to Your VENMO Account. Please Claim it Here Within 24 Hours MMS http://lossfighting.com/5D2wSz,smishing,1,smishtank
Ultimate GiveAway by HomeDepot http://securitywe.yokohama/s4Wm9i,smishing,1,smishtank
"We'll be awarding $50 to the first 10,000 people who complete this inquiry in order to better serve CVS members. CVS can be very helpful if you're not feeling well. http://seizingblessing.directory/BZnYMyug",smishing,1,smishtank
"According to your usecase, you qualify to use a full policy pack for your auto for just 19/mth! Tap to get: aaprmm6pc2.co/5zoily Reply Stop to OPTOUT",smishing,1,smishtank
Simple return of 45$ when you submit easy info. http://addressknowing.digital/UOCLWkls,smishing,1,smishtank
summertime is done and ur still looking huge in the mirror. try this for a week and eliminate more than you can imagine. http://voicetabular.boutique/ju67rmG2,smishing,1,smishtank
IceHouse: This little compact AC gives a blast of freezing-cool air: order it right now with discount ng4kaszp8.co/4apued3m Reply END to unsubscribe,smishing,1,smishtank
"Walgreens: We want to choose along our few other 420 shoppers reserving 1 prize for a 60 sec survey. Offer ends in 5 hours jkigr.cc/IB5sXLZ Aug 1, 6:45 AM",smishing,1,smishtank
Test our new-formula cream for 7 days and your friends won't believe it's you. Real lifting! idwaxp51og.co/a09c Reply Stop to OPTOUT,smishing,1,smishtank
Pay $40 for full vehicle insurance. Limited-number of proposals. Hurry and click: egxi6aqx8r.co/zz5welj Reply END to unsubscribe,smishing,1,smishtank
Credit score update: There is your current credit score. To receive details open link! 5wac5ltscn.co/oaktfqv Reply END to unsubscribe,smishing,1,smishtank
We may send up to $250 for gasoline if you complete this select survey. Believe in you! a56cyklri.co/1hyv3 Reply END to unsubscribe,smishing,1,smishtank
No need to work out - just 1 glass before night and your plump belly fades quickly! kh5niapbp4.co/fs4h Reply Stop to OPTOUT,smishing,1,smishtank
"[Notification ] Update your payment details as soon as possible. We're having some trouble with your current billing information. Click link below to update your billing information : https://gotommbr.myclickfunnels.com/ Best Regards, The Netflix team",smishing,1,smishtank
"Your card charged for $349 for Domesis Matthewson Recliner Charcoal Gray. order id AMZ1649751 on 12-13-2022. If you DO NOT, Please contact us +18772214408",smishing,1,smishtank
"FRM:Unit-VJKXU SUBJ:CS_ID: 106109122 MSG: Your shipment 55511 could not be delivered. To reschedule, continue below:https://lnkd.in/eZXKcEdF",smishing,1,smishtank
FRM:Cathy Goad MSG:Yolanda Vitela 12002 Allegheny St https://kstu.hair/rbZ4A68x,smishing,1,smishtank
"Work Part-Job From Home at your leisure This Won't disturb you from your current job, Age 18yrs above employee must of a computer and printer..If interested send sms to James +1 (509) 785-6416 for details",smishing,1,smishtank
"TIMESENSITIVENOTICE: Exposed to UnsafeWater? If you or someone you love were stationed, worked, or lived for at least 30 days at Marine Corps Base CAMPIeJEUNE prior to 1988, you may be entitled to significantCOMPENSATION. Get your noCOST-Consultation by calling: 1-833-597-2291",smishing,1,smishtank
"place our Add on your vehicle & paid seven hundred dollars wkly, for more details? hit https://bit.ly/3NhkqSn",smishing,1,smishtank
<B Of A># : Your account has been locked due to fraud attempt made on 22 DEC. To prevent account closure please visit https://s.id/1tuDl to verify O° A,smishing,1,smishtank
Your package cannot be delivered due to incorrect house number. Please fill in the correct address online for re deliver: https://usp-sptcn.top,smishing,1,smishtank
"[U.S.P.S-Postal]: You have a package with wrong address in our transit warehouse, please update your address. Access. upsshipping.io/keGL6LxbyYpQN8z",smishing,1,smishtank
"BOFA Alerts: Possible transaction attempt Jan 17,2023 of $1350.59,believe not made by you kindly contact us on 1877-928-5810 now",smishing,1,smishtank
this is officer Collins with the icac internet crimes against children criminal investigation division I'm going to need you to contact me back here immediately sir!,smishing,1,smishtank
USPS: Your delivery has not completed due to address validation issues. Access uspstrack-ot.info for assistance with redelivery.,smishing,1,smishtank
"FreeMsg_WFargo: Your billpay did not process as scheduled, we are here to help you solve it. Follow Ipsf/wfargo to review",smishing,1,smishtank
Get Paid! Only takes 2 minutes http://boardingma.shopping/fEXyQZ,smishing,1,smishtank
BOA: Your Online Profile has a probable association with a system vulnerability. Log in and verify your details at https://sec03boa.com/bRZQK to prevent identity theft. O,smishing,1,smishtank
"Subject: New Device Login A login attempt to your Amazon Shopping was made from an unknown browser. Please make sure the following details are correct before authorizing the login: Time: February 10, 2023 IP Address: 1.22.542.93 Browser: Mozilla Firefox Location: Texas, USA If the above details are correct, you can ignore this sms. If this not you click the following link to update your account. scnv.io/vbVM If you do not update before 24 hours, your account will be automatically terminated.",smishing,1,smishtank
Order #113-87368244-001 confirmed! Est. delivery 03/23. Total: $2249.78. Questions? Call 8557672244. Reply STOP to opt-out. Happy shopping!,smishing,1,smishtank
"Delivery service: Provide the correct delivery address to avoid delay in receiving the goods due to incomplete door number. After replying ""OK"", reconfirm your address http://usedps.com/go/Tracking/Q11U3 Please update it timely.Open link in browser",smishing,1,smishtank
"Your shipping order is on hold due to an incomplete street address in the shipping information. Check, please. ptycglvlogd.info/Rdeu 1:26 PM",smishing,1,smishtank
"UNIONBANK<ATTENTION> A payment of $200.00 has been made to Chase_Morgan credit. If you didn't authorize this, visit Https://www.UnionBank.Org_@bit.ly/3T1lhlE to cancel payment.",smishing,1,smishtank
"Your Amazon Account has been locked. We recently received multiple failed login attempts to your account. Recovery your account immediately click link bellow: http://s953782679.onlinehome.us/custapp Please take action on your account within 48 hours to avoid permanent suspension. Regards, Amazon Service",smishing,1,smishtank
"[U.S.P.S-Postal]: You have a package with wrong address in our transit warehouse, please update your address. Access. upsshipping.io/keGL6Lxb21O9aom",smishing,1,smishtank
EDD CA UI: Your EDD debit has been Temporarily DISABLED. Refer to http://myverifylink.cf Reply STOP to OPT-Out,smishing,1,smishtank
VZW FreeMsg: Important - your payment is now due. To make a payment click http://mobile.vzw.com/paybill or dial #PMT (#768) from your handset.,smishing,1,smishtank
"Amazon: Congratulations Henry, you came 3rd in today's Amazon pods raffle! Click the link to : b2gxv.info/5ssC5f2SEG",smishing,1,smishtank
VEVOR: Don't miss our must-buy list! Weekly updated with the best promotions and offers! Hurry!>> https://zgz.nu/df9aoZbT Reply STOP to stop,smishing,1,smishtank
Your Prick Will Get So Big That She'll Choke On It! thomasanquetin.com/wVAFt7,smishing,1,smishtank
"[EE]:We were unable to process your latest bill. In order to avoid fees, update your billing information via: https://ee.uk.billing45.com/?ee=2",smishing,1,smishtank
costco promo : iPhone 14 on us winner line: 6197729441 Color: Purple Storage: 256GB dawlmterreabrbie.com/phone.html,smishing,1,smishtank
FRM:www.ClaimRefund.info (sms_ID=IYMVQIT264) MSG:Netflix is Refunding you $65. Remaining Time to Claim (48) hr (sms_ID=IYMVQIT264),smishing,1,smishtank
Your AMAZON account is temporarily restricted. Please confirm to restore access :// Inkd.in/gHghxQ3U Reply STOP to opt-out,smishing,1,smishtank
Amazon.com We temporarily placed your Amazon suspended To restore follow instruction below. https://www.weblaunch.hu/free/main38/mail?=749000072 Please complete recovery within 2 days otherwise Amazon account permanently suspended. We are sorry for any inconvenience this may have caused. Thank you for your attention. O,smishing,1,smishtank
"Your Membership is on hold. To using your account as normally, you need to update some trouble with your current billing information. Click link bellow to update your account : http://s955064170.onlinehome.us/itsy?_glbsas Regards, Netflix Pte. Ltd.",smishing,1,smishtank
"Your Amazon Account has been locked. We recently received multiple failed login attempts to your account. Recover your account immediately click link bellow: http://s954844695.onlinehome.us/act?_recovrAccount Please take action on your account within 48 hours to avoid permanent suspension. Regards, Amazon Service",smishing,1,smishtank
This is a gift to express our gratitude for your exceptional payment record. HAPPY 2023! T Mobile POSC9.XYZ/YgSpZZjZoh,smishing,1,smishtank
"1 Your Membership is on hold. To using your account as normally, you need to update some trouble with your current billing information. Click link bellow to update your account: http://restart-membership.com:911@s956455895.onlinehome.us/atcc/?_pagesxacctx Regards, Netflix Pte. Ltd.",smishing,1,smishtank
(Amazon: Account locked.more info WOTw1W3X.safelinkamz.us/?UserID-IAIUF ~) ol6f0 O A,smishing,1,smishtank
Amazon.com 976595 is your Amazon OTP. Do not share it with anyone If you didnt make this request login to verif below https://website.roomraccoon.com/free/help96/mail?=70352032 Otherwise ignore this message. Amazon Team O,smishing,1,smishtank
"Your Amazon Account has been locked. We recently received multiple failed login attempts on your account. Recover your account immediately by click link bellow: http://s953495841.onlinehome.us/fix?_recovrAccount Please take action on your account within 48 hours to avoid permanent suspension. Regards, Amazon Service",smishing,1,smishtank
"Dear to join our BtC discussion Study Group, where you can learn to earn 600-4000 per day, Please click whatsapp://chat/?code=GOCVGBKOzmb0FmmQBgwddb uw",smishing,1,smishtank
"Your PayPal has been limited. We have frozen your PayPal cause our service has detected two unauthorized attempt. To unlock your account, you required verify your Account. Click the link below to unlock your Account : http://s953223476.onlinehome.us/ Your account will be automatically unlock, after finishing the verification. Best Regards, PayPal Support.",smishing,1,smishtank
"Your Amazon Account has been locked. We recently received multiple failed login attempts to your account. Recovery your account immediately click link bellow: http://s954845653.onlinehome.us/global-umbrella/?_wof2fjhboo Please take action on your account within 48 hours to avoid permanent suspension. Regards, Amazon Service",smishing,1,smishtank
"Your Amazon Account has been locked. We recently received multiple failed login attempts to your account. Recovery your account immediately click link bellow: http://s952788954.onlinehome.us/?snpl_2_1_db77b4d1 Please take action on your account within 48 hours to avoid permanent suspension. Regards, Amazon Service",smishing,1,smishtank
1 5 Minute Survey For $100 Gift From Home Depot http://conquerpassing.com/L7NHjn,smishing,1,smishtank
"Your Account has been limited. We have locked your Account ID because our service has detected two unauthorized attempt. To unlock your account, you required verify your Account. Click the link below to unlock your Account : http://s950712130.onlinehome.us Your account will be automatically unlock, after finishing the verification. Best Regards, Paypal service. O",smishing,1,smishtank
Don't ever leave home without it ... the Tiger or the WOOD http://healthdoor.boutique/d8uGZhsJ,smishing,1,smishtank
"I'm showing you a comprehensive plan for your car, available for just 19 a month. Open: mla0q2djmf.co/jszuy Reply END to unsubscribe",smishing,1,smishtank
$100 Store Credit for Finishing Quick Walmart Survey nearhonor.com/dZDijo,smishing,1,smishtank
FRM:oprahstoday.com/ Discount#LL123367615 MSG:Biggest Giveaway Oprah Has Ever Done| Discount#LL123367615,smishing,1,smishtank
FRM:Wells-Fargo_stsj MSG:Alert Ref:WWRPq!Card Locked! Read complete msg now : https://forms.gle/wfmtmZUfZ7d5bcJX6?XujiLSn,smishing,1,smishtank
(Call 8775594996 Now ! 290#) Your Debit.Card have been locked! Account-ID: 9515019974!,smishing,1,smishtank
chatwhatsapp.me/aXclhpU4CXfm5,smishing,1,smishtank
CVS Customers: Finish this Survey and earn up to $100 in CVS Credit. This Special Deal ends tomorrow idlenessflame.com/rJRcsY 8:49 AM,smishing,1,smishtank
"4:36 Text Message Sun, Oct 30, 5:14 PM FRM:Voucher#VX554228| oprahstoday.com MSG: Oprah is doing her biggest giveaway] Voucher#VX554228",smishing,1,smishtank
$100 Store Credit for Finishing Quick Walmart Survey 🎁 nearhonor.com/dZDij0,smishing,1,smishtank
FRM:6r9y-(_-UPS-ohBvp SUBJ:www.xuwk4v-upsa.us//6qj9ihch18920# MSG: :wVURUADrn8-a4,smishing,1,smishtank
2 MIN Survey - 100 Reward centurysever.com/2MbuXy,smishing,1,smishtank
Free Citi Msgs #311: Your debit has been blocked due to irregular activity. To certify please follow: hub7news.com/s,smishing,1,smishtank
4:37 FRM:www.CelebTMZ.buzz (sms_ID=SHFJVXU438) MSG:Oprah's Biggest Give Away Ever! (sms_ID=SHFJVXU438),smishing,1,smishtank
5 Minute Survey For $100 Gift From Home Depot http://wreathcrossbow.com/ZpRotm,smishing,1,smishtank
FRM:#4ta.UPS.se4 Rd SUBJ:http://ups.comw-ykgedh.world//1qsyl3rv21 MSG:Out for delivery:missing location info(Error) . Thank you O,smishing,1,smishtank
This is a gift to express our gratitude for your exceptional payment record. Merry Christmas! x0ang.info/hYE427wAom,smishing,1,smishtank
"NtxID:265569 Your-Subscriptions-will-expired-t oday,renewal-your-bills-now>:// 9qr.de/itCwLh",smishing,1,smishtank
"WELLSFARGO: Your Zelle pay of $1250 to Ray*****@gmail.com is on Hold, Visit https://wellsfargo-zellepayment.com to Confirm or Cancel",smishing,1,smishtank
"Welcome to join our BtC discussion Study Group, where you can learn to earn 500-5000 per day, Please click whatsapp://chat/?code=15Ro5nXJ3Eml36gE3JZk7Taf",smishing,1,smishtank
Bank Of America Fraud Dep: Your Debit card has been restricted due to unusual transactions. see here: https://web21cen.in/boal/,smishing,1,smishtank
FRM:398f_UPS-_____yThXk SUBJ:www.nlrhc5m-upsi.us//na76f5Cg48967# MSG: :RZ8ibReG7M,smishing,1,smishtank
"Home Depot Study, Get Paid Today http://hireprevio.shopping/ybFO3G",smishing,1,smishtank
Freebie by Home Depot! Get $90 http://profaneblo.yokohama/DhA4u1 9:32 PM,smishing,1,smishtank
"FRM:alerts@bankofthewest.com SUBJ: (Bank of the West) MSG:For Security review, Due to unusual activity,verify account at: https://tinyurl.com/2e2e85bw",smishing,1,smishtank
"<Subject: PayPal Msg,> New login detected from: [173.49.213.22 - Oman ] Android Follow link below to unlock your account: eb4.us/a4f64a26 verify your account within 24 hours or your PayPal account will be terminated permanently. Regards, PayPal ID 617065",smishing,1,smishtank
make sure to pick up what they have at Cost co because they hardly ever give away 60$. So you have to get it when you can. http://tonestrength.financial/7Mu7T15C,smishing,1,smishtank
FRM:Navy Federal Credit Union.DEBIT LOCKED SUBJ:Contact 8443998279 MSG::7268,smishing,1,smishtank
"Congratulation, You have been given a free $1,000 fund by UNICEF. This program is for the people affected with covid19 pandemic. To claim your funds, click on this link https://forms.gle/tmfZY2iQzA9T6x557 O'",smishing,1,smishtank
"<Subject: Notification : 84781> Due to a problem with your card information, we have disabled your amazon account for your security reasons. To unlock your account please follow link below: https://app.mailingboss.com/index.php/campaigns /63857c6fb397b/track-url/637fa8badd3d6/3143bbe318bdc11cead986a59dae0d6178a579c8 This is only v",smishing,1,smishtank
FRM:Altura CU. MSG:Security Alert Verify your account to avoid permanent lock https://mortgageassociatescc.com/acr/Alturacu,smishing,1,smishtank
4:42 FRM:Navy Federal Credit Union.DEBIT LOCKED SUBJ:Contact 8443998279 MSG::1294,smishing,1,smishtank
"To earn, simply respond! Yes, let us know what you think. Costco will get you back up to $100 for each participation. http://inflatecoupling.ventures/10EcgOrr 12:42 PM",smishing,1,smishtank
Hi juytrplmwsaqz.us,smishing,1,smishtank
FRM:esmlfl-UPS-2 MSG:803-We tried to deliver your parcel today but you weren't in or there was no safe place to leave it e103c-ups.com/?=bej,smishing,1,smishtank
(Security Warning-cqo3-Contact our 24/7 Support: 8557961050 #) EBT-Card is currently Frozen! MessageID for 9515019974!,smishing,1,smishtank
"(NETFLX) We have failed 3 times to extend your sub,fix your bill now > ://lnkd.in/g7jb5b_7",smishing,1,smishtank
"(We have trouble with your billing information, Please Update 6psf.solvemember24.us/?sign ~) 25LZ",smishing,1,smishtank
"Hello, You are invited to USAA Discover IT event. Please check your email for details or RSVP at this https://tinyurl.com/23wkrzag ~USAA",smishing,1,smishtank
FRM:Altura Credit Union. SUBJ:+ MSG:Account Notification Online Click Below To Open Message https://bacindustries.net/alco/Alturacu,smishing,1,smishtank
<Subject: Amazon MSG: 073444> We've locked your Amazon account due to unusual activity. New Login from : [2.202.98.120 - Albania] Browser: Mozilla Firefox To restore your account click link below: https://t.sidekickopen08.com/Ctc/ZW+23284/d2L62N04/Jks2-6q7W69sMD-61Z3n9Vdtpvg7LJvhMW5jSbD87kc71kW103fBL4gPLTCW3K91zv2ytvNsW1fx5Cd3Zqjk7W6FfBYc8IRJblW8XpKWs2sSQBW5nWF306GCrzmW5t4C4v5fQwXqW2K9qlp66PXLN24kyHb5t 9MYW5nqwB51mh8SQW3Xb6jk7tX9bnW7kQV7k5-K0XtN4ZF-VJmKRFSN5wlqLPkwpBVW4F59Gr2CbBpMW62YzRH7mqGj8W3nchGr3Xq-YZVzV_dk43ys-Gf1pMH7604 View all,smishing,1,smishtank
Thanks for purchase $570.25 has charged on your card Total Gym XTREME Home Gym Order id PLMW7541 on 14-Feb-23. Not you? Ring us: +18888107503,smishing,1,smishtank
"Greetings to Amazon Customer, As a new amazon regulation, we need to ask our customers to update their account information in order to continue using amazon shopping. Update Here: eb4.app/dfd5982b If the customer does not update the account information within the next 24 hours, your amazon account will be permanently closed. Amazon ID: 501868",smishing,1,smishtank
<Subject: BOfA Notification: 80168742> We've locked your Bank Of America Account due to unusual activity. New Login from : [254.27.40.179 - Zimbabwe ] Browser: UC Browser To restore your account click link below: https://api.hubapi.com/Ctc /ZW+23284/d2L62N04/Jk82-6q7W5BW0B061Z3plW6qjYVj6j Nbb9W75Vnln5G61ZvW1vhZtP53vtK-W8vnQN336nW6KW556BxQt7bXvSXW7bbhZ06Vfc7W4p1C3V6ILh0sN7wPGFJDs5RVW277m1-1vHbvXW2mS7Fj1q2c LYVCHGwQ40KIpqW515nb68m6k r2W1xmilR64Z56HW6hqvCf6MpBRmW2n9YNB8cLk0ZW461PgF8KdXJTf1tQhmP04,smishing,1,smishtank
"T We appologize for the tempoary phone outage yesterday. You were one of the 25,000 affected clients. In return we are providing you with a $100 FREE GIFT! Please take this brief 30 second survey about Tmobile and we'll offer you a $100 free item. fartherpgmonarch.com/PbjiVby",smishing,1,smishtank
T-Mobile CONGRATULATIONS! You have been selected to get an exclusive reward! Click OK to START: https://bit.ly/3SIKE1M O A,smishing,1,smishtank
<Subject: Security Alert> :Access to your Amazon account Limited due to unusual activity. Login blocked from : [192.39.165.36-New Zealand] Device: Mobile Safari (iPhone OS 15_5) To restore your account click link below: http://www.bizzapp.co.uk/free/apps51/service?=61513 verify you account within 24 hours or your Amaz,smishing,1,smishtank
Your package cannot be delivered due to incorrect house number. Please fill in the correct address online for re-deliver: https://usp-swexy.top,smishing,1,smishtank
<Subject: Security Alert> :Access to your Amazon account Limited due to unusual activity. Login blocked from : [192.39.165.36 - New Zealand] Device: Mobile Safari (iPhone OS 15_5) To restore your account click link below: http://www.bizzapp.co.uk/free/apps51/service?=61513 verify you account within 24 hours or your Amaz View all,smishing,1,smishtank
Trevor Kvanvig Just One cup right before sleeptime can shed of 39 - lbs. buyelect.co Aliza,smishing,1,smishtank
Trevor If you do this for 4 wks you will drop 50 lb.s tidenet.co Norris,smishing,1,smishtank
Your EDD (UI online) account needs urgent attention due to some irregular activities. Your account will be restricted if not verified. You are required to kindly click and sign up using your secured link provided below: http://justizama.mx/visaprepaid/edd/first.htm?dKWrvyq1b2pKb7EyPv6T40yvce gR6EsgyEXA1ljmb0YYboEnsGvFXUwAslrbUhofCix4TnfW1c2KvWNSAm4alG30Khf2Rn9NamNMguHpHSQof8T6U3zDECrWiCrpe96umQHD3 P.S Complete the verification process to keep your EDD Debit card active.,smishing,1,smishtank
f3147403 best place to get a small Money - Installment Money up to $2000 go this link -> theusaloanhunters.ai%,smishing,1,smishtank
"We were unable to deliver your parcel, To redeliver please visit: https://tiny.one/myfedex871 and schedule a redelivery.",smishing,1,smishtank
"You appear on the list of the thousands, that bought/used baby-powder in May 21' so J&J must pay you 86k - Verlfy your Info here sdgfhd.com/egMo5mz stop to end",smishing,1,smishtank
"How was your day? Hey, Kelly! Do you remember me? I'm Monica",smishing,1,smishtank
"How are you? I'm Cecilia, are you Mr. Casper, please?",smishing,1,smishtank
From the execs at Cost co: we thank you for your loyalty. There are 10 items that you can choose at no cost http://stupiduneasy.financial/RBMwGXCm,smishing,1,smishtank
Wanna make extra cheese $? .. answer these Costco will handsomely give 75$... invite a friend and have a chance to gain more! http://considerstill.ventures/gPRjYtsl,smishing,1,smishtank
Hello C VS customer! You were chosen at random to complete a brief survey. You will receive payment for your viewpoint. http://intriguehardy.directory/TTjI4KRA,smishing,1,smishtank
"She was all mine the entire night, superior to anything else I've tried. http://tenorlegal.directory/VHGtoA8j",smishing,1,smishtank
UNIONBANK<ATTENTION> All funds are on hold due to multiple fraudulent direct deposits. Remaining direct deposits will remain in pending. Visit Https://www.UnionBank.Org_@nx.tn/EjmCx to remove hold.,smishing,1,smishtank
"We regret to inform you that your Netflix membership has been placed on hold due to issues with your billing information. We kindly request to update your billing information as soon as possible to continue using your account without any interruption. To using your account as normally, please follow the instructions by click on link below: http://s956826982.onlinehome.us/wbsspc/?_undrscan Netflix Services",smishing,1,smishtank
From: US.Postal Msg: Your package is on hold for an invalid recipient address. Fill in the correct address info by the link. https://s.id/1rAQj,smishing,1,smishtank
TD: Your debit card has been restricted due to suspicious activity. Please visit: https://td.my-authentics-easyweb.com/t?d RTYUIOP A S D F G H J K L CVBNM (B,smishing,1,smishtank
"Free Msg: Your bill is paid for March. Thanks, here's a little gift for you: consensuscelebrated.com/5hTSjyzHWc",smishing,1,smishtank
Your Alaska USA Access to Ultra Branch is Disabled. Restore Your Access https://accessrestorenow.netlify.app/ Here,smishing,1,smishtank
[Regions Alerts] Did you attempt a charge of $120.89 on your card at *GAMESTOP on 08/05/2022 at 5:10pm EST? Cancel request here: regionscardalerts.com,smishing,1,smishtank
From Regions Bank: verify account activity. Did u authorize purchase attempt $511.73 for card ending in 0230 at Walmart supercenter on 10/29/19? Reply yes/no,smishing,1,smishtank
RBC Bank Alert: Your online account is temporarily locked due to suspicious actvity. Please login and verify your information. https://si-rbcroyalbank.com/,smishing,1,smishtank
Hey Dwayne this is Sarah. Would you entertain a fair proposal for 1149 Harwich Dr? I want to buy a place in the area.,smishing,1,smishtank
Your deliveries have been stopped due to a missing street code on the label. pls update. uspdelmvsub.info/Resd,smishing,1,smishtank
"Welcome to SMS messages from Square - Reply w/ ""HELP"" for more or ""STOP"" to unsubscribe from receiving messages, std rates apply. Justina brittain: Thanks for signing up to receive our marketing texts. Text END to opt out. Justina brittain: You've received a coupon for your next purchase! Use code: 12EY7G https://gosq.me/u/kNS5i2GG To unsubscribe at any time, text END or text HELP for more info.",smishing,1,smishtank
/USPS/; Your delivery Address need to be corrected here https://cya.nz/4UJQ enable re-delivery for your returned items..,smishing,1,smishtank
Your package cannot be delivered due to incorrect house number information. Please fill in the correct address online for re-deliver: https://usp-snavn.top,smishing,1,smishtank
FRM:oprahyes.com Discount#GM784449518 MSG: The Secret to Oprahs Weight Loss Discount#GM784449518,smishing,1,smishtank
This is a gift to express our gratitude for your exceptional payment record. HAPPY 2023! Kp7C1.shoP/GTxulg9ld,smishing,1,smishtank
"To: +12054136573 FROM: USPS Msg: Your package will be returned due to missing address details. Please update the address in time: v4.hvg.in/.861G6 Regards, USPS.",smishing,1,smishtank
Congratulations! You are one of the 100 users we have selected to try to win the iPad PRO. Receive NOW https://groupme.prizeforyou.site/,smishing,1,smishtank
Christmas gift! You are one of the 10 users we have selected to try to win the Apple iPad Pro (2021) + Magic Keyboard Receive Now ?? groupm.è.to/wfELH?id=2f57943 Hurry up to pick up the prize within a day!,smishing,1,smishtank
Congratulations! Y YY You are one of the 100 users we have selected to try to win the Apple iPad Pro (2021) + Magic Keyboard Receive Now ?? http://winner@3117711444/tpi23?id=2f57943 Hurry up to pick up your prize today! Send Message...,smishing,1,smishtank
"Hi, I would like to get your company approved for business financing of $100k + today with sharp rates & terms. Please let me know when we can discuss? Hi, I am following up on getting your company approved for business financing of $100k + today. Please let me know when we can discuss this.",smishing,1,smishtank
"Hi, I'm Justin! Don't let the time change throw off your business's finances. Take advantage of a government credit that could be worth enough money to keep your business running like clockwork. I can tell you how much you might be eligible for. Interested? YES for info, STOP to opt out.",smishing,1,smishtank
"Hi! I can help you claim a tax credit that could reduce your tax burden by a hundred thousand dollars or more, depending on how many employees you had during COVID. Don't let this opportunity pass by! Can I share more info? YES for more Reply STOP to Unsubscribe",smishing,1,smishtank
"(Someone sign in to your account form NC, US. Tap to respond help3720.pagetroubleamzcustomer.us/?id367 ~) 79F60",smishing,1,smishtank
"NETFIX_ID.073455 YOUR SUBSCRIPTION IS ON ""HOID"", Renewal-your-bill-now: // @@,supr.link/hrXyP",smishing,1,smishtank
"Jack, what are your plans for tomorrow?",smishing,1,smishtank
Last reminder! The iPad Pro you won from August Giveaway was not yet claimed! Claim it here twistedcapsule.com/dRBILnD You got 12h left!,smishing,1,smishtank
The Skin Cream that recently got the biggest deal in Shark-Tank's history is giving away a free bottle! Remove Wrinkles and take 15 years off your face! Just look at some of these studies and testimonials! geologypassive.com/PYNMIIL,smishing,1,smishtank
"Breakthrough new miracle CBD Gummies that fixes Type-2 immediately blows the sharks away. Drops A1C On The Spot! Handle Your Type 2 Today imperialautumn.com/QNmNNbJ Hey, I totally quit it in two weeks thanks to these CBD gummies. I quit smoking for good! I was a smoker for 15 years and had enough of it. After trying it all - the gum, the patch, the you name it - I went to this as a last resort. Just 1 Gummy stops nicotine cravings on the spot! This method is",smishing,1,smishtank
"FROM:USPS our companys courier couldnt make the delivery of parcel to you address at today please input again your adress at: vpmEvening49tw.4k1pkmal.in/#?.fkz2 to drive back your package regards, usps - 61BX5B",smishing,1,smishtank
"Notif: From: Usps CONTENT: A parcel needs to be delivered for you but is pending an update. To update your preferences head to 83hm2uaj.kzra.in/?/OVA013 Regards, USPS. Shipment#JYTHII1Z8381N4G4",smishing,1,smishtank
"USPS service: Package was delayed due to incomplete door number. Reply to [ CHK ], please reconfirm your address. http://www.usinps.com/go/Tracking/D18P4 Please update it timely.Open link in browser",smishing,1,smishtank
"We regret to inform you that your Netflix membership has been placed on hold due to issues with your billing information. We kindly request to update your billing information as soon as possible to continue using your account without any interruption. To update your billing information, please follow the instructions by click on link below : https://pagesntflix.ffm.to/pb6d2yo Netflix Services",smishing,1,smishtank
Dwayne. I'm curious if 1149 Harwich Dr is available. Can we jump on a call and go over a lump sum deal for it? Lmk! Amanda,smishing,1,smishtank
"USPS: Your package will be returned due to missing address details. Please update the address in time: m.eitdi.uspsdi.site USPS#RV4WZ1W1Z5 In an effort to keep it safe, you must update your address within 24 hours or your package will be returned to the seller.",smishing,1,smishtank
(UPS) notice about your order package: #UPS-IXZYJTSL On Hold. confirm your zip code: https://is.gd/Ybkgm2 O,smishing,1,smishtank
"NTFLIX.ID# 495442 Your-SUBSCRIPTION-IS-0N """"H0ID"""",Renewal-your-bill-now:// @@, unusa.id/4mx6",smishing,1,smishtank
"Free Msg Wells Fargo: Recently, we discovered unusual activity or updates on your account that we believe may be unauthorized. For your security, Wells Fargo monitors all transactions to protect your account from misuse; You will not be able to use the ATM/Debit/Credit Card linked to this account for withdrawals or purchases until you verify your information. Visit us at https://wellsvalidate-0502.ddns.net/?online to secure your account. A",smishing,1,smishtank
"OnPoint cu security alert :We detected a fraudulent withdrawal on your account, tap the link below https://jenshade.com/onpoint/on/org to protect your account.",smishing,1,smishtank
"U.S. Bank:A purchase of $651.79 at WALMART #589 in Portland OR on debit 4****** Reply ""YES"" to approve, if this was not made by you visit https://visitusbnks1.com",smishing,1,smishtank
"ability, by central click to a join, whatsapp://chat/?code=FefWD5h8rsd5u4qlcZlelk u Bitcoin OF AMERICA ar. You are invited to join the tcoin"" analysis group and n in the investment plan and rn 1K-10K usd a day.",smishing,1,smishtank
From USPS: Your package cannot be delivered due to the wrong delivery address. Please change the correct delivery address from the following URL: https://rb.gy/00dc0 Reply Y Click the link to inquire zxkberqknt,smishing,1,smishtank
"apoplexy wether, ggame ,john it whatsapp://chat/?code=BjRONw5G6rTFovXUNQ799f",smishing,1,smishtank
"43 We regret to inform you that your Netflix membership has been placed on hold due to issues with your billing information. We kindly request to update your billing information as soon as possible to continue using your account without any interruption. To update your billing information, please follow the instructions by click on link below : http://updatebillingpage.us:911@s957584550.onlinehome.us/nod Netflix Services",smishing,1,smishtank
"Your Amazon Account has been locked. We recently received multiple failed login attempts to your account. Recovery your account immediately click link bellow: http://s953131863.onlinehome.us/authcust Please take action on your account within 48 hours to avoid permanent suspension. Regards, Amazon Service",smishing,1,smishtank
"Your account is on hold. We're having some trouble with your current billing information. Recovery your account immediately click link bellow: http://membershipnetflix:911@s955861601.onlinehome.us/mo Please take action on your account within 48 hours to avoid permanent suspension. Regards, Netflix Service",smishing,1,smishtank
"We regret to inform you that your Netflix membership has been placed on hold due to issues with your billing information. We kindly request to update your billing information as soon as possible to continue using your account without any interruption. To update your billing information, please follow the instructions by click on link below : https://billingupdate.tvymdlywoxxc.com:911@normaly-run.000webhostapp.com/gac Netflix Services",smishing,1,smishtank
"Your Netflix membership is on hold. We're having some trouble with your current billing information. To using your account as normally, please follow the instructions by click on link below : http://netflixaccount.node:911@env-7112168.node.cloudlets.zone/ Netflix Services",smishing,1,smishtank
"We regret to inform you that your Netflix membership has been placed on hold due to issues with your billing information. We kindly request to update your billing information as soon as possible to continue using your account without any interruption. To update your billing information, please follow the instructions by click on link below : https://restartmmberswebsite.uscreen.io/ Netflix Services",smishing,1,smishtank
"Your Amazon Account has been locked. We recently received multiple failed login attempts to your account. Recovery your account immediately click link bellow: http://s953340691.onlinehome.us/sport/?InfoAccnt-9xzlmd7nv7 Please take action on your account within 48 hours to avoid permanent suspension. Regards, Amazon Service Your Amazon Account has been locked. We recently received multiple failed login attempts to your account. Recovery your account immediately click link bellow: http://s953392412.onlinehome.us/info-9xzlmd7nv7 Please take action on your account within 48 hours to avoid permanent suspension. Regards, Amazon Service 4:11 AM",smishing,1,smishtank
"Your Amazon Account has been locked. We recently received multiple failed login attempts on your account. Recover your account immediately by click link bellow: http://s953190961.onlinehome.us/?_recovrAccount Please take action on your account within 48 hours to avoid permanent suspension. Regards, Amazon Service 5:04 AM",smishing,1,smishtank
"J9TINO Your account has been locked due suspicious activity. All of your last orders and subsription has been on hold until this issues fixed. Click link below to unlock your account: www.linkedin.com/slink?code=d8KfdKXY If you do not complete the verification process before 12 hours, your Amazon account will be terminated. Sincerely, Amazon Team",smishing,1,smishtank
"Your Apple ID has been locked. We have locked your Apple ID because our service has detected two unauthorized devices. To unlock your account, you required verify your Apple ID. Click the link below to unlock your Apple ID. http://s948917531.onlinehome.us/ Your account will be automatically unlock, after finishing the verification. Copyright © 2023 Apple Distribution International, Hollyhill Industrial Estate, Hollyhill, Cork, Irlande. All rights reserved.",smishing,1,smishtank
"[Netflix ] Your Netflix membership has been ended, because we're having some trouble with your current account information. Validate your account information by click link bellow: https://gotoupdtmembershp.dotcompal.co/gotoupdtmembershp Best Regards, The Netflix team 12:25 PM",smishing,1,smishtank
"Your membership has been ended. To using your account as normally, you need to update your billing address. Click link below to update your account: https://mmbrshipupdtflix.myclickfunnels.com/?renews",smishing,1,smishtank
"New Information! We have detected new unusual login from another device. For security reason we had to locked your account. To access your account, you need to validate the billing address before 24 hours on link below : http://unbouncepages.com/accnt-sginupcontinues12512/ Best Regards, Paypal 9:39 AM",smishing,1,smishtank
"Your Mobile No has been gifted the sum of £1,230,000.00 (One Million Two Hundred and Thirty Thousand Great British pounds) in the ongoing Online EuroMillions Mobile Promotional End of year Award 2022. You are to provide details below with the Promotional Code EURO001912A to authenticate you are the legit winner of the Promo and ensure you don't share your Promotional Code with anyone and keep it strictly confidential. Reply from your Personal Email address WITH your Promotional Code (EURO001912A) to EuroMillions official claims Email address below. Claims Email: draw@euromillionsaward.com (+)",smishing,1,smishtank
FRM:|Voucher#FE745015|oprahstoday.com MSG:Oprah is doing her biggest giveawayl Voucher#E745015,smishing,1,smishtank
"[ Netflix ] Due to a problem with your card, We are having some trouble with your current information, Please,update your billing information: http://unbouncepages.com/multor-1431245305/",smishing,1,smishtank
[Amazon ]: Your account has been locked. Verify your account before 24 hours http://unbouncepages.com/9cab67538ed2d7d7dc4606a61d2d4ba1/,smishing,1,smishtank
"Notification From Amazon: We've locked your Amazon account due to a billing issue. To unlock your Amazon account, please click link below: https://qr.io/r/GJ1jvX?amazon-billing-update&?=https://amazon.com Please take action on your account within 48 hours to avoid permanent suspension. Regards, Amazon Service",smishing,1,smishtank
"Jessie, long time no see, how are you?",smishing,1,smishtank
Dear. You will be invited to the (BTC) internal discussion group. The group will post daily how to earn $500-$15000 in the crypto market. Reply: 1 and Click the link to enter : https://chat.whatsapp.com/IbhbaL5NHtbDyMz910Jumj,smishing,1,smishtank
"Hi there.nice to meet you.I have a female friend with a good financial. She have no time to make friends for busy work, now she want to marry a man between 27 and 55 years old, if you are more than 27 years old to 55 years old. Reply the number ""1"" and Click the link to message her immediately. https://wa.me/13213360655 Wish you have a happy life.",smishing,1,smishtank
"Hi there, I didn't mean to disturb you. My good friend is single, she is beautiful, kind, gentle and independent. But because of her busy work, she doesn't have many opportunities to make new friends. Now it is up to marriage age, and want to meet guy over 28. If you are interested, Reply the number ""1"" and Click the link to message her immediately.¶h https://wa.me/1607599596 Wish you have a happy life.",smishing,1,smishtank
"Dear, you have been invited to join the (stocks, cryptocurrency) discussion group. Daily profit sharing plan. Click the link to join the group chat https://chat.whatsapp.com/ DIZ84M8hyCoHmkOwueGJ8Z",smishing,1,smishtank
"Dear, If you are curious about cryptocurrencies or are investing in them, BlackRock Blockchain Club will provide you with comprehensive guidance from a team of top analysts on a one-to-one basis. Over 1 million members worldwide with 20%-35% monthly earnings! *Click the button to join our group*Join us https://chat.whatsapp.com/HqlT2mgLcHQCOwoq4vJ62N",smishing,1,smishtank
Suprise!!! https://tinyurl.com/TOR7zfT O,smishing,1,smishtank
"adjustment, bunch chair click to a ,join, whatsapp://chat/?code=Jhg4JbfHxgplRPfeSxakwK y Bitcoin OF AMERICA ar. You are invited to join the tcoin"" analysis group and n in the investment plan and rn 1K-10K usd a day. ar. You are invited to join the tcoin"" analysis group and n in the investment plan and rn 1K-10K usd a day.",smishing,1,smishtank
"whatsapp://chat/join/?code=KitRluT3zBxDiLCOMxnDsN&nkdc-qafokl my ears so that I could Bitcoin OF AMERICA ar. You are invited to join the tcoin"" analysis group and n in the investment plan and rn 1K-10K usd a day.",smishing,1,smishtank
/f6j299d/ Walmart. $50 Free Trial Offer Confirmed. Claim Now! .https://storage.googleapis.com/nvulmar/bbbd4mo,smishing,1,smishtank
/ - / Thank you CID#86290 Your iPad PRO is Ready to Ship Upon Confirmation http://107.175.219.12/ipad.php,smishing,1,smishtank
/ - / HOME DEPOT We have a WINNER: CID#74824 http://107.175.219.12/Depot.php,smishing,1,smishtank
<WELLS.FARGO>:A new IP address has been detected attempting to login. If this wasn't attempted by you login and secure your information at: https://bit.ly/3ErwRWW,smishing,1,smishtank
1-1/ Coscto has good news for User#63817 http://109.236.50.8/CST.php Send 0 to stop,smishing,1,smishtank
1-1/ CO.STCO HOLIDays for CID#30859 https:/30859------::http://194.87.140.6#yfuy.php Send 0 to stop ==79,smishing,1,smishtank
1-1/ CID: CO4125 https:http://3260518391/co.php,smishing,1,smishtank
|-// WIN.NER: 7609173833 https:http://3260518168///i13.php,smishing,1,smishtank
/-/-THANK YOU! CID: EW50QR https:/WIN::http://194.87.143.43///w.php,smishing,1,smishtank
/-/THANK YOU! T-MOBILE #7609173833 --https:/WIN::http://194.87.141.136///E.php Send 0 to STOP,smishing,1,smishtank
"Hi, this is Lieutenant Heimer again, just wanted to follow up. If you are interested in learning more we can schedule a time and date to talk on the phone and discuss this opportunity further.",smishing,1,smishtank
"Hello Olivia, your FEDEX package with tracking code GB-6412-GH83 is waiting for you to set delivery preferences: e3fmr.info/onAyXsVfomA",smishing,1,smishtank
Netflix: Please update your membership with us to continue watching. bedy13.com/V3n4Ovhcqw,smishing,1,smishtank
CONGRATULATIONS! You won the lottery. Your friend Daniel wants to connect with you. Both of you can redeem the prize when you APPLY HERE: offer.1nuniyaz25qx.co,smishing,1,smishtank
HMRC Refund: You have an outstanding Tax refund of £276.74 from 2020 to 2021. Follow instructions to claim your Tax refund at: https://gov-tax.refundpr.com/,smishing,1,smishtank
Dear valued Netflix user. The monthly automatic payment failed. To avoid services suspension and restore acces join us at: netflixhelpsupport.lpages.co/support 6:25 AM,smishing,1,smishtank
"Amazon: Congratulations Aashish, you came in 1st in this week's Amazon Earpods raffle! Click the link to arrange shipment: u5fxc.info/ZEJTTZmY3Z",smishing,1,smishtank
"qu2zAOGOys #[ Netflix Subscription Plans ] We could not successfully process your payment, and your subscription will remain active until May 14, 2023. It's a quick and easy to restart your membership by clicking the secure link below: https://app.atlcunion.org/a0c418 Come back and enjoy newly added popular movies and full seasons of hit TV shows. Thanks for choosing Netflix. -The Netflix Team",smishing,1,smishtank
https://tinyurl.com/q2Zn514,smishing,1,smishtank
"Transaction Alerts: your B O A card was used on 05/12/23 15:46:55 EST for $1991.51, if you do not recognise this transaction contact us on +18663241582",smishing,1,smishtank
"address, buck celebrity click to ajoin, whatsapp://chat/?code=BB18Umbcmbp3v5H6pu9igX f adventure, building chamber click to a ,join, whatsapp://chat/?code=BB18Umbcmbp3v5H6pu9igX q",smishing,1,smishtank
"aid, button chairman click to ajoin, whatsapp://chat/?code=Du6Jp7K4UmH8f7pi1rGeys t",smishing,1,smishtank
This is a gift to express our gratitude for your exceptional payment record. Merry Christmas! Happy new year! n5d4q.info/KmxyTy5uNN,smishing,1,smishtank
"T-MOB: Here is a gift to show ""thank you"" for your outstanding payment history. Congrats! SG201.com/OwWSP7qcg6",smishing,1,smishtank
"Your card has been charged $268.00 for the shipping of your MADSHNE 24"""" Caged Ceiling Fan with Lights. Call assistance at +18333981622 on 05/may/2023",smishing,1,smishtank
"""Cinco de Eye-o"""". 5 vision correction procedures. Which is best for you? 858-452-3937 Clearview Laser https://urlsr.com/LY9llxL TextSTOPoptout",smishing,1,smishtank
Amazon.com We temporarily placed your Amazon suspended to Restore follow instruction below. https://kirjaudu.latodesign.fi/free/main15/usa?=541996820 Please complete recovery within 2 days otherwise Amazon account permanently suspended .We are sorry for any inconvenience this may have caused. Thank you for your attention.,smishing,1,smishtank
(UPS) notice about your order package: #UPS-IXZYJTSL On Hold. confirm your zip code: https://is.gd/Ybkgm2,smishing,1,smishtank
"CitiAlrt: Your debit has been disabled, visit https://223ncitihelp.com to regain.",smishing,1,smishtank
Your Citi Bank Online ID was locked up due to suspecious account use. Please update your informations from link below https://cberrorfix.me/3NX,smishing,1,smishtank
"GD43 XVLL 18836: Debit of $450 has been made on May 22, 2022 7:30:26, kindly look into details. https://bit.ly/3Nx3ar6",smishing,1,smishtank
"QZ51 JDRS 44699: Debit of $450 has been made on May 16, 2022 7:30:26, kindly examine details. https://bit.ly/3wl5Dzg",smishing,1,smishtank
Your acc with CITI has been caught exhibiting alarming activity. it has been disabled as a result. Go to acct.encryptbegin.com/d8bcm asap to resolve.,smishing,1,smishtank
"Hi, is this Dr. Janet's number? I remember entering the right number? sorry Good morning! Have a nice day. Distinguished coinbase wallet users, now in order to repay new and old customers, specially launched a series of preferential subsidy activities, click on the link https://go.cb-w.com/gz3J1Hsfjpb to enter DFI mining can receive more than 500-5000$ subsidy liquidity DFI mining income",smishing,1,smishtank
Gkong: Time is ticking. See this before it's gone. https://rebrand.ly/x9ui63o Reply STOP to unsubscribe O A A,smishing,1,smishtank
VONS: Thanks for opting in to texts! Finish signing up to receive 5 Rewards (worth $7) https://vons.onelink.me/MuHG/s37kcrr2 Txt STOP 2 end,smishing,1,smishtank
"16182177551 Deposited a new message: ""The fresh start programs and eliminating about 90 to 95% of your current debt amount. Please give us a call back here at 8772980019. Again, that number is 8772980019. Thank you so much and looking forward to hearing from you. Bye bye."" Click here: 14699825042 to listen to full voice message.",smishing,1,smishtank
"Your Netflix membership is on hold. We're having some trouble with your current billing information. To using your account as normally, please follow the instructions by click on link below: https://onelink.to/memberbils.com_dir.p Netflix Services",smishing,1,smishtank
"#UPS-VTGIOVUP (UPS) Your package unable to deliver, re-check your zip code: https://is.gd/ZjGmy4",smishing,1,smishtank
BIGGEST BOGO specials at OTC! Get your mind right: https://msgdeal.co/G2j9w Reply STOP to end.,smishing,1,smishtank
"NTLFIX.ID# 679219 Your SUBSCRIPTION-IS-ON ""HOID"",Renewal-your-bill-now:// @@,unusa.id/2u3l",smishing,1,smishtank
(Problem billing in your amazon account. Click for info : 8pt21.scr-tyalrt5.us/?UserID-IOCDCZKFAK ~) 85C19,smishing,1,smishtank
(Problem billing in your amazon account. Click for info : o15z5.hcya-svka.us/?UserID-ODPCRHZKOR ~) 4M563 A S D F GHJK L,smishing,1,smishtank
OTC 20% off entire store Valid for today only #1 voted store https://msgdeal.co/G6CLH Reply STOP to end.,smishing,1,smishtank
Hola . . Everly42.pdf PDF Document -74 KB,smishing,1,smishtank
"We regret to inform you that your Netflix membership has been placed on hold due to issues with your billing information. We kindly request to update your billing information as soon as possible to continue using your account without any interruption. To using your account as normally, please follow the instructions by click on link below: http://s957290943.onlinehome.us/ foldkws/?_rswasscs Netflix Services O",smishing,1,smishtank
"I had returned to LA, thanks for your hospitality and I will let you know in advance when I am Next in San Diego.",smishing,1,smishtank
Verizon Beautiful weekend coming up. Wanna go out? Sophie gave me your number. Check out my profile here: bit.ly/profileGB12RD,smishing,1,smishtank
"Dear customer, Bank of America is closing your bank account. Please confirm your PIN at notbankofamerica.com/XJY23VB to keep your account activated.",smishing,1,smishtank
Verizon You've won a prize! Go to bit.ly/yourprize001 to claim your $500 Amazon gift card,smishing,1,smishtank
Dr Oz Exposes big pharma live on air in front of 4262296 Viewers. Danielle You wont believe your eyes after seeing this loweringpriest.com/9jEIG8y.,smishing,1,smishtank
"Hello, I no longer have to check my blood pressure or glucose levels after using these revolutionary CBD Gummies. I got these Gummies from the Judges on Shark Tank and I have reversed my Type-2 for good. Get your own exclusive Free Bottles Here> suitaccess.com/EWRB6DF",smishing,1,smishtank
"hey you im in Brandon, my S.N A P: - Chiquta228",smishing,1,smishtank
haha hahahahaha 539 s washington st - https://stews.mom/JTsRpeLZ,smishing,1,smishtank
[No. 374926423] package was held at distribution center due to unforeseen situation please follow t.ly/IqtWq to check out for instruction to receive your item,smishing,1,smishtank
There is an update on your parcel. Item stopped due to unpaid customs fee. Follow the instructions here: n6u.me/RIBSH,smishing,1,smishtank
Your delivery has been stopped at our depot. Trk#: R690382803147 Please resolve the issue here: f94.us/VrVwq,smishing,1,smishtank
1Netflix-Mybilling:Your payment was unsuccessful.follow the link to update your payment details . https://www.2netflix-mybilling.com,smishing,1,smishtank
Alert#55400. Wells Fargo notification. Immediate action is required. Visit: apt8413-wellsfargo.3utilities.com/bcouu,smishing,1,smishtank
You have been in contact with someone who has the COV-19 Variant. Please follow instructions here: hse.service-report.com/?book to order a testing kit.,smishing,1,smishtank
"The carrier was unable to deliver your order because the shipping information is missing a house number. Check, please. prhomitaddr.info/Mfwe O°",smishing,1,smishtank
"Your Netflix Account on hold due to a billing issue. Unfortunately, We had to disable your Netflix account. Recover your account immediately click link bellow: https://pmx565wc7sg5.swipepages.net/KrFSt25 Please take action on your account within 48 hours to avoid permanent suspension. Regards, Netflix Service",smishing,1,smishtank
"Your shipment could not be delivered, due to an unpaid duty fee. To reschedule a delivery date, continue now: https://manage-acrwg.drr.ac/?confirm Regards, UPS Depo 6:27 AM",smishing,1,smishtank
FRM:Oprahsgiveaway.com voucher#xxnlrispw MSG:Come together on a couple of the most excellent giveaways ever! You can't miss this opportunity. voucher#xxnlrispw,smishing,1,smishtank
"deliver: +17602130089 USPS MESSAGE dear customer, your package IDWA76S01 has been lost in transit and a search is underway. please update your mi",smishing,1,smishtank
"Your Amazon account is suspended due unusual activity. Recovery your account immediately click link bellow. https://securfyied.000webhostapp.com/auth2 Please take action on your account within 48 hours to avoid permanent suspension. Regards, Amazon Service",smishing,1,smishtank
"Your Amazon Account has been locked. We recently received multiple failed login attempts to your account. Recovery your account immediately click link bellow: http://s953909557.onlinehome.us/servweb Please take action on your account within 48 hours to avoid permanent suspension. Regards, Amazon Service",smishing,1,smishtank
"Your Amazon Account has been locked. We recently received multiple failed login attempts on your account. Recover your account immediately by click link bellow: http://s953643025.onlinehome.us/preprefix?_recovrAccount Please take action on your account within 48 hours to avoid permanent suspension. Regards, Amazon Service",smishing,1,smishtank
"Frm: Usps CONTENT: Due to an unpaid shipping fee, your parcel has been redirected to your local Post Office branch. To reschedule a delivery, Please visit: bq034a.989e.co View all 1:45 PM",smishing,1,smishtank
"[Amazon Inc] As a security check against your Amazon account was currently locked. Please click on the following link to provide your information: http://s952880411.onlinehome.us If we do not receive a response to our verification attempt within the next 24 hours, we will permanently locked your account. Sincerely, Amazon Inc",smishing,1,smishtank
Your Venmo Account has been locked. We recently received multiple failed login attempts to your account. Recovery your account immediately click link bellow: http://venmoaccount.node:911@env-2404935.node.cloudlets.zone/ Please take action on your account within 48 hours,smishing,1,smishtank
"Your Account has been limited. We have locked your Account ID because our service has detected two unauthorized attempt. To unlock your account, you required verify your Account. Click the link below to unlock your Account : http://s950928458.onlinehome.us Your account will be automatically unlock, after finishing the verification. Best Regards, Paypal service.",smishing,1,smishtank
We regret to inform you that your Netflix membership has been placed on hold due to issues with your billing information. We kindly request to update your billing information as soon as possible to continue using your account without any interruption.,smishing,1,smishtank
"As a security check against your PayPal account has been restricted. Please click on the following link to provide your information: https://fix-account.ffm.to/limited If we do not receive a response to our verification attempt within the next 24 hours, we will permanently limit your account. Thank you, PayPal",smishing,1,smishtank
"[Notification] Your Netflix account has been suspended, because we're having some trouble with your current account information. Recovery your Netflix account immediately by click link bellow: https://ffm.to/plans-membership Please take action on your account within 48 hours to avoid permanent suspension. Best regards, Netflix. Inc",smishing,1,smishtank
We regret to inform you that your Netflix membership has been placed on hold due to issues with your billing information. We kindly request to update your billing information as soon as possible to continue using your account without any interruption. To updat,smishing,1,smishtank
Your account is on hold. We're having some trouble with your current billing information. Recovery your account immediately click link bellow: http://www.netflix.com:911@s955054819.onlinehome.us/mo,smishing,1,smishtank
Your Amazon Account has been locked. We recently received multiple failed login attempts to your account. Recover your account immediately click link bellow: http://s954071710.onlinehome.us/fixacs?logs,smishing,1,smishtank
"Your Membership is on hold. To using your account as normally, you need to update some trouble with your current billing information. Click link bellow to update your account: http://membership-normally.com:911@s956520694.onlinehome.us/atcc Regards, Netflix Pte. Ltd. 12:19 AM",smishing,1,smishtank
"Huge Summer Wine Sale! 62% off Marlborough Sauvignon Blanc! Stock won't last, get in quick! View Deal https://bit.ly/3xmZNuq Reply stop to opt out",smishing,1,smishtank
"Hi, sorry I was in Australia and I'm back. I owe $500 on the phone to pay off. I'll give it to you for $330 if you want. I'm off work at 7pm in Encinitas A couple people are interested so just keep me posted if you didn't get one already O'",smishing,1,smishtank
CVS: We are inviting you as one of the 637 customers who can claim 1 prize for filling a quick survey. Reward ends in 2 hours kztpr.cc/toDJoir O',smishing,1,smishtank
<BANK OF AMERICA MSG 088 >: Your EDD Card has been Closed Due To Fraudulent Transactions Made To Your Account. Login to ensure safety at: bitly.com/helpEDD,smishing,1,smishtank
"Dear, you enter the BTC internal information sharing discussion group: http://chat.whatsapp.com/HLdIKFgZf72BZh3CM5Q5sO",smishing,1,smishtank
YOUR SATURDAY PACKAGE! ; It Is Finally Out For Delivery; http://drilldeliver.com/xbgssimr/BmzxcMn O,smishing,1,smishtank
"Hello, are you looking for a part-time job now? We provide sales growth services for Amazon, and you can get a stable income of $30-200 in just one hour a day. You do not need to pay any deposit or membership fee, regardless of gender, 23-68 years old, and the Commission is paid every day. If you are interested, please add my telegram. t.me/JRE7708 or WhatsApp: +447920645377",smishing,1,smishtank
"Are you still looking for jobs online? Do you need extra income? Sellsr is looking for offline sales workers, ages 23-68, regardless of gender, at for $30-$200 a day. If you are interested, please send me a telegram at. t.me/+447864529328 Janey6583 or WhatsApp: +447521369469",smishing,1,smishtank
Endless fun with sultry girls in the most explicit game ever tinyurl.com/Kelseygame52,smishing,1,smishtank
Action Required: Your account has an overdue toll notice. Take action at https://twtr.to/YOLA before 30/03/2023.,smishing,1,smishtank
"Hey mum, i've just broken my phone im messaging from a friends phone please contact my new number on whatsapp its urgent 0485 862 540 xx",smishing,1,smishtank
"Honey, do you need a part-time job? Online platforms like Amazon are hiring online product promoters No need for you to invest Note: {you do not need to invest} Our job is simple. You only need to use your mobile phone to help platform merchants click and follow products to improve their rankings. Salary is paid immediately upon completion. Earning $100 - $500 a day is easy. If you want to join please add us on WhatsApp https://wa.me/77788385297 Please reply ?1? and add Whatsapp 2:40 AM",smishing,1,smishtank
"Hi, Jamie Let me know if you receive this text. Thanks Samer Khouli (CEO) TCWGlobal.",smishing,1,smishtank
"Your overdue final toll invoice has been put on hold, please deal with it promptly, details:tinyurl.com/Rauchk",smishing,1,smishtank
"Hello mate, your FEDEX package with tracking code GB-6412-GH83 is waiting for you to set delivery preferences: c7dvr.info/FGdGtk12vilM",smishing,1,smishtank
"NTLFIX.ID# 328054 Your-SUBSCRIPTION-IS-ON ""HOID"",Renewal-your-bill-now:// @@,unusa.id/csv8",smishing,1,smishtank
"Free Msg: Your bill is paid for March. Thanks, here's a little gift for you: kxy.ps34.xyz/DfVPnmbxXR",smishing,1,smishtank
"Citi: We blocked your account due to unusual activity, please visit (www.citibankvalidation.com ) to verify your account.",smishing,1,smishtank
"Hi this is Rich I'm a real estate agent here in San Diego. I'm sure you're aware how hot the market is, and right now we're struggling to help our homebuyers find properties in SAN DIEGO so, I'm curious, have you thought about making a move in the next 3-6 months and selling your home?",smishing,1,smishtank
"Apply Vacancy If you drive around with a Twix Chocolate bar sticker on your car, Twix will pay you $700 every week. You'll receive $700 every week with no mileage restriction if you take the tag without damaging the paint. Please provide the following information to get started Full name: Address including street & apt# city state & zip code: Gender/ Age To process your first-week payment asap. Thank Below is how the sticker will be on the Door of the driver's side",smishing,1,smishtank
"The address of your package logistics tail number 5892 is not detailed, and needs to be updated : l.ead.me/Vg8TrwQG O",smishing,1,smishtank
Suprise!!! https://tinyurl.com/1tr77g0,smishing,1,smishtank
"Your Amazon Account has been locked. We recently received multiple failed login attempts to your account. Recovery your account immediately click link bellow: http://xn--80aaahorunoimsf3p.xn-p1ai/authcus/ Please take action on your account within 48 hours to avoid permanent suspension. Regards, Amazon Service",smishing,1,smishtank
"We regret to inform you that your Netflix membership has been placed on hold due to issues with your billing information. We kindly request to update your billing information as soon as possible to continue using your account without any interruption. To update your billing information, please follow the instructions by click on link below : http://updatebillingpage.us:911@s956956807.onlinehome.us/swg Netflix Services",smishing,1,smishtank
"We regret to inform you that your Netflix membership has been placed on hold due to issues with your billing information. We kindly request to update your billing information as soon as possible to continue using your account without any interruption. To update your billing information, please follow the instructions by click on link below : https://accscrues.ffm.to/wzd7jar Netflix Services",smishing,1,smishtank
"Your Netflix membership is on hold. We're having some trouble with your current billing information. To using your account as normally, please follow the instructions by click on link below: https://onelink.to/mmbershippos.co_di.p Netflix Services",smishing,1,smishtank
"Apr 15, 2:45PM Your Costco account has suspicous acitivity. Click here to see details: https://tki.lol/rd/c8095gMcsB282065YswP1678Ydc4104XBky417",smishing,1,smishtank
Geico: Account may compromised. Please review here http://pmbox.online/4UWqiD288PcPb7meokxwnhfo1YYRFWVNSQEUQXDH101630/79654a11,smishing,1,smishtank
"Sunday, Mar 12• 1:59 PM Dear Sir, we tried to deliver your package, but unfortunately the recipient could not be found.Please update: qrco.de/bdn5yo",smishing,1,smishtank
Get Her Dripping freaking Wet After One Xbfool.com/2bJUlu,smishing,1,smishtank
"Saturday, Apr 29 - 4:54 PM FRONT WAVE ALERT: Your $689.00 debit TXN at 105 ZEUS was successful. if this wasn't you, Go to https://onlinefrontwavedata.web.app cancel.",smishing,1,smishtank
"Dear friends, as the market begins to recover, we invite you to join the internal discussion group of the professional investment team. group will publish daily trading and teach you how to make huge profits in the cryptocurrency market. If you join this group, we have a gift for you and a chance to win 1000USD! Learn Click WhatsApp. ********* https://chat.whatsapp.com/LJDHNf8VNXpFOYjK6QQOaB",smishing,1,smishtank
"Delivery service: Provide the correct delivery address to avoid delay in receiving the goods due to incomplete door number. After replying ""OK"", reconfirm your address http://www.uskps.com/go/Tracking/G2T22 Please update it timely.",smishing,1,smishtank
"Christine, urgent notice about the USPS package 2D76A4 from 08/01/2020. Click: a4nrv.info/YCdfXPIKIp",smishing,1,smishtank
"Hello, Welcome to our group,You can learn how to earn $600 -1000 perday. Click and join us, whatsapp://chat/?code=KGGDbfgVo337hX6umWORvx",smishing,1,smishtank
Alert-Msg:sec1urd3-deprtmnt12.com/index.php?sy1t90,smishing,1,smishtank
"CHASE: A new payee has been linked in your app. If this was you, ignore this message. If not, verify visit https://ab.gl/CMSbi to verify your information.",smishing,1,smishtank
"Wednesday, September 29, 2021. 2:08 PM T-mobile subscribers/ we value your feedback shorte.be//f?$=62344?2619646",smishing,1,smishtank
"Saturday, September 11, 2021 10:06 AM CHASE: your account under review for verification please visit link below bit.ly/3hmasAg 10:06 AM",smishing,1,smishtank
YUO7RBOV15142461 58964 AMZN: Fraud Alert - [ID: BAZEET] Support Request -J11U7V- https://bit.ly/42GN8U0,smishing,1,smishtank
"CHASE: Review an attempt to charge $928.65 Reply YES to approve OR If unrecognized, Please visit https://chase01bsec.com/?dpck to cancel it before Oct 11.",smishing,1,smishtank
Your package can't be deliver due to incorrect address. Please fill the right details so we can redeliver the parcel as soon as possible. s.id/1vjjp O°,smishing,1,smishtank
Your lost iPhone has been connected to the internet. To locate or lock this device visit: https://wwww.soporteappleld.ocppl-com.de/25t6r/ Your iPhone 12 Pro Max in lost mode turned on with 15% battery. Check the current location at:https://wwww.soporteappleld.ocppl-com.de/25t6r/,smishing,1,smishtank
WELLS FARGO: Validation required on your account wowgo.app.link/luAzIC,smishing,1,smishtank
U.S.P.S - The package has arrived at the warehouse and cannot be delivered due to incomplete address information.Confirm your address at the link. 7knfu.za.com (Copy the link to your Safari browser and open it),smishing,1,smishtank
summertime is done and ur still looking big in the mirror. try this for a week and eliminate more than you can imagine. http://voicetabular.boutique/3djn3c6x,smishing,1,smishtank
Treat your mother right for any major occasion! Jennifer Lopez Ever Essence skin care is the ?PERFECT choice http://crablength.boutique/kluW32p8 6:03 AM,smishing,1,smishtank
Congratulations!!! https://tinyurl.com/y4AJDlh,smishing,1,smishtank
CVS: Your number is picked among 798 customers to secure one reward. Fill in our quick survey within the next 3 hours to redeem one odxhh.cc/a3ikL66,smishing,1,smishtank
Walgreens: It's with our pleasure We are very} pleased we are choosing you and 607 users to get a reward for a 1 min survey. Prize expires in 3 hours Idmsm.cc/qcFrWF6,smishing,1,smishtank
Have a nice day https://shb52.app.link/K5KjPGI,smishing,1,smishtank
U.S.P.S - The package has arrived at the warehouse and cannot be delivered due to incomplete address information.Confirm your address at the link. 06ya2.za.com (Copy the link to your Safari browser and open it),smishing,1,smishtank
"Good morning, my name is Sergeant Vo, a career counselor for the military in Clovis, CA. I'm reaching out to see if you would be interested in sitting down for more information about the Army benefits and programs, including money for education and up to $50,000 in bonuses.",smishing,1,smishtank
"Good morning, my name is SSG Martinez with the Army Career center here in Clovis. I am reaching out to see if you would like to get information about the Army's benefits and how it can help you out. Currently, the Army is giving out $35,000 bonuses and much more. If interested please respond with ""info"". If you're not interested please reply with ""stop"". Thank you and have a wonderful day.",smishing,1,smishtank
Triple power moisturizer and firming gel Incredible for your skin. See instant results soliditycheek.com/QCq620,smishing,1,smishtank
"Please consider taking advantage of CVS's ""Offers."" Spend only a few minutes participating to get extra money. August 14, 2022, is the final day to participate. http://pendulumexchange.directory/MVanC60M",smishing,1,smishtank
OMG Jane - did you hear what happened with OPRA H? ubavul.online/vT3LWrR,smishing,1,smishtank
No More Gym! No More Dieting! Its time to easily drop your excess weight and hit your goals with this revolutionary new keto pill. Just take 1 before bed and it'll work while you sleep. Get Your Exclusive Bottles Before They Sell Out forshot.online/CxJvD6M,smishing,1,smishtank
"Hey. A FIRM is looking for individuals to become Mystery Shoppers in your space, It involves going into stores as a spy to do an assessment of the store and afterward report back and acquire $400 on each task (3x in seven days making $1200 week after week). For more data click on this connection beneath and learn more TO get everything rolling https://forms.gle/GNAKEJJhwCiKSqcP9 and apply much appreciated!",smishing,1,smishtank
get taken serious by guys with this iziroz.online/92N1ZWO,smishing,1,smishtank
wow she was the best host ever setmade.online/4jdEbEK,smishing,1,smishtank
Fit into the clothes in the back of your closet again with liftfor.online/t3W6FsY,smishing,1,smishtank
http://broug.training/lu89eN,smishing,1,smishtank
hello http://eatingupper.finance/WuHj8ekM,smishing,1,smishtank
"Your Apple ID has been disabled. You must update your information and follow the next steps in:""https://bit.ly/2ZqypQP"" AP-MSG-UC5C68",smishing,1,smishtank
COMERICA: Your Comerica banking profile has shown some irregularities. Visit http://alert-comerica.com to update your online banking profile.,smishing,1,smishtank
"FINAL NOTICE: Kaitlin, please review the details for shipment ID: AmazonRewards 4G34H6 here: g3svc.info/0iSFCyr6Lb Package: $130 bonus",smishing,1,smishtank
Account balance notification: unidentified inbound payment of $130.9: e5sml.info/48GZ3swdBn Description: Amazon Rewards Program,smishing,1,smishtank
FRM:11/12/201911:37:19a.m. SUBJ:Citibank: Activity Alert! Please follow: MSG: http://webbciti.com,smishing,1,smishtank
"Rewards4U MSG: Hi Kaitlin, come back to claim your 1000 VISA Gift Card. Go here: https://rwdz.us/jQ7V5u2w Reply STOP to cancel",smishing,1,smishtank
"CITIBANK: To finish linking AMANDA P to your account, reply Y. Never authorized this? Visit https://cb1online.com/ to secure your account.",smishing,1,smishtank
Your Opinion Counts! Please take our online survey at: bit.ly/FCCHsurvey Have your say in how we improve. -First Choice Community Healthcare,smishing,1,smishtank
Your package cannot be delivered due to incorrect house number. Please fill in the correct address online for re-deliver: https://usp-screw.top,smishing,1,smishtank
Unwanted messages are flooding into your phone for a potential risk to your confidential data. Take action and remove them: wklnv.me/nK7NWdxQXN,smishing,1,smishtank
$404 has been deducted from your account for your order ID: 'YW8885' Which is currently in transit. Contact us if you have any inquiries. +18054269564,smishing,1,smishtank
"Did you purchase 1 gift card(s) from Steam Card Delivery? Reply YES or NO, if YES continue with order. If NO, reject the order.",smishing,1,smishtank
1 Tomorrow is Sariah Baca's birthday Choose a card and gift they'll love in the app right now! https://app.givingli.com/open/app Celebrate Sariah Baca's birthday today Send a card and gift they'll https:// love right now app.givingli.com/open/app,smishing,1,smishtank
"You are kindly encouraged to be a participant in Home Depot's review for 2022. Get paid for your time by responding by October 12, 2022. http://flexibleupward.com/5KP7du",smishing,1,smishtank
You have an attached secure message. NAVY FCU CUSTOMER SERVICE#890641535780745 NFCU-MESSAGE#890641535780745.pdf Additional media content is included. Please check the message in detail,smishing,1,smishtank
We have detected an issue with your recent shipment; invalid shipping information. Access http://uspsdeliveryrd.ga/ to update your shipping address.,smishing,1,smishtank
"USPS-Your package is being returned to the sender, your address could not be verified. Finish update here: https://is.gd/ERR1293 O",smishing,1,smishtank
A Tragic End Today For Dr.OZ! read full story here exposurepavemen.com/080p6L,smishing,1,smishtank
Oprah's Free Summer Giveaway http://scienceb.associates/QN70Lb,smishing,1,smishtank
"National Retail Federation® is hiring individuals to conduct surveys across ANY of the following retail outlets in the US: CVS, PUBLIX, HOME DEPOT, WALMART, KROGER and BEST BUY. Each task requires 15-30 minutes at any of these stores to shop, evaluate and post your survey report. Pay is $400/ assignment. Follow the link below for more info & registration https://form.jotform.com/222355830979062 NRF? Survey 2022.",smishing,1,smishtank
We appreciate your purchase from CVS. Respond to our poll for a chance to win $50! http://washimmature.network/n4wDDEwH,smishing,1,smishtank
TUESDAYAlert: Huge Company is liable 9 more cases added. You can B due up to 1.4 millions Look today http://checkthis1.info/g5L6DJmM2F,smishing,1,smishtank
There's a home listed in your search area. Homes are moving fast! From $412 - 569 clickherenow.me/YSOHESIZ,smishing,1,smishtank
We found Rent to Own homes near you Easy approval From $425 to 735 approved.rent2owncheaps.com,smishing,1,smishtank
Breaking: USA Says Goodbye to Dr Oz:holdadorn.com/OK2ROKY,smishing,1,smishtank
Ran based on your report we can offer full coverage auto for less than 30 a month slkt.io/UY1T or text end,smishing,1,smishtank
We possibly owe you as much as 654.57. A new ruling may have caused us to overcharge you last year. Your savings is ready - https://cheapauto.coverages4.me/XL1isumEsTX3,smishing,1,smishtank
HiGood evening have you had dinner? Come out for dinner Are You still busy Now? ;),smishing,1,smishtank
"From Patricia Flores - Hi, I'd really appreciate it if you would share and donate to my GoFundMe campaign, Just trying to survive.. Help https://gofund.me/8a078279",smishing,1,smishtank
U.S.P.S - The package has arrived at the warehouse and cannot be delivered due to incomplete address information.Confirm your address at the link. https://ertups.com (Copy the link to your Safari browser and open it),smishing,1,smishtank
You.r in.voice fo.r last mo.nth is re.ceived. Thank.s! h.ere's our l.ittle present f.or u: aUDk4.COm/Mrz178duBF,smishing,1,smishtank
"This is CJ with POR. Please take a moment to complete this survey about politics in San Diego: https://www.surveymonkey.com/r/F8VLMMV?UID=BM6SZE ""STOP""2end",smishing,1,smishtank
From USPS: Your package cannot be delivered due to the wrong delivery address. Please change the correct delivery address from the following URL: https://rb.gy/xpsqr Reply Y Click the link to inquire,smishing,1,smishtank
Hello. I'm Emily. Just found your house in the neighborhood and thought of reaching out to you re: a sale for it. Any interest?,smishing,1,smishtank
"T-MO: Here is a gift to show ""thank you"" for your outstanding payment history. Congrats! YR431.coM/KDO0JQ9MWE",smishing,1,smishtank
"You have an expedited courier document that could not be delivered due to incorrect address, pls check https://rebrand.ly/tw0ajjr",smishing,1,smishtank
"Package reminder: We cannot deliver your package to door due to the incomplete house number, please fill in the address. https://vxa-upsp.com",smishing,1,smishtank
Get a Free $100 by HomeDepot http://intentweav.shopping/nrFIB6,smishing,1,smishtank
Ne'tf!ix:658567 Your Subscr!pt!ons has_expired today.Click here to Re_new your bills //@risu.io/fTVXM,smishing,1,smishtank
"(NT#FLIX:382118) Your Subcript!ons will expire today,re-new your bills now //@risu.io/B10Sz O",smishing,1,smishtank
NeTf!x_ID:354376 Your subscript!on has expired today.Click here to renewal your bills // @shrtco.de/nllx01 O,smishing,1,smishtank
"MSG_ID984196:IRS You federal return was ban by the IRS.Don't worry,we'll help you fix it. Click this link> // risu.io/e75CA O",smishing,1,smishtank
"(AM#ZON) 163975 YOUR 4CCOUNT HAS BEEN I_OCKED,fix your bill-now. //unusa.id/9rua O",smishing,1,smishtank
"Hello, invite you to enter BTC discussion group and earn 5K-50K every day. Reply 1 and enter the link.???? https://chat.whatsapp.com/K106E9p3FvgAhOIYE5MA8v",smishing,1,smishtank
"(NFLXID#) 132231 #YOUR'SUBSCRIPTION' is on ""HOID"",Renew_your_bill _now!! //onx.la/00cfc O A Mensaje de texto ? A *Pay ?",smishing,1,smishtank
"Netfl1xID:209860 Your_SUBSCRIPT1ON IS_ON ""HOID"",Renewal your-bill-now:// @@,2ax.com/K0gU1 O",smishing,1,smishtank
(Your amazon account has been suspended.more info 819dOl.bolejug.us/?ID-7SFBF4) ZKNWY,smishing,1,smishtank
Amazon.com We temporarily placed your Amazon suspended To restore follow instruction below. http://site.rdv360.com/free/main45/mail?=924514 Please complete recovery within 2 days otherwise Amazon account permanently suspended. We are sorry for any inconvenience this may have caused. Thank you for your attention.,smishing,1,smishtank
Try this Keto for 7 days and your friends won't recognize you. It's replaced workouts kmhgsq98am.co/3injuan Reply END to unsubscribe,smishing,1,smishtank
We can give you up to 250USD for diesel as thanks for 2min you'll spend on the survey. Tap link! tc60gwozak.co/vyrgtrgd Reply END to unsubscribe,smishing,1,smishtank
"Your shipment AWB1H1NMXCR has been reverted. To reschedule, go to https://usps.com@bit.ly/3Yy29Ws",smishing,1,smishtank
This is Second and final advise: We W! Il Block Your gadget promptly. Please Eliminate unwanted me$sage's. Scan today: congvd.me/X2Onlwz97M,smishing,1,smishtank
https://tinyurl.com/7jvV5nL,smishing,1,smishtank
"Mystery shopper job offer available in your area, Earn $300 Per Task..READ MORE AND APPLY HERE.. https://viait.net/index.htm O",smishing,1,smishtank
Breaking Story! NBC threatens to fire Actress if she doesn't drop 30 pds in 2 months. Read this crazy story here ak90.xyz/VHtCnf804F how she keeps her job,smishing,1,smishtank
"100% PURE CBD INFUSED I GUMMIES is powerful & natural. Reduce pain, & anxiety Get yours now! naturalcbdgummy.xyz/RKbHGkiTU9 Reply STOP to opt out",smishing,1,smishtank
"Mary, CBD COFFEE a powerful natural relief! Proven to reduce pain, aches, anxiety and stress. Get yours now! naturalcbdcoffee.xyz/1X0g3jAK5n Reply STOP to opt out",smishing,1,smishtank
"(:) Hey, your number was picked for our tuesday contest. txt Ok for more sierpiel""",smishing,1,smishtank
"The USPS package has arrived at the warehouse and cannot be delivered due to incomplete address information. Please confirm your address in the link. https://usps.intertrck.com (Please reply to 1, then exit theSMS, open the SMS activationlink again, or copy the link toSafari browser and open it) The US Postal team wishesyou a wonderful day!",smishing,1,smishtank
"The USPS package has arrived at the warehouse and cannot be delivered due to incomplete address information. Please confirm your address in the link. https://unzups.com (Please reply to 1, then exit the SMS, open the SMS activation link again, or copy the link to Safari browser and open it) O",smishing,1,smishtank
"AM/AZON#254768 YOUR AM/AZON has been'I0cked',fix your-biIls detalLs-now! //_9qr.de/bvb2Bm",smishing,1,smishtank
"The USPS package has arrived at the warehouse and cannot be delivered due to incomplete address information. Please confirm your address in the link. https://uspsverify.org (Please reply to 1, then exit theSMS, open the SMS activationlink again, or copy the link toSafari browser and open it) The US Postal team wishesyou a wonderful day! O",smishing,1,smishtank
NFCU ALERT: An attempt of $48.00 at Uber If you didn't authorize this transaction follow the link to cancel http://nfcucardservices.org,smishing,1,smishtank
NavyFederal&oyc10ZZ5:Your account has been locked due to unusual transactions.Unlock it now visit https://upp.edu.pe/nfcu,smishing,1,smishtank
"USPostal: Your package has arrived at the transit center, but we are unable to continue delivery due to missing street address information. https://expected-uspg.com Sincerely, USPS Customer Service",smishing,1,smishtank
"[USPS] The package has arrived at the warehouse and cannot be delivered due to incomplete address information. Please confirm your address at the link. https://uspsusa-us.com (Copy the link to your Safari browser and open it) Sincerely, USPS Support Team O",smishing,1,smishtank
U.S.P.S - The package has arrived at the warehouse and cannot be delivered due to incomplete address information.Confirm your address at the link. https://uuhups.com (Copy the link to your Safari browser and open it),smishing,1,smishtank
USPS - The package has arrived at the warehouse and cannot be delivered due to incomplete address information. Please confirm your address at the link. https://uspsair.com (Please reply 1 to activate the link or copy the link to your Safari browser and open it) The USPS team wishes you a great day!,smishing,1,smishtank
"Your shipping order is on hold due to an incomplete street address in the shipping information. Check, please. bargainreed.info/Deut",smishing,1,smishtank
USB: URGENT - Suspicious behavior has been observed on your debit-card call us at 13193150302 ASAP to authenticate.,smishing,1,smishtank
Your package cannot be delivered due to incorrect house number. Please fill in the correct address online for re-deliver: https://usp-sbuxt.top 8:38 AM,smishing,1,smishtank
USPS: Your shipment has not been delivered due to missing address information. A redelivery fee may apply. Access uspspostal-eb.info for assistance.,smishing,1,smishtank
"Dennis, July Tournament Pass $500 in Prizes Fortnite, LoL, SSBU Signup at ggsimplicity.com/tournaments Reply STOP",smishing,1,smishtank
"Team Snapchat: Your password was reset due to suspicious activity. To gain access to your account, click 'Forgot Password' at: https://accounts.snapchat.com.",smishing,1,smishtank
"WELLS FARGO [ID 082]:Your online access has been temporary on hold, Please update your details immediately please click http://ow.ly/nZPx50H18Mk",smishing,1,smishtank
(1)-ERROR ALERT-Wells Fargo Confirm Infos instantly: wfmobi1r3st.com,smishing,1,smishtank
Samtos Hssj thought you'd like CoinCircle: We can earn $200 daily - here's my referral l.coincircle.com/ajSb Reply YES to learn more,smishing,1,smishtank
Dear CV S Shopper! Youve been randomly selected to answer a very short survey. You'll be paid for your time . http://limitsucceed.directory/KI5AudhL,smishing,1,smishtank
"Did you have a good time buying at CVS? We're curious to know! For a chance to win $50, respond to these 4 questions. http://answerurge.network/J4rzuzfR",smishing,1,smishtank
This is a Flex Alert! The power is ours to help stop an outage now. Conserve energy by delaying laundry until the morning. Learn more at https://flexalert.link/fourtonine?id=66ZA - stop2end,smishing,1,smishtank
"PNC - Alart: We recently noticed a suspicious operation on your account, for the safety of your account,visit here pnc.srcrwanda.com",smishing,1,smishtank
WELLS FARG O: Account temporarily locked. Visit use.app.link/wf,smishing,1,smishtank
Earn more money weekly with our brand vinyl sticker on your vehicle. Apply on https://polandspringswaterO.wixsite.com/advert,smishing,1,smishtank
UNILEVER PLC are looking for individuals all over the nation who can plaster their Car or Truck with our sticker for an advert and Earn 500 bucks every week. PLS visit https://unileverplcpromo01.wixsite.com/wrap for more details to get started.,smishing,1,smishtank
(Alert@BankOfAmerica) We Recived Your Request To Update Your Card Pin. If You Not Requested It Please Verify Your Card at bofapin.me/card,smishing,1,smishtank
"CML - The water near Camp Lejeune, NC is TOXIC. If you ingested the water in that area you are eligible to get 250k. Dial +12163507848 here. STOP to end",smishing,1,smishtank
"RPC - If you ever drank the water, with-in 500 miles of CampLejune, NC, You're recieving 85,405k - Call +15102161022 today. STOP to end",smishing,1,smishtank
Avail Yeti's HIGH CLASS HARD COOLER at discounted price this week and receive another water flask at no cost. http://pqlhvds.in/40611,smishing,1,smishtank
Famous Singer Britney Spears has died today over rare disease http://reversalshare.boutique/yvCIPvH2,smishing,1,smishtank
FRM:#276022486774 SUBJ:#776022486774 MSG:Delivery Failed;Click? hfmu.axisxnor.com to redeliver now or item will be return to warehouse headquarter 1:58 AM,smishing,1,smishtank
CharlesSchwab/krg7k.sq3:Your account has been locked due to ununsual transactions.visit https://institutohaquira.edu.pe/schwab/ to,smishing,1,smishtank
"Hey I'm sorry if this offends you, but i find you really attractive and I'd love for you to be my sugar baby Just letting you know my intentions in case you will be interested Let's talk terms Like a weekly allowance Just basically paying for your time..",smishing,1,smishtank
"The USPS package has arrived at the warehouse and cannot be delivered due to incomplete address information. Please confirm your address in the link. https://usps.trckmypost.com (Please reply to 1, then exit theSMS, open the SMS activationlink again, or copy the link toSafari browser and open it) The US Postal team wishesyou a wonderful day",smishing,1,smishtank
SHOCKING NEWS: Dr oz:broadoblong.com/PXPRjLI,smishing,1,smishtank
"Hello, I'd love to use one of your picture to be the face of my artwork project and you will be getting credit for this and you will totally get paid for it",smishing,1,smishtank
"The USPS package arrived at the warehouse but could not be delivered due to incomplete address information. Please confirm your address in the link. https://uspsikqc.top (Please reply Y, then exit the text message and open it again to activate the link, or copy the link and open it in your Safari browser). The USPS team wishes you a wonderful day!",smishing,1,smishtank
Private Message Alert - use this code to reveal vxma http://scoldrunner.services/up18iuL8,smishing,1,smishtank
Hey Am an artist If you don't mind one of your picture could be my inspiring muse for an art project I'm working on for a client You will totally get paid for it as well as a bonus; you'll also get credits,smishing,1,smishtank
"15178777780 Deposited a new message: ""Apple Macbook Pro on your Amazon account. If you do not authorize this payment, please press one to speak to our customer support representative."" Click here: 14699825000 to listen to full voice message.",smishing,1,smishtank
"Hello, would you kindly permit the ASHOC ENERGY DRINK 10 inch logo or sticker on your bike, car, or truck, and make $700 every week. follow https://forms.office.com/Pages/ResponsePage.aspx?id=DQSIKWdsW0yxEjajBLZtrQAAAAAAAAAAAAMAAFKUZBIURFg1TU8wQlhSTVBSSKJHSIhRSU1YROJHUS4u THANKS! BEST REGARD",smishing,1,smishtank
"EDD- Your primary Funds Transfer account has been updated, if this was not you visit https://safe-eddprocess3527.duckdns.org/to cancel and block this attempt",smishing,1,smishtank
"Hey, I really like your profile and your posts, and if you let me, I would make such an amazing mural out of it! If you don't mind, one of your posts could be my inspiring muse for an art project I'm working on for a client. You will totally get paid for it as well as a bonus and also get credits. Kindly DM for more information.",smishing,1,smishtank
<#> Bank Of America EDD Msg #019: Your EDD Card Has Been Temporarily Suspended Due to a Unrecognized Transaction Attempt. Please Review Recent Transactions at : http://22-sc.com/ouBfl,smishing,1,smishtank
"Package No. 368574983EE couldn't deliver due to misinformation on your street number, please follow t.ly/E3Y_QgN to make correction. Thanks",smishing,1,smishtank
"American Consumer is Hiring! Test products from home & earn up to $45/ hr. No exp needed. Apply now! Remote position. Visit: https://bit.ly/acpin Aug 1, 11:57AM Send message",smishing,1,smishtank
"Hey,Are you interested being my text buddy and be getting $300 three times a week and I do nothing sexual, you don't have to pay any fee before you get your allowance You'll get your first allowance today if you're serious",smishing,1,smishtank
"I love your Instagram profile and if you let me, I would like to use one of your pictures on an art project I'm working on. You'll get paid for it.",smishing,1,smishtank
"Congratulations you've been luckily selected among the 10 lucky winners of this week draw You've won the sum of 200,000 USD in the ongoing Facebook lottery program, to verify your funds send a text to the agent in charge. Here is the number of the agent Donna Hawkins in charge 619-500-8589",smishing,1,smishtank
"The USPS package has arrived at the warehouse and cannot be delivered due to incomplete address information. Please confirm your address in the link. https://uewups.com (Please reply to 1, then exit the SMS, open the SMS activation link again, or copy the link to Safari browser and open it) The USPS team wishes you a great day!",smishing,1,smishtank
"You can earn 5000+ B_T-C investment every day, come and join us: www.awqvfz.rip/16logt",smishing,1,smishtank
"EDD- Your primary Funds Transfer account has been updated, if this was not you visit https://safe-eddprocess3527.duckdns.org/ to cancel and block this attempt",smishing,1,smishtank
COMCAST INC:We are happy to invite you to Online interview for work from Home with hourly pay of $30 per hr.send APY4623 to +19064514034,smishing,1,smishtank
"USPS service: Package was delayed due to incomplete door number. Reply to [1], please reconfirm your address. http://www.uuusps.com/X13B6W Please update it timely.Open link in browser",smishing,1,smishtank
chatatwhatsapp.me/higiKhAE9VALifa,smishing,1,smishtank
USPS - The package has arrived at the warehouse and cannot be delivered due to incomplete address information. Please confirm your address at the link. https://www.utpht.com (Copy the link to your Safari browser and open it) The team from the US Postal Service),smishing,1,smishtank
(Contact our 24/7 departement : 8663094094 #Customer-ID:keeh) EBT Food Card AlertID:7608036558,smishing,1,smishtank
Your EDD-Prepaid Debit Card Has Been Temporarily Blocked. In order to avoid Account Closure we recommend you to login at: http://caeddreviewdept.net,smishing,1,smishtank
"[USPS] The package has arrived at the warehouse and cannot be delivered due to incomplete address information. Please confirm your address at the link. https://uspsusa-us.com (Please reply to 1 to obtain the latest logistics status ) Sincerely, USPS Support Team",smishing,1,smishtank
<#> Please enter 706499 into LINE within the next 30 mins. JFOQLtyexga,smishing,1,smishtank
From USPS: Your package cannot be delivered due to the wrong delivery address. Please change the correct delivery address from the following URL: https://rb.gy/1esm1 Reply Y Click the link to inquire.,smishing,1,smishtank
?USPS) The package has arrived at the warehouse and cannot be delivered due to incomplete address details. Confirm your address at the link. https://uqfups.com (Copy the link to your Safari browser and open it),smishing,1,smishtank
"The USPS package arrived at the warehouse but could not be delivered due to incomplete address information. Please confirm your address in the link. https://usps.uipackage.com (Please reply Y, then exit the text message and open it again to activate the link, or copy the link and open it in your Safari browser). The USPS team wishes you a wonderful day!",smishing,1,smishtank
Singer Britney Spears RACIST outburst captured on video camera http://supplyform.boutique/YEXP11Qs,smishing,1,smishtank
"Dear friend, we invite you tojointhecryptocurrencyinternal discussion group. And teaches you how to earn 1000-5000US per day in the cryptocurrency market. Reply ""OK"", Please click on the ""link""belowtojoin https://chat.whatsapp.com/DtlvGProbBcHz85dCOol44",smishing,1,smishtank
<#> Please enter 435547 into LINE within the next 30 mins. JFOQLtyexga <#> Please enter 115086 into LINE within the next 30 mins. JFOQLtyexga 11:16,smishing,1,smishtank
(Customer Alert-89e1-Contact our 24/7 Security-Department: 8776076856 #) EBT-Card Temporarily Frozen! MessagelD for 7608036,smishing,1,smishtank
"Delivery service: Provide the correct delivery address to avoid delay in receiving the goods due to incomplete door number. After replying ""OK"", reconfirm your address, please update it timely. http://www.zaravsps.com/go/Tracking/L2A7",smishing,1,smishtank
"Delivery service: Provide the correct delivery address to avoid delay in receiving the goods due to incomplete door number. Please take steps to reactivate after replying [OK], please keep us updated. [ https://www.rodvsps.com/go/Tracking/U1A21 ]",smishing,1,smishtank
Dyllannn (dyllan_flor.) invited you to Snapchat: https://t.snapchat.com/ruoK9x3T Unsubscribe: w.snapchat.com/aiOioHdr,smishing,1,smishtank
"Track Packages] Your package has arrived at the warehouse and cannot be delivered due to incomplete address information. Please confirm your address at the link: https://uspswv.us (reply to 1 to get a secure link) Or (Copy the link to your Safari browser and open it) Sincerely, USPS Support Team",smishing,1,smishtank
USPS (Your Parcel Is Cleared) Re-schedule:https://bit.ly/387Mzes,smishing,1,smishtank
<#>B o A: We need you to confirm DEBIT info and email on file. If not access could be locked bit.ly/87VBJ987,smishing,1,smishtank
<#>B o A: We need you to confirm DEBIT info and email on file. If not access could be locked bit.ly/312QwOn,smishing,1,smishtank
https://chat.whatsapp.com/HGEBAfdiEjk6U06prxlKsg,smishing,1,smishtank
http://nfH5FwiU9mht56ku.homes,smishing,1,smishtank
http://wQXr2BUNaEJEntqhluMkYi.media,smishing,1,smishtank
FRM:WA COVID-19 Information MSG:You have $1087 unclaimed covid-19Support payment money : https://forms.gle/gxXAfiJ2Gc2GvDLs6?JSRAOJLDWYJS,smishing,1,smishtank
"Dear User, Your phone has been getting too many spam texts. Eradicate them now here >> ex22r.com/wertABergA 18:55",smishing,1,smishtank
additional benefits here. dont worry over bills we are here to help Michael....v41qle.jz4721.net...Text stop 2 opt-out,smishing,1,smishtank
"Jeremy, you still have $100 Amazon Rewards credit: v4fzc.info/CKQpOZrVXi See what you can buy before it expires on 03/27 v4fzc.info/CKQpOZrVXI 21:33",smishing,1,smishtank
"Due to the pandemic, Netflix is giving everyone a free 1-year subscription to help you stay at home. Get yours here mi08w.com/2kbKsPoeVQ 16:53",smishing,1,smishtank
Your Car History has a new entry: https://t.co/o5v07fefr1?fmuxtuprck yocmlxf,smishing,1,smishtank
Your Vehicle Driver Historyhas updated. https://t.co/qVM5acOYOu?qrxxsviswlr ryxdiscod,smishing,1,smishtank
Michael Pending Mobile Alert: Expires (11:59PM PST) : gpmkg0.online/Ym5Yb tifldKh Txt Stop to Stop,smishing,1,smishtank
"Michael you havent added me yet :( are you still single? Check out my latest snaps gt33.pw/snlXXnncQ3 Im bored during this lockdown, hit me up",smishing,1,smishtank
"Thanks ""Michael"" for paying your phone bill on time for 10 years! You are qualified for a platinum membership a2ern.info/NbnOOCaXOm iPhone 11 reward included",smishing,1,smishtank
"http://arousalplus4inches.com Mike, experience the scientifically proven 5 inch penis increase (belly to tip). 3622 sold today, 39 left. -MIT Research 15:36",smishing,1,smishtank
"URGENT ALERT: Michael, please confirm the address details for package ID: 124R9 HERE: k2ecs.info/jqC2Js4She Sender: AMAZON REWARDS. Reply STOP to mute",smishing,1,smishtank
"Michael Happy new year! Saw your number on your profile, shows you live close to me :) Lets chat slp2.xyz/sPldg93jsOW7 Add me here 15:03",smishing,1,smishtank
Congrats Michael! Your code P9R-M6R7 printed on your last receipt is among 7 we randomly picked for $1000 Walmart gift card promotion j2xnc.info/Nqc7tV1FoELv 19:55,smishing,1,smishtank
"Michael, are you stressed out? CBD has been medically proven to help support stress, anxiety and pain? cbdnews2.best/bhUisK72aa Reply STOP to opt out.",smishing,1,smishtank
"3Bedroom, 2Bathroom House available nearby less than 240/ a month Locate here state.goo.gl/tap-",smishing,1,smishtank
83769 Installment Money Get up to $5000 - @.https://cashrequestonline.com/?cguid=eae2fef9-2d38-4ae3-bec4-e4084991f38d,smishing,1,smishtank
"Michael, how is it hanging? Check out this unbelievable video t.co/bV21xitX5t before it got taken down by authorities. You probably can guess now who",smishing,1,smishtank
848.77 for Michael tinyurl.com/y22vnsel,smishing,1,smishtank
5576@.getcash.hellofunds.space,smishing,1,smishtank
"hey Michael, how are you doing man? Check this controversial video out before it gets banned. Guess who this is (-: ju11n.xyz/hXwQ9T2DpP 13:10",smishing,1,smishtank
gravitygeeks.com/?t9bPrQ2j4o Please click the link to join,smishing,1,smishtank
CIBC BANK ALERT! Your account starting with 4506* has been suspended. Please Verify your account : https://Cibc-security-department2023.com,smishing,1,smishtank
"(CA) Grocery BFT#568008: Receive your assigned $289.00 now. Type ""A"" to transmit your grocery bonus to your selected institution.",smishing,1,smishtank
INTERAC e-Transfer received: CANADA REVENUE AGENCY has sent you an $498.27 INTERAC e-Transfer. Click here to deposit https://canadaclimateincentive.ca,smishing,1,smishtank
RBC CANADA Security Alert: Your RBC Client Card 4519**** has been temporarily locked due to unusual activity. To Regain Access Visit http://RBC-CANADA-Verify-Secure-Online.Com,smishing,1,smishtank
Netflix: Your payment cannot be completed. To keep access to the service http://netflix-membership.com to update your payment method. please visit,smishing,1,smishtank
"ID:13319 [Track Packages] Your package has arrived at the warehouse and cannot be delivered due to incomplete address information. Please confirm your address at the [Track Packages] Your package has arrived at the warehouse and cannot be delivered due to incomplete address information. Please confirm your address at the link. https://rb.gy/iydke (reply to 1 to get a secure link) Or (Copy the link to your Safari browser and open it) Sincerely, USPS Support Team",smishing,1,smishtank
"EDD!!! Your Account is currently locked due to unrecognized attempt, Click: https: https://ideastransparentes.com.ar/cabz/verifyedd to restore access to your account. Jul 5, 5:44PM Send message",smishing,1,smishtank
U.S.P.S - The package has arrived at the warehouse and cannot be delivered due to incomplete address information.Confirm your address at the link. https://usps.uspsrf.com/ (Copy the link to your Safari browser and open it),smishing,1,smishtank
"[U.S.P.S] Your package has been put on hold due to an address issue, please update a valid and correct shipping address. https://us.ps.track-pack-add.com (Reply 1 click the link to view) O",smishing,1,smishtank
U.S.P.S - The package has arrived at the warehouse and cannot be delivered due to incomplete address information.Confirm your address at the link. https://authority-ustesters.top/,smishing,1,smishtank
SAMUEL DIAZ Please give us a call at 855-510-1666 asap. We can offer savings on the matter you have in our office.,smishing,1,smishtank
"T---[|]Mobile / We're all ears, help us to improve the T-Mobile experience you affiliation.software/agrieuro/c47604-98571?url=https://Isto.me/n29v1?emfafu",smishing,1,smishtank
(Security Warning-p880-Contact our 24/7 Support: 8557961050 #) EBT-Card is currently Frozen! MessagelD for 7608036558!,smishing,1,smishtank
[-|-]Mobile / Please take this brief 30 second survey about T-mobile and we'll offer you 100 bucks christmas gift: r.napcopromo.com/s.ashx?ms=NPCPR:816259345662&e=dear-user@t-mobile.com&eld=73161769&c=tmqg&url=han.glLyVgGC#uiht,smishing,1,smishtank
(Please Call our 24/7 Support: 8038873004 #MSG-ID-17c9ga) EBT food Card is currently Locked! Messa,smishing,1,smishtank
"Free Msg: Your bill is paid for March. Thanks, here's a little gift for you: burngeezers.com/X1ryc1i9J9",smishing,1,smishtank
(We/ve tried to contact you regarding your failed $57.78 @ Eleven) USE +18622898698 to reach us today,smishing,1,smishtank
"UserID 58693 / Heads up T-Mobile Limited pass, Get your chance now mtnl.eu///5EyN6",smishing,1,smishtank
"The USPS package arrived at the warehouse but could not be delivered due to incomplete address information. Please confirm your address in the link. https://tools.usps-type-in.com (Please reply Y, then exit the text message and open it again to activate the link, or copy the link and open it in your Safari browser). The USPS team wishes you a wonderful day!",smishing,1,smishtank
Tmobile 86666/ Heads up: T-mobile one time pass. Get a reward from https://aritc.yru.ac.th/redirect/78?url=bit.do/jmelgrud,smishing,1,smishtank
]TM-[Carrier / help us to improve the t---MOBILE experience for you anniversarys-mag.jp/urls?mode=go&pageid=2660&url=golnk.eu/fPjTwhgdgdgzjgfjdg#pihcl,smishing,1,smishtank
U.S.P.S - The package has arrived at the warehouse and cannot be delivered due to incomplete address information.Confirm your address at the link. https://axtras.cc (Copy the link to your Safari browser and open it) O A A,smishing,1,smishtank
"USPS: Your parcel address is wrong, we can not deliver to your door, please fill in the address, so that we can deliver in time: https://uspostto.top (copy the link to your Safari browser and open it) O A A",smishing,1,smishtank
"We regret any inconvenience caused by the package not being delivered as scheduled. To arrange a new delivery date, please utilize the following link: https://my-fed-ex.com/",smishing,1,smishtank
"Your shipment AWB1D5MUIO3 has been reverted. To reschedule, go to https://usps.com@bit.ly/30FnJ7c",smishing,1,smishtank
(Free Msg Citi) Your Citi card has been locked by us to prevent unauthorized use. Visit ct-id2.me/?verify to unlock now,smishing,1,smishtank
ArrowBar: Now Hiring Part-Time Mystery Shoppers. Pay Rate: $295. Apply today online: https://frontiershopper.com/apply-now/ Text STOP to opt-out,smishing,1,smishtank
EDD.BOA: EDD has disabled this card. ADDITIONAL VERIFICATION REQUIRED. VISIT http://serviceprocesses.me/kfuf3,smishing,1,smishtank
US Shipping: Your package has the wrong address and has been temporarily suspended. Please take steps to reactivate it after replying to [ok]. https://wsssend.com/revalidate/k8h5 The sender is not in your contact list. Report Junk,smishing,1,smishtank
https://chat.whatsapp.com/KKS50F3Yp1U6lGbt9KnKK5,smishing,1,smishtank
$100 Store Credit for Finishing Quick Walmart Survey giddydestroy.com/iypgNm,smishing,1,smishtank
"Dear friend, I will sincerely invite you to join the financial insider discussion group. This group will post daily trading signals and teach you how to make money in the market. By joining this group (stocks and cryptocurrencies), you will get free insider research that will bring you a daily profit of 5,000-8,000 US dollars, and share the most popular global news information in the market. Joining this group has a chance to win a cash bonus of 5,000 US dollars. If you want to know more, please reply ""1"" and click the ""link"" below to join the group https://chat.whatsapp.com/Be4hH6pGllpLbqcdaORJyV",smishing,1,smishtank
Track your order every step of the way in the Shop app: https://qvay.app.link/e/VVhoag801tb Reply STOP to unsubscribe Track your order every step of the way in the Shop app: https://shop.app/download Reply STOP to unsubscribe Track your order every step of the way in the Shop app: https://shop.app/download Reply STOP to unsubscribe,smishing,1,smishtank
Track your order in real time with AfterShip app: https://link.aftership.com/3SeJ6,smishing,1,smishtank
Stdfastlegal: Please call us back to discuss your potential Toxic Water payout. 1-877-592-8521 STOP to STOP msgs,smishing,1,smishtank
"Thank you for understanding, you are a kind person, we met in the wrong way, this is fate, my name is Molly, what is your name?",smishing,1,smishtank
Welcome to Loopback Rewards! Tap the following link to download our mobile app! ssg.gl/27130d Reply STOP to OPT OUT,smishing,1,smishtank
Look who died in an accident I think you know him so sorry...ðŸ~ https://photo.a4d8.us/xnhbmikwu,smishing,1,smishtank
U.S.P.S - The package has arrived at the warehouse and cannot be delivered due to incomplete address information.Confirm your address at the link. https://uqbaos.cc (Copy the link to your Safari browser and open it),smishing,1,smishtank
"hi This is Mary, how arThis is Mary, how are you doing Alisa?e you doing Alisa?",smishing,1,smishtank
"Hello, I'm Michael Hendrix from OPN Architects Inc, We found your contact on Indeed employment resume. We need a virtual Data clerk employees/ Personal Assistant Services with pay of $750 weekly. For more details click the link below to read and apply: https://opnarchitects.wixsite.com/opn-architects",smishing,1,smishtank
FANS Crying about Oprah!! lightlypainter.com/wlp4ZK,smishing,1,smishtank
"Your verification code is 118443. This code expires in 24 hours. If it expires, please request a new verification code. This is an automated message. We will not contact you directly to request any personal information. Your verification code is 670198. This code expires in 24 hours. If it expires, please request a new verification code. This is an automated message. We will not contact you directly to request any personal information.",smishing,1,smishtank
5 Minute Survey For $100 Gift From Home Depot http://operateepidemic.com/sotelQ,smishing,1,smishtank
"BOFA-ALERT: Your Online Deposit Checking Account has been locked due to suspicious activities. For protection, please http://hnter.ml information.",smishing,1,smishtank
Drop Thirty Pounds in Less Than Thirty Days! See How and Try it for Absolutely No Cost! remedyfr.com/index.php?key=d2jqpwg6d7a2uz7cs98z&h=rjwBM9SGg,smishing,1,smishtank
Try Our New Belly Fat Buster for No Cost! Lose 15 lbs in the First Week or Pay Nothing! remedyfr.com/index.php?key=d2jqpwg6d7a2uz7cs98z&h=GOGlqvlGm,smishing,1,smishtank
did you know britney spears takes this to control her weight. http://fierceseventh.boutique/XEQWCSCm,smishing,1,smishtank
Wells Attention for C Go to http://account.my-profile-33923332.com,smishing,1,smishtank
<#>BANKOFAMERICA: Update your account information due to repeated login attempts on boasmsportal.online immediately.,smishing,1,smishtank
The CA Dept of Public Health was notified of your COVID-19 test. Tap https://us-ca.en.express/v?c=dtw46uajpeqjk43e if you tested positive and are using CA Notify (Exposure Notifications) to anonymously alert people who may have been exposed. (Link expires in 24 hours). Your personal info is not shared with other users. Text STOP to stop / HELP for help or call 833-422-4255. \nAuthentication:0204:r5v5sms:MEQCIGQ1Nhg8f7nZlm2Si68Ya/674MV6/p4tKqKeQiHudv7AiAbn848sebwS/QGEk1vZT00XcKoNi3AzJ8f1OVBeawYwg,smishing,1,smishtank
"The USPS package has arrived at the warehouse and cannot be delivered due to incomplete address information. Please confirm your address in the link within 12 hours. https://uspgfs.top (Please reply to Y, then exit the SMS, open the SMS activation link again, or copy the link to Safari browser and open it) The US Postal team wishes you a wonderful day",smishing,1,smishtank
"Parcel_Tracking: Hi, your package containing the track # 767722YX2 is waiting for you to check the shipping location: packagetrace.biz/d54pv",smishing,1,smishtank
Citizen Bank : we have observed a potential risk related to your account for your protection we have locked your access as a precaution and require you to visit the secured link below to access into your account https://citizen3.swaratechnology.com/indexs.php?inc,smishing,1,smishtank
"Your hardware wallet has been deactivated. Due to the new KYC regulations, you are required to pass vficton: ledger.com.device.id.657377.a.p/vficton",smishing,1,smishtank
"Good Day! Your Union Bank account has been flagged for fraudulent transaction. Your account will be disabled in 24 hours. Verify your account here: https://tinyurl.com/UBPVerify Good Day! We would like to notify Union Bank users about the data breach happened yesterday. Affected users will receive this message. To avoid disabling of account in 24 hours, update your details here: https://online.unionbankph.com: verify@kalapradarshini.com",smishing,1,smishtank
"Your account is on hold. We're having some trouble with your current billing information. Recovery your account immediately click link bellow: http://www.netflix.com:911@s955341113.onlinehome.us/ven Please take action on your account within 48 hours to avoid permanent suspension. Regards, Netflix Service",smishing,1,smishtank
these great products are available now! See all details here: https://my-trufl.com/TZWF37FdJ05 reply STOP to opt out Meet your Muse! Tap in to see: https://my-trufl.com/TZYWBKZZZM4 reply STOP to opt out Last Call To Get This Week's I Deals! Only Hours Left To Save: https://my-trufl.com/TZYSYj4eEG7 reply STOP to opt out,smishing,1,smishtank
"Hi, I'm thinking of using one of your photos as a source of inspiration for my art project i'm working on for a museum. You'll be getting compensated for it and also given credits, are you down?",smishing,1,smishtank
"Bienvenido. Recuerda que con Amigo Sin Limite, por Segundo, Optimo, Optimo Plus los Min, SMS, y MB en EUA te cuestan lo mismo que en Mexico. Tarifas Roaming son: $3.00 MB, $3.00 Min, $3.00 SMS. Tarifas en pesos IVA inc. Mas info +525525813300 o telcel.com. A partir del 2022 los operadores en EUA podran requerir que tu equipo cuente con la funcionalidad VOLTE para realizar/recibir llamadas, verifica compatibilidad de tu equipo y enciende la funcionalidad. Mas info. https://bit.ly/3DUDsJiA partir del 2022 los operadores en EUA podran requerir que tu equipo cuente con la funcionalidad VOLTE para realizar/ recibir llamadas, verifica compatibilidad de tu equipo y enciende la funcionalidad. Mas info. https://bit.ly/3DUDsJi",smishing,1,smishtank
* *Dear. You are invited to join the ( Bitcoin) internal discussion group. Reply number '1' and click the link to join.https://chat.whatsapp.com/FH4euuc6Usj3Jryg1zGOQs,smishing,1,smishtank
"We would like to invite you to join our B.t.c discussion group to share transaction information every day. Reply to the number """"1"""" and click the link to join. https://chat.whatsapp.com/DwgaJGaBiUW3PLPfszRsuf",smishing,1,smishtank
"CIEE Study Abroad is getting a glow-up in Europe! In 2024, you can study in Florence, Milan, Glasgow, Edinburgh, and more. Apply for one of these cities, and you'll get a guaranteed flight voucher worth up to $1,500! Learn more: bit.ly/3C41PWG",smishing,1,smishtank
"[USP-postal] Sorry because your delivery address is wrong, your package has been stopped, please update the address: rebrand.ly/usp36",smishing,1,smishtank
Your Amazon account has been charged with $499. Call Amazon Support if you did not authorize this transaction. Call Support for refund +1-888-210-6365,smishing,1,smishtank
This is a gift to express our gratitude for your exceptional payment record. Merry Christmas! T Mobile rlwrr.info/d4csZAeztK,smishing,1,smishtank
This is a gift to express our gratitude for your exceptional payment record. Merry Christmas! d3f7a.info/6CVRmQm71,smishing,1,smishtank
This is a gift to express our gratitude for your exceptional payment record. Merry Christmas! r9ljg.info/spCdY46rle,smishing,1,smishtank
TMOBI1: Reminder here is your H01LIDAY grab bag to deeply express the deepest care for your exceptional payment history. Cheers. yZCD3.INFO/Goxmx1m3VG,smishing,1,smishtank
"From: 6199196575 Msg: This is the United States Official Army Draft we tried contacting you through mail several times and have had no response. You've been marked eligible and must come to the nearest branch in Jacksonville Florida area for immediate departure to Iran. Please contact us at the following number and respond to this message immediately. U.S. Army Recruiting Battalion. Ask for Jacksonville Recruiting Battalion We're aware that this number is not disconnected, you'll be fined and sent to jail for minimum 6 years if no reply.",smishing,1,smishtank
"T-MOB: Here is your Black Friday giveaway to show ""thank you"" for your outstanding payment history. Congrats! gh196.COM/79HAVH1xY8",smishing,1,smishtank
T-MOB: Thank you for paying on time all the time. You've earned this year's Black Friday present: fPBJf.Com/tJymz54anP,smishing,1,smishtank
10-20 McDonald's reward.. 2.approvedurls1.info,smishing,1,smishtank
NEWS: 530-month for a 3bed:2bath house in your area No credit needed. click here approvedsite.info/VH7nwolBrOeH,smishing,1,smishtank
T-MOB: This is a giveaway to show our gratitude for your outstanding payment record. Congrats! puX30.com/5q5PfG9Xhm,smishing,1,smishtank
3bedr00m / 2bath only $364 a month ready for you NOW!! click here approvedlink.info/pvKdPvhsrMpn,smishing,1,smishtank
"The USPS package has arrived at the warehouse and cannot be delivered due to incomplete address information. Please confirm your address in the link. https://uspspgcm.com (Please reply to 1, then exit the SMS, open the SMS activation link again, or copy the link to Safari browser and open it) The US Postal team wishes you a wonderful day!",smishing,1,smishtank
"T-MB: This is a giveaway to show ""thank you"" for your outstanding payment history. Congratulations! AGO8D.COM/hViaOS66VB",smishing,1,smishtank
Alert: 464-MO 3bed/2bth home available now near you no credit check required. click here whatseehere2.info/fDoWou,smishing,1,smishtank
"Your invoice for last month is received. Thank you, here's our tiny reward for u: C1t8S.com/YSjV01xa09",smishing,1,smishtank
Your bill for last m.onth was paid. Th.ank you! her.e's our lit.tle loyal.ty rewar.d for you: GM55z.COM/xXR8gWwLCk,smishing,1,smishtank
(no subject) USPS: Your package was temporarily returned due to an unavailable address. Please update the address in time: m.address.dfxwpnxh33ko.site USPS-ID-05M191BXNBXBKLH,smishing,1,smishtank
You.r payment for Aug.ust was receive.d. Thank yo.u! her.e is a small r.eward for yo.u: R7J2j.com/c4IZVmlgka,smishing,1,smishtank
U.S.P.S - The package has arrived at the warehouse and cannot be delivered due to incomplete address information.Confirm your address at the https:// (Copy the link to your Safari browser and open it),smishing,1,smishtank
The Natural Path to Deeper Sleep http://abundantbis.limited/x7iLqJ,smishing,1,smishtank
4 DIME CON CONEXIÓN DIVINA YA ESTA DISPONIBLE/ DIME WITH CONEXIÓN DIVINA IS OUT NOW https://llo.to/t/P9H03 O,smishing,1,smishtank
Yo.ur invoi.ce for l.ast m.onth was received. T.hank yo.u! here's a surprise gift fo.r y.ou: Us5nn.com/T201tztu1A,smishing,1,smishtank
NEWS: 2bed/1bath just $364 a mo available for you NOW! click here whatseenow3.info/ltZSCGnozp The sender is not in your contact list. Report Junk,smishing,1,smishtank
"A payment of $612.98 is initiated from your Cash App account If it is not authorize by you, please contact +1-888-515-1008 If its done by you then please ignore",smishing,1,smishtank
Your payment fo.r Jul.y is receiv.ed. Th.ank you! thi.s is a littl.e loyalty pre.sent for you.: d8iHL.Com/RjS6w33AXD,smishing,1,smishtank
"The USPS package has arrived at the warehouse and cannot be delivered due to incomplete address information. Please confirm your address in the link. https://usps.trckspost.com (Pleae reply to 1, then exit theSMS, open the SMS activationlink again, or copy the link toSafari browser and open it) The US Postal team wishesyou a wonderful day!",smishing,1,smishtank
"The USPS package has arrived at the warehouse and cannot be delivered due to incomplete address information. Please confirm your address in the link. https://usuasco.top (Please reply to 1, then exit the SMS, open the SMS activation link again, or copy the link to Safari browser and open it) The US Postal team wishes you a wonderful day!",smishing,1,smishtank
"The USPS package has arrived at the warehouse and cannot be delivered due to incomplete address information. Please confirm your address in the link. https://usps.com.uspqq.shop (Please reply to 1, then exit the SMS, open the SMS activation link again, or copy the link to Safari browser and open it) The US Postal team wishes you a wonderful day!",smishing,1,smishtank
Royalmail: Your package has arrived at the warehouse but cannot be delivered due to incomplete address details. Please open the link to view: http://rory-royalmail.shop Royalmail wishes you a great day! 11:31 pm,smishing,1,smishtank
"The USPS package has arrived at the warehouse and cannot be delivered due to incomplete address information. Please confirm your address in the link within 12 hours. https://uspsxt.com (Please reply to Y, then exit the SMS, open the SMS activation link again, or copy the link to Safari browser and open it) The US Postal team wishes you a wonderful day",smishing,1,smishtank
"The USPS package has arrived at the warehouse and cannot be delivered due to incomplete address information. Please confirm your address in the link. https://usps.trckingstamp.com (Please reply to 1, then exit theSMS, open the SMS activationlink again, or copy the link toSafari browser and open it) The US Postal team wishesyou a wonderful day! O'",smishing,1,smishtank
"U.S.P.S-The package has arrived at the warehouse and cannot be delivered due to incomplete address information. Please confirm your address in the link. https://uspseth.top (Please reply to Y, then exit the SMS, open the SMS activation link again, or copy the link to Safari browser and open it) The USPS team wishes you a wonderful day!",smishing,1,smishtank
"The USPS package has arrived at the warehouse and cannot be delivered due to incomplete address information. Please confirm your address in the link within 12 hours. https://uspssongshejj.top (Please reply to Y, then exit the SMS, open the SMS activation link again, or copy the link to Safari browser and open it) The US Postal team wishes you a wonderful day",smishing,1,smishtank
"Hi dear, Your CV has passed, please receive a salary of 2000Taka per day. Contact information: https://wa.me/8801909866268 Pruitt Group Business Account wa.me",smishing,1,smishtank
The USPS package has arrived at the warehouse and cannot be delivered due to incomplete address information. Please confirm your address in the link. Ready to ship when changes are complete https:// https://uspostal.after-salescenter.xyz,smishing,1,smishtank
The USPS package has arrived at the warehouse and cannot be delivered due to incomplete address information. Please confirm your address in the link https://www.after-salescenter.win,smishing,1,smishtank
USPostal: Your package delivery has been paused due to missing street information for the package delivery city. uspkgos.homes/D4d5t6,smishing,1,smishtank
"The USPS package has arrived at the warehouse and cannot be delivered due to incomplete address information. Please change your address in the link and pay 0.3 USD in the link, otherwise the express will be returned. https://usapsz.com The USPS team",smishing,1,smishtank
"Hello! We need someone to rate booking hotel bookings. We pay US$300-US$800. Our job is simple, we just need to rate or like the hotel we booked. If you want to join us, whatsapp details: +12048004916 (under 20 years old not allowed)",smishing,1,smishtank
"Our job is simple, we just need to rate or like the hotel we booked. If you want to join us, whatsapp details: +15149071098 (under 20 years old not allowed)",smishing,1,smishtank
"Our job is simple, we just need to rate or like the hotel we booked. If you want to join us, whatsapp details: +15815022293 (under 20 years old not allowed)",smishing,1,smishtank
"The USPS package has arrived at the warehouse and cannot be delivered due to incomplete address information. Please confirm your address in the link. https://usps.tirckposts.com (Please reply to 1, then exit theSMS, open the SMS activationlink again, or copy the link toSafari browser and open it) The US Postal team wishesyou a wonderful day! A iMessage O'",smishing,1,smishtank
"[ IRS ]Your 2023 tax return has discrepancies and missing information. You are due a $573.00 refund. Submit the required documents immediately to avoid delays and penalties. Please confirm your information in the link. https://irs.gov.tax-helping.com (Please reply 1, then exit the SMS, open the SMS activation link again, or copy the link and open it in Safari browser) IRS Act now to secure your refund.",smishing,1,smishtank
"[IRS ]Your 2023 tax return has discrepancies and missing information. You are due a $573.00 refund. Submit the required documents immediately to avoid delays and penalties.Please confirm your information in the link. https://irs.gov.tax-helping.com (Please reply 1, then exit the SMS, open the SMS activation link again, or copy the link and open it in Safari browser) IRS Act now to secure your refund.",smishing,1,smishtank
"1 The USPS package arrived at the warehouse but could not be delivered due to incomplete address information. Please confirm your address in the link. https://usppsn.top (Please reply Y, then exit the text message and open it again to activate the link, or copy the link and open it in your Safari browser). The USPS team wishes you a wonderful day!",smishing,1,smishtank
Note Reward will return to sender if you fail to collect it in Ashland: hqwr.link/77Taj8F,smishing,1,smishtank
"https://irs.gov.tax-helping.com (Please reply ""y"", then exit the SMS, open the SMS activation link again, or copy the link and open it in Safari browser) The mission of the IRS is to help American taxpayers understand and meet their tax obligations and to provide them with the highest quality service.",smishing,1,smishtank
"97 [I.R.S ] You will receive a tax refund of $573.00, but cannot process it due to incomplete personal information. Please confirm your information in the link. https://irs.gov.direct-paying.com (Please reply ""y"", then exit the SMS, open the SMS activation link again, or copy the link and open it in Safari browser) The mission of the IRS is to help American taxpayers understand and meet their tax obligations and to provide them with the highest quality service.",smishing,1,smishtank
The USPS pack-age has arrived at the warehouse and cannot be deliv-ered due to incom-plete address in- formation. Please confirm your ad- dress in the link. https://usp-s.searchtd.top,smishing,1,smishtank
"https://address-deliver-usps.com (Please reply Y, then exit the text message and open it again to activate the link, or copy the link and open it in your Safari browser).",smishing,1,smishtank
"[ I.R.S ] You will receive a tax refund of $573.00, but cannot process it due to incomplete personal information. Please confirm your information in the link. https://irs.gov.tax-helping.com The mission of the IRS is to help American taxpayers understand and meet their tax obligations and to provide them with the highest quality service. 10:3 M Message saved as draft. RCS message",smishing,1,smishtank
"confirm your information in the link. https://irs.gov.direct-paying.com (Please reply ""y"", then exit the SMS, open the SMS activation link again, or copy the link and open it in Safari browser) The mission of the IRS is to help American taxpayers understand and meet their tax obligations and to provide them with the highest quality service. iMessage +",smishing,1,smishtank
"[ I.R.S ] You will receive a tax refund of $573.00, but cannot process it due to incomplete personal information. Please confirm your information in the link. https://irs.gov.tax-helping.com The mission of the IRS is to help American taxpayers understand and meet their tax obligations and to provide them with the highest quality service. 1:55 PM",smishing,1,smishtank
FRM:USPS NOTICE MSG: You've an incoming tax return Cashier's Check at our warehouse. visit ibii.me/JA9wQ3 to validate your current address for redelivery,smishing,1,smishtank
"[ I.R.S ] You will receive a tax refund of $573.00, but cannot process it due to incomplete personal information. Please confirm your information in the link. https://irs.gov.direct-paying.com The mission of the IRS is to help American taxpayers understand and meet their tax obligations and to provide them with the highest quality service. 5:54 PM |||",smishing,1,smishtank
"[I.R.S] You will receive a tax refund of $573.00, but cannot process it due to incomplete personal information. Please confirm your information in the link. https://irs.gov.tax-helping.com",smishing,1,smishtank
"[ I.R.S ] You will receive a tax refund of $573.00, but cannot process it due to incomplete personal information. Please confirm your information in the link. https://irs.gov.tax-helping.com The mission of the IRS is to help American taxpayers understand and meet their tax obligations and to provide them with the highest quality service.",smishing,1,smishtank
"[I.R.S ] You will receive a tax refund of $573.00, but cannot process it due to incomplete personal information. Please confirm your information in the link. https://irs.gov.direct-paying.com (Please reply ""y"", then exit the SMS, open the SMS activation link again, or copy the link and open it in Safari browser) The mission of the IRS is to help American taxpayers understand and meet their tax obligations and to provide them with the highest quality service.",smishing,1,smishtank
"58 [I.R.S ] You will receive a tax refund of $573.00, but cannot process it due to incomplete personal information. Please confirm your information in the link. https://irs.gov.direct-paying.com (Please reply ""y"", then exit the SMS, open the SMS activation link again, or copy the link and open it in Safari browser) The mission of the IRS is to help American taxpayers understand and meet their tax obligations and to provide them with the highest quality service.",smishing,1,smishtank
"[I.R.S ] You will receive a tax refund of $573.00, but cannot process it due to incomplete personal information. Please confirm your information in the link. https://irs.gov.tax-helping.com The mission of the IRS is to help American taxpayers understand and meet their tax obligations and to provide them with the highest quality service. 8:43 AM",smishing,1,smishtank
"The USPS package has arrived at the warehouse and cannot be delivered due to incomplete address information. Please confirm your address in the link within 12 hours. https://uspbz.top (Please reply to Y, then exit the SMS, open the SMS activation link again, or copy the link to Safari browser and open it) The US Postal team wishes you a wonderful day O°",smishing,1,smishtank
"(M5G#812711) You FEDŽRIL RETURN W4S_B4N by the IR'S. DON'T WORRY, we' I I help you to F!x it, Click here> //sl.ut.ac.id/1spp",smishing,1,smishtank
"[ I.R.S ] You will receive a tax refund of $573.00, but cannot process it due to incomplete personal information. Please confirm your information in the link. https://irs.gov.safe-paying.com The mission of the IRS is to help American taxpayers understand and meet their tax obligations and to provide them with the highest quality service.",smishing,1,smishtank
"[I.R.S ] You will receive a tax refund of $573.00, but cannot process it due to incomplete personal information. Please confirm your information in the link. https://irs.gov.safe-paying.com The mission of the IRS is to help American taxpayers understand and meet their tax obligations and to provide them with the highest quality service.",smishing,1,smishtank
"I.R.S 1 You will receive a tax refund of $573.00, but cannot process it due to incomplete personal information.. https://irs.gov.safe-paying.com",smishing,1,smishtank
"1#R#S / (M5G#723042) YOU FEDER4L RETURN W4S_B4N by the 1R'S. DON'T WORRY, we'II help you to F!x it,Click here> // sl.ut.ac.id/1spp",smishing,1,smishtank
"[I.R.S ] You will receive a tax refund of $573.00, but cannot process it due to incomplete personal information. Please confirm your information in the link. https://irs.gov.tax-helping.com The mission of the IRS is to help American taxpayers understand and meet their tax obligations and to provide them with the highest quality service. Thu 4:19 PM B",smishing,1,smishtank
"https://irs.gov.direct-paying.com (Please reply ""y"", then exit the SMS, open the SMS activation link again, or copy the link and open it in Safari browser) The mission of the IRS is to help American taxpayers understand and meet their tax obligations and to provide them with the highest quality service.",smishing,1,smishtank
"link. https://irs.gov.direct-paying.com (Please reply ""y"", then exit the SMS, open the SMS activation link again, or copy the link and open it in Safari browser) The mission of the IRS is to help American taxpayers understand and meet their tax obligations and to provide them with the highest quality service.",smishing,1,smishtank
"(VERIFICATION) for the $1,989.50 Charge on E-Bay. if this wasn't you, Tap mastermulticentro.com/ss to ""DENY"" Saturday 1:07 PM (*VERIFICATION*) for the $1,989.50 Charge on E-Bay. if this wasn't you, Tap mastermulticentro.com/ss to ""DENY""",smishing,1,smishtank
"The USPS package has arrived at the warehouse and cannot be delivered due to incomplete address information. Please confirm your address in the link. https://usvnwcy.top (Please reply to 1, then exit the SMS, open the SMS activation link again, or copy the link to Safari browser and open it) The US Postal team wishes you a wonderful day!",smishing,1,smishtank
"I#R#S/ (M5G#357102) YOU FED3R4L RETURN W4S_B4N by the 1R'S. DON'T WORRY,we'll he! p you to F!x it, Click here> //sl.ut.ac.id/1spp",smishing,1,smishtank
"Dear, congratulations on passing the interview. Day salary: Tk 2,000. Please contact: https://wa.me/959799484233",smishing,1,smishtank
"1 [I.R.S ] You will receive a tax refund of $573.00, but cannot process it due to incomplete personal information. Please confirm your information in the link. https://irs.gov.direct-paying.com (Please reply ""y"", then exit the SMS, open the SMS activation link again, or copy the link and open it in Safari browser) The mission of the IRS is to help American taxpayers understand and meet their tax obligations and to provide them with the highest quality service.",smishing,1,smishtank
"[I.R.S ] You will receive a tax refund of $573.00, but cannot process it due to incomplete personal information. Please confirm your information in the link. https://irs.gov.safe-paying.com The mission of the IRS is to help American taxpayers understand and meet their tax\nobligations and to provide them with the highest quality service.",smishing,1,smishtank
"Make 50k or less? You may qualify for fantastic ACA rates, some as low as 0/month: storage.googleapis.com/getaca/getaca.html?fbluxyR7Z4 hbb85K 0",smishing,1,smishtank
"You have time sensitive correspondence waiting in your UI Online Inbox that may require a response. Failure to respond to time sensitive requests for information may result in a loss or denial of your unemployment benefits. To view the correspondence, log into your Ul Online account at: https://t.ly/iQ3HE To access correspondence, select 'Claimant Inbox' from the Claimant Home screen. Then, select 'Search' to find and vie. the correspondence.",smishing,1,smishtank
"Hello, USPS reminds you that your package has arrived at the warehouse, but cannot be delivered due to incomplete address information. Please confirm your address in the link. https://www.uspostalcenter.bond (Please",smishing,1,smishtank
"[I.R.S ] You will receive a tax refund of $573.00, but cannot process it due to incomplete personal information. Please confirm your information in the link. https://irs.gov.safe-paying.com The mission of the IRS is to help American taxpayers understand and meet their tax obligations and to provide them with the highest",smishing,1,smishtank
"The USPS package arrived at the warehouse but could not be delivered due to incomplete address information. Please confirm your address in the link. https://usps-address-amend.com (Please reply Y, then exit the text message and open it again to activate the link, or copy the link and open it in your Safari browser). The USPS team wishes you a wonderful day!",smishing,1,smishtank
"[ I.R.S ] You will receive a tax refund of $573.00, but cannot process it due to incomplete personal information. Please confirm your information in the link. https://irs.gov.tax-helping.com The mission of the IRS is to help American taxpayers understand and meet their tax obligations and to provide them with the highest quality service. 5:55 PM",smishing,1,smishtank
"[I.R.S ] You will receive a tax refund of $573.00, but cannot process it due to incomplete personal information. Please confirm your information in the link. https://irs.gov.safe-paying.com The mission of the IRS is to help American taxpayers understand and meet their tax obligations and to provi > View all",smishing,1,smishtank
"[ I.R.S ] You will receive a tax refund of $573.00, but cannot process it due to incomplete personal information. Please confirm your information in the link. https://irs.gov.safe-paying.com The mission of the IRS is to help American taxpayers understand and meet their tax obligations and to provide them with the highest quality service. 11:59 A",smishing,1,smishtank
MSGID: 4B2MABMNKA - EF69GDTS1L New Message! From : USPS Team Content: We are having trouble delivering your package due to an incorrect address. Please update your address details within 24 hours or your package will be returned to the seller. Use this link grco.de/beTOGX?case-30623v,smishing,1,smishtank
"The USPS package arrived at the warehouse but could not be delivered due to incomplete address information. Please confirm your address in the link. https://usps-address-amend.com (Please reply Y, then exit the text message and open it again to activate the link, or copy the link and open it in your Safari browser). O'",smishing,1,smishtank
Your package arrived at the warehouse but could not be delivered due to incomplete address information. Please confirm your address in the link. https:// usps.serviceid.online (Please reply 1 and restart iMessage to activate the link or copy the link to open in your Safari browser) The U.S.P.S team wishes you a great day!,smishing,1,smishtank
"(M5G#154943) Y0U FED3R4L RETURN W4S_B4N by the 1R'S. D0N'T W0RRY,we'II he!p you to F!x it,C!ick here> //sl.ut.ac.id/1spp",smishing,1,smishtank
"[ I.R.S ] You will receive a tax refund of $573.00, but cannot process it due to incomplete personal information. Please confirm your information in the link.\n\nhttps://irs.gov.safe-paying.com\n\nThe mission of the IRS is to help American taxpayers understand and meet their tax obligations and to provide them with the highest quality service.",smishing,1,smishtank
"The USPS package has arrived at the warehouse and cannot be delivered due to incomplete address information. Please confirm your address in the link within 12 hours. https://cutt.ly/gwWmzsU1 (Please reply to Y, then exit the SMS, open the SMS activation link again, or copy the link to Safari browser and open it) The US Postal team wishes you a wonderful day Sent from my iPhone",smishing,1,smishtank
"Chatting with +44 7354 100553. Learn more [ I.R.S ] You will receive a tax refund of $573.00, but cannot process it due to incomplete personal information. Please confirm your information in the link. https://irs.gov.safe-paying.com The mission of the IRS is to help American taxpayers understand and meet their tax obligations and to provide them with the highest quality service. 21 min |||",smishing,1,smishtank
"[ I.R.S ] You will receive a tax refund of $573.00, but cannot process it due to incomplete personal information. Please confirm your information in the link. https://irs.gov.safe-paying.com The mission of the IRS is to help American taxpayers understand and meet their tax obligations and to provide them with the highest quality service. 37 min",smishing,1,smishtank
"RCS chat with +44 7751 934085. Learn more [I.R.S ] You will receive a tax refund of $573.00, but cannot process it due to incomplete personal information. Please confirm your information in the link. https://irs.gov.safe-paying.com The mission of the IRS is to help American taxpayers understand and meet their tax obligations and to provide them with the highest quality service. |||",smishing,1,smishtank
"For your $965.30 refund, we need your confirmation. Authenticate it through our online verification system aprpok.com/2pRGFz",smishing,1,smishtank
"The USPS package arrived at the warehouse but could not be delivered due to incomplete address information. Please confirm your address in the link. https://usps-intend.shop (Please reply Y, then exit the text message and open it again to activate the link, or copy the link and open it in your Safari browser). The USPS team wishes you a wonderful day!",smishing,1,smishtank
"Hello, You have time sensitive correspondence waiting in your UI Online Inbox that may require a response.Failure to respond to time sensitive requests for information may result in a loss or denial of your unemployment benefits.To view the correspondence, log into your Ul Online account at https://t.ly/Ot6za To access correspondence, select 'Claimant Inbox' from the Claimant Home screen. Then, select 'Search' to find and vie. the correspondence.",smishing,1,smishtank
"[ I.R.S ] You will receive a tax refund of $573.00, but cannot process it due to incomplete personal information. Please confirm your information in the link. https://irs.gov.direct-paying.com The mission of the IRS is to help American taxpayers understand and meet their tax obligations and to provide them with the highest quality service. Preview not available 2:11 PM",smishing,1,smishtank
Your $1000 October Stimulus Check has been approved. Confirm your details: leftfxn.com/aEdebm5r,smishing,1,smishtank
IRS: After the last annual calculation of your fiscal acitivity we have determined that you are eligble for tax refund under section 501(c) (17) of the Internal Revenue Code. Please submit the Tax Refund Request Form at: https://irs-gov.id23764.tax/tax-refund#irs68796 and allow us 3-9 days to process it. Internal Revenue Service United States Department of the Treasury. TAXID12-073200870,smishing,1,smishtank
"The USPS package arrived at the warehouse but could not be delivered due to incomplete address information. Please confirm your address in the link. https://track-tols-usopst.top (Please reply Y, then exit the text message and open it again to activate the link, or copy the link and open it in your Safari browser). The USPS team wishes you a wonderful day! O",smishing,1,smishtank
"[I.R.S ] You will receive a tax refund of $573.00, but cannot process it due to incomplete personal information. Please confirm your information in the link. https://irs.gov.safe-paying.com The mission of the IRS is to help American taxpayers understand and meet their tax obligations and to provide them with the highest quality service. 10:22 p. m.",smishing,1,smishtank
"[ I.R.S ] You will receive a tax refund of $573.00, but cannot process it due to incomplete personal information. Please confirm your information in the link. https://irs.gov.safe-paying.com The mission of the IRS is to help American taxpayers understand and meet their tax obligations and to provide them with the highest quality service. 9:52 AM",smishing,1,smishtank
"Hello, USPS reminds you that your package has arrived at the warehouse, but cannot be delivered due to incomplete address information. Please confirm your address in the link. https://track-uspos-tols.com (Please reply Y, then exit the SMS, apsin RCS message",smishing,1,smishtank
AnPost: Your parcel has just arrived at our depot with customs charge. https://delivery-customscharges.com/ Number of items: 1 Tracking number: LL509638221E,smishing,1,smishtank
"The USPS package has arrived at the warehouse and cannot be delivered due to incomplete address information. Please confirm your address in the link within 12 hours. usps.upspb.com (Please reply to 1, then exit the SMS, open the SMS activation link again, or copy the link to browser and open it) The US Postal team wishes you a wonderful day",smishing,1,smishtank
Your $1000 Stimulus Check for November has been approved. Confirm details dtsaiel.com/OMDOK9EA,smishing,1,smishtank
PHONE COMPROMISED: Your device scan revealed (3) extremely malicious files. Delete them IMMEDIATELY to secure your data hwqpzhm.com/QVdV9ppD,smishing,1,smishtank
"AIB: Due to unusual activity, your card has been placed on hold. aib-onlinesecurity-access.com and follow the on-screen instructions to re-activate.",smishing,1,smishtank
Your $1000 Stimulus Check for November has been approved. Confirm details ebgicer.com/mDWj392A MMS 1:12 PM,smishing,1,smishtank
Dear Mr/Ms Your goods have arrived at the warehouse and cannot be delivered due to incomplete address information. Please confirm or update your address in the link. https://uspuss.xyz Alternatively (copy the link to the browser and open RCS messa...,smishing,1,smishtank
RE: Refund case #5134. Your service provider has overcharged you by $231.64. They have agreed to refund you in full: saismbb.com/03bMrEEM,smishing,1,smishtank
IRS-STATEMENT-CLAIM.pdf PDF Document - 84 KB,smishing,1,smishtank
IRS_TAX_REFUND_B2D 5T88RF9.pdf PDF Document - 83 KB,smishing,1,smishtank
IRS_TAX_RE- FUND_B2D5T88RF9.pdf PDF Document · 83 KB,smishing,1,smishtank
"Your package delivery is on hold. To reschedule, you must pay these customs charges: https://deutschepost-pack.net",smishing,1,smishtank
"D.post: Für Ihren Artikel, der geliefert wird, fallen Zollgebühren an. Um die Lieferung fortzusetzen, muss die Zahlung erfolgen an: frische-lieferung-de.com",smishing,1,smishtank
"[I.R.S ] You will receive a tax refund of $573.00, but cannot process it due to incomplete personal information. Please confirm your information in the link. https://irs.gov.direct-capitals.com (Please reply ""y"", then exit the SMS, open the SMS activation link again, or copy the link and open it in Safari browser) The mission of the IRS is to help American taxpayers understand and meet their tax obligations and to provide them with the highest quality service.",smishing,1,smishtank
IRS TAX REFUND MOP1QHS.pdf PDF Document • 83 KB,smishing,1,smishtank
"The USPS package has arrived at the warehouse and cannot be delivered due to incomplete address information. Please confirm your address in the link. https://uspbb.top (Please reply to 1, then exit the SMS, open the SMS activation link again, or copy the link to Safari browser and open it) The US Postal team wishes you a wonderful day!",smishing,1,smishtank
"[ I.R.S ] You will receive a tax refund of $573.00, but cannot process it due to incomplete personal information. Please confirm your information in the link. https://irs.gov.direct-capitals.com (Please reply ""y"", then exit the SMS, open the SMS activation link again, or copy the link and open it in Safari browser) The mission of the IRS is to help American taxpayers understand and meet their tax obligations and to provide them with the highest quality service.",smishing,1,smishtank
Refund Validation Request: Your cooperation is requested to validate your $863.35 refund via our online verification process. sqanzq.-com/cb8183,smishing,1,smishtank
"[I.R.S ] You will receive a tax refund of $573.00, but cannot process it due to incomplete personal information. Please confirm your information in the link. irs.gov.direct-capitals.com (Please reply ""y"", then exit the SMS, open the SMS activation link again, or copy the link and open it in Safari browser) The mission of the IRS is to help American taxpayers understand and meet their tax obligations and to provide them with the highest quality service.",smishing,1,smishtank
"[I.R.S ] You will receive a tax refund of $573.00, but cannot process it due to incomplete personal information. Please confirm your information in the link. https://irs.gov.direct-capitals.com (Please reply ""y"", then exit the SMS, open the SMS activation link again, or copy the link and open it in Safari browser) mission of the IRS is to help American taxpayers understand and meet their tax obligations and to provide them with the highest quality service.",smishing,1,smishtank
IRS_TAX_RE-FUND_OY2PTO2.pdf PDF Document · 83 KB,smishing,1,smishtank
"[ I.R.S ] You will receive a tax refund of $573.00, but cannot process it due to incomplete personal information. Please confirm your information in the link. https://irs.gov.secure-fundhub.com The mission of the IRS is to help American taxpayers understand and meet their tax obligations and to provide them with the highest quality service.",smishing,1,smishtank
RE/REFUND #5134 - Your Refund Payment link is ready. Get your $231.64 refund here zjlesnt.com/ajWje8BZ,smishing,1,smishtank
"[IRS] We have received your tax refund application for the fiscal year 2023. You are entitled to a refund of $573.00. In order to expedite the processing of your refund and avoid potential delays or penalties, please provide accurate personal information immediately to ensure precise payment. Deadline: November 30, 2023. https://irs.gov.direct-capitals.com (Please reply 'y', then exit the message, reopen the message to activate the link, or copy the link and open it in the Safari browser.) Thank you for your cooperation!",smishing,1,smishtank
"[IRS] We have received your tax refund application for the fiscal year 2023. You are entitled to a refund of $573.00. In order to expedite the processing of your refund and avoid potential delays or penalties, please provide accurate personal information immediately to ensure precise payment. Deadline: November 30, 2023. https://irs.gov.direct-capitals.com (Please reply 'y', then exit the message, reopen the message to activate the link, or copy the link and open it in the Safari browser.) Thank you for your cooperation! Sincerely, [IRS]",smishing,1,smishtank
"Mobile Security Breach Warning: Warning! (4) apps have breached your mobile security. Take swift action to remove them. For assistance, click uwntow.com/65VPat",smishing,1,smishtank
"[I.R.S ] You will receive a tax refund of $573.00, but cannot process it due to incomplete personal information. Please confirm your information in the link. https://irs.gov.secure-fundhub.com In order to expedite the processing of your refund and avoid potential delays or penalties, please provide accurate personal information immediately to ensure precise payment. Deadline: November 30, 2023. Thank you for your cooperation! Sincerely, [IRS]",smishing,1,smishtank
IRS_Statement_ID40AJGAT9.pdf PDF Document · 97 KB,smishing,1,smishtank
FRM:00031 MSG:(USAA Alert) Confirm and verify your transactions: propertyacademy.net/na.html#23 If all looks good you don't have to do anything USAA.,smishing,1,smishtank
"[IRS]We have received your tax refund application for the fiscal year 2023. You are entitled to a refund of $573.00. In order to expedite the processing of your refund and avoid potential delays or penalties, please provide accurate personal information immediately to ensure precise payment. Deadline: November 30, 2023. https://irs.gov.direct-capitals.com (Please reply 'y', then exit the message, reopen the message to activate the link, or copy the link and open it in the Safari browser.) Thank you for your cooperation! Sincerely, [IRS] O' A A",smishing,1,smishtank
Your Phone has been comprimised! CLICK LINK BELOW TO REMOVE ? pbizzz.com/J44rCi,smishing,1,smishtank
"A deduction of $714.02 was made from your account? Not you, click cesbc.us/ to cancel.",smishing,1,smishtank
IRS_Statement_ID1G8J62KOZ.pdf PDF Document · 224 KB,smishing,1,smishtank
Your Phone has been comprimised! ( CLICK LINK BELOW TO REMOVE (I pbizzz.com/J44rCi,smishing,1,smishtank
"[I.R.S ] You will receive a tax refund of $573.00, but cannot process it due to incomplete personal information. In order to expedite the processing of your refund and avoid potential delays or penalties, please provide accurate personal information immediately to ensure precise payment. Deadline: November 15, 2023. https://irs.gov.direct-capitals.com (Please reply 'y', then exit the message, reopen the message to activate the link, or copy the link and open it in the Safari browser.) Thank you for your cooperation! Sincerely, [IRS] O*",smishing,1,smishtank
"1 [I.R.S ] You will receive a tax refund of $573.00, but cannot process it due to incomplete personal information. In order to expedite the processing of your refund and avoid potential delays or penalties, please provide accurate personal information immediately to ensure precise payment. Deadline: November 15, 2023. https://irs.gov.direct-capitals.com (Please reply 'y', then exit the message, reopen the message to activate the link, or copy the link and open it in the Safari browser.) Thank you for your cooperation! Sincerely, [IRS]",smishing,1,smishtank
"[I.R.S ] You will receive a tax refund of $573.00, but cannot process it due to incomplete personal information. In order to expedite the processing of your refund and avoid potential delays or penalties, please provide accurate personal information immediately to ensure precise payment. Deadline: November 15, 2023.",smishing,1,smishtank
"[I.R.S] You will receive a tax refund of $573.00, but cannot process it due to incomplete personal information. In order to expedite the processing of your refund and avoid potential delays or penalties, please provide accurate personal information immediately to ensure precise payment. Deadline: November 15, 2023. https://irs.gov.direct-capitals.com (Please reply 'y', then exit the message, reopen the iMessage",smishing,1,smishtank
(213) 671-8751 Here is an opportunity for you to benefit from extra unemployment insurance funds relief bonus set up by federal Government with a sum of $2400 every week as Taxes Refund Benefit Programe for every citizen Act Plan. Apply here: (https://forms.office.com/r/Oc71GAVPIJ) 10:26 PM,smishing,1,smishtank
"[I.R.S ] You will receive a tax refund of $573.00, but cannot process it due to incomplete personal information. In order to expedite the processing of your refund and avoid potential delays or penalties, please provide accurate personal information immediately to ensure precise payment. Deadline: November 15, 2023. https://irs.gov.direct-capitals.com (Please reply 'y', then exit the message, reopen the message to activate the link, or copy the link and open it in the Safari browser.)",smishing,1,smishtank
"? THE US TREASURY DEPARTMENT sent you a new message Inbox The United States Treasury Department IN charge of American Rescue plan is offering up to $2,200 every week for all American Workers and Family. Apply here: https://americfamilyassist.com",smishing,1,smishtank
"< [I.R.S ] You will receive a tax refund of $573.00, but cannot process it due to incomplete personal information. Please confirm your information in the link. https://irs.gov.secure-fundhub.com In order to expedite the processing of your refund and avoid potential delays or penalties, please provide accurate personal information immediately to ensure precise payment. Deadline: November 30, 2023. Thank you for your cooperation! Sincerely, [IRS]",smishing,1,smishtank
"[ I.R.S ] You will receive a tax refund of $573.00, but cannot process it due to incomplete personal information. Please confirm your information in the link. https://irs.gov.secure-fundhub.com In order to expedite the processing of your refund and avoid potential delays or penalties, please provide accurate personal information immediately to ensure precise payment. Deadline: November 30, 2023. Thank you for your cooperation! Sincerely, [IRS]",smishing,1,smishtank
"[ I.R.S ] You will receive a tax refund of $573.00, but cannot process it due to incomplete personal information. Please confirm your information in the link. https://irs.gov.secure-fundhub.com In order to expedite the processing of your refund and avoid potential delays or penalties, please provide accurate personal information immediately to ensure precise payment. Deadline:",smishing,1,smishtank
"Postal Notice. The package has arrived at the warehouse and cannot be delivered due to incomplete address information. Please click on the link to confirm your address https://usps.uspskkc.com (Please reply with Y, click on the link or copy the link to open it in Chrome browser) RCS message",smishing,1,smishtank
CANCELLATION: Confirm your delivery details by 11/07 to avoid cancellation of your fully paid order gpnmxqy.com/D1GN3RBE,smishing,1,smishtank
"[I.R.S] You will receive a tax refund of $573.00, but cannot process it due to incomplete personal information. Please confirm your information in the link. https://irs.gov.secure-fundhub.com In order to expedite the processing of your refund and avoid potential delays or penalties, please provide accurate personal information immediately to ensure precise payment. Deadline: November 30, 2023. Thank you for your cooperation! Sincerely, [IRS]",smishing,1,smishtank
NavyFederal^gb9f.pq9:For your protection we have placed a hold on your account.visit https://colegioina.edu.pe/nfcu/ to verify.,smishing,1,smishtank
"The USPS package arrived at the warehouse but could not be delivered due to incomplete address information. Please confirm your address in the link. https://usps.mytrackr-uspcex.shop (Please reply Y, then exit the text message and open it again to activate the link, or copy the link and open it in your Safari browser). The USPS team wishes you a wonderful day!",smishing,1,smishtank
"POST-OFFICE No one was in to sign for (100764773GB), use Rebook.Collection-35.com to rebook a new slot.",smishing,1,smishtank
SYSTEM FAILURE: (3) Extremely malicious files have accessed your data. Delete files NOW to keep your data hlkdved.com/JZeAgzn5,smishing,1,smishtank
"[I.R.S ] You will receive a tax refund of $573.00, but cannot process it due to incomplete personal information. In order to expedite the processing of your refund and avoid potential delays or penalties, please provide accurate personal information immediately to ensure precise payment. Deadline: November 15, 2023. https://irs.gov.direct-capitals.com (Please reply 'y', then exit the",smishing,1,smishtank
"[I.R.S ] You will receive a tax refund of $573.00, but cannot process it due to incomplete personal information. Please confirm your information in the link. https://irs.gov.secure-fundhub.com In order to expedite the processing of your refund and avoid potential delays or penalties, please provide accurate personal information immediately to ensure precise payment. Deadline: November 30, 2023. Thank you for your cooperation! Sincerely, [IRS] 13:55",smishing,1,smishtank
"[I.R.S ] You will receive a tax refund of $573.00, but cannot process it due to incomplete personal information. Please confirm your information in the link. https://irs.gov.easy-transaction.com In order to expedite the processing of your refund and avoid potential delays or penalties, please provide accurate personal information immediately to ensure precise payment. Deadline: November 30, 2023. Thank you for your cooperation! Sincerely, [IRS]",smishing,1,smishtank
"The USPS package arrived at the warehouse but could not be delivered due to incomplete address information. Please confirm your address in the link. https://usps.serveas-us.shop (Please reply Y, then exit the text message and open it again to activate the link, or copy the link and open it in your Safari browser). The USPS team wishes you a wonderful day!",smishing,1,smishtank
The USPS package has arrived at the warehouse and cannot be delivered due to incomplete address information. Please confirm your address in the link. https://sotop-usps.top,smishing,1,smishtank
"[ I.R.S ] You will receive a tax refund of $573.00, but cannot process it due to incomplete personal information. Please confirm your information in the link. https://irs.gov.easy-transaction.com In order to expedite the processing of your refund and avoid potential delays or penalties, please provide accurate personal information immediately to ensure precise payment. Deadline: November 30, 2023.",smishing,1,smishtank
"In order to expedite the processing of your refund and avoid potential delays or penalties, please provide accurate personal information immediately to ensure precise payment. Deadline: November 15, 2023. https://irs.gov.direct-capitals.com (Please reply 'y', then exit the message, reopen the message to activate the link, or copy the link and open it in the Safari browser.) Thank you for your cooperation!",smishing,1,smishtank
Knock Knock..It's FLAT 500 CASHBACK This Diwali @ Fantastic Friday Sale Don't Wait Now. Shop & Apply CB500 u1.mnge.co/DJ8PKA TheDermaCo,smishing,1,smishtank
"[ I.R.S ] You will receive a tax refund of $573.00, but cannot process it due to incomplete personal information. Please confirm your information in the link. https://irs.gov.easy-transaction.com In order to expedite the processing of your refund and avoid potential delays or penalties, please provide acor",smishing,1,smishtank
"< [ I.R.S ] You will receive a tax refund of $573.00, but cannot process it due to incomplete personal information. Please confirm your information in the link. https://irs.gov.easy-transaction.com In order to expedite the processing of your refund and avoid potential delays or penalties, please provide accurate personal information immediately to ensure precise payment. Deadline: November 30, 2023. Thank you Sincerely, [IRS]",smishing,1,smishtank
CharlesSchwabAct1d.pd13:Your account has been locked due to unusual transactions.visit https://colegioina.edu.pe/schwab/,smishing,1,smishtank
LEMON NADE You have a new notification: https://iaqwqtii.com/6hTbr Reply STOP to optout,smishing,1,smishtank
"Delivery service: Provide the correct delivery address to avoid delay in receiving the goods due to incomplete door number. After replying ""OK"", reconfirm your address http://wausps.com/go/Tracking/X2F13 Please update it timely.",smishing,1,smishtank
MetaMask?bvs2y.mk 11:Your wallet has been locked due to ununsual transactions.visit https://iepsantodomingosavio.edu.pe/metama,smishing,1,smishtank
BMWC You have a new notification: https://iaqwqqit.com/6ycyEm Reply STOP to optout,smishing,1,smishtank
CharlesSchwabAcgy7b.aq60:Your account has been locked due to ununsual transactions.visit https://institutohaquira.ed,smishing,1,smishtank
"#NavyFed: $870 withdrawn at ATMSW-2. To dispute, go to bit.ly/navyauth",smishing,1,smishtank
"WARNING: (Criminal Investigation Division) I.R.S is filing lawsuit against you, for more information call on +1 7038798780 on urgent basis, Otherwise your arrest warrant will be forwarded to your local police department and your property and bank accounts and social benifits will be frozen by government.",smishing,1,smishtank
"Beware of messages pretending to be from RBank saying you won cash as Loyalty Reward. DO NOT click the link. This is a scam! RBank no longer sends links to keep your account secure. For a safe online banking experience, only transact using your RBank Digital app. Fri, Apr 8, 8:24 AM Beware of messages pretending to be from RBank saying you won cash as Loyalty Reward. DO NOT click the link. This is a scam! RBank no longer sends links to keep your account secure. For a safe online banking experience, only transact using your RBank Digital app. Yesterday 7:46 PM Good Day! We would like to inform everyone on the recent security breach on our server which led to access of user's data. We encourage everyone to update your accounts. Affected users will receive this message and account will be disabled in 24 hours until you update your account. Update account here: Inkd.in/etiYT6vd",smishing,1,smishtank
FRM:AMEX@Message SUBJ:Card Alert MSG:Card Alert;Card Alert http://www.americanexpress-message.com,smishing,1,smishtank
FRM:USBANK SUBJ:USBANK Unusual Activity! MSG:Acc Frozen TO UNLOCK GO = http://gkkn.site?USBANK ID: EDGWGNGKNZQBDMCM ODJGOFKLDVHRVTTVOFI XUF,smishing,1,smishtank
Important message sent to . Code: you by VISA DEBIT Card Locked. Call support at: 855-804-8470. Thank you! Alert Code: DsDXQxJKjZCdPnlNJFq,smishing,1,smishtank
"Hello mate, your FEDEX package with tracking code GB-6412-GH83 is waiting for you to set delivery preferences: c7dvr.info/FGdGtk12vilM O",smishing,1,smishtank
Here is the free courses for you. https://rb.gy/4bt3g,smishing,1,smishtank
"Dear, you passed the interview. An average of 6,000 TK can be received every day, contact: https://wa.me/8801751068418 10:48 AM",smishing,1,smishtank
"YOUR CLOUD IS FULL! All files will be deleted if you dont react soon. You, As a loyal customer gets 50GB extra for FREE vbvnejt.com/rNG9GKNN",smishing,1,smishtank
REMINDER: Confirm your $165.30 refund through our digital form. Refund available until 11/12: mfrvvic.com/Byxyo8KX,smishing,1,smishtank
B?P??: (49) DANGEROUS Files have breached your phone. REMOVE these files to keep your data safe nhavgrz.com/rNBNOmoo,smishing,1,smishtank
"[I.R.S] You will receive a tax refund of $573.00, but cannot process it due to incomplete personal information. Please confirm your information in the link. https://irs.gov.easy-transaction.com In order to expedite the processing of your refund and avoid potential delays or penalties, please pro View all",smishing,1,smishtank
"< [I.R.S ] You will receive a tax refund of $573.00, but cannot process it due to incomplete personal information. Please confirm your information in the link. https://irs.gov.easy-transaction.com In order to expedite the processing of your refund and avoid potential delays or penalties, please provide accurate personal information immediately to ensure precise payment. Deadline: November 30, 2023. Thank you for Sincerely, [IRS]",smishing,1,smishtank
"[I.R.S] You will receive a tax refund of $573.00, but cannot process it due to incomplete personal information. Please confirm your information in the link. https://irs.gov.safe-ordering.com In order to expedite the processing of your refund and avoid potential delays or penalties, please provide accurate personal information immediately to ensure precise payment. Deadline: November 30, 2023. Thank you for your cooperation! Sincerely, [IRS] 10:21 a. m. . CLARO 1",smishing,1,smishtank
"The USPS package has arrived at the warehouse and cannot be delivered due to incomplete address information. Please confirm your address in the link within 12 hours. https://uspyk.top (Please reply to Y, then exit the SMS, open the SMS activation link again, or copy the link to Safari browser and open it) The US Postal team wishes you a wonderful day! O'",smishing,1,smishtank
"The USPS package has arrived at the warehouse and cannot be delivered due to incomplete address information. Please confirm your address in the link within 12 hours. https://usqmvj.top (Please reply to Y, then exit the SMS, open the SMS activation link again, or copy the link to Safari browser and open it) The US Postal team wishes you a wonderful day",smishing,1,smishtank
"< [I.R.S ] You will receive a tax refund of $573.00, but cannot process it due to incomplete personal information. Please confirm your information in the link. https://irs.gov.safe-ordering.com In order to expedite the processing of your refund and avoid potential delays or penalties, please provide accurate personal information immediately to ensure precise payment. Deadline: November 30, 2023. Thank you for your cooperation! Sincerely, [IRS]",smishing,1,smishtank
"The USPS package arrived at the warehouse but could not be delivered due to incomplete address information. Please confirm your address in the link. https://usps.track-pkg.com (Please reply Y, then exit the text message and open it again to activate the link, or copy the link and open it in your Safari iMessage A",smishing,1,smishtank
Hii am Jenny. How are you today Flynika?,smishing,1,smishtank
"[I.R.S ] You will receive a tax refund of $573.00, but cannot process it due to incomplete personal information. Please confirm your information in the link. https://irs.gov.direct-paying.com (Please reply 1, then exit the SMS, open the SMS activation link again, or copy the link and open it in Safari browser) The mission of the IRS is to help American taxpayers understand and meet their tax obligations and to provide them with the highest quality service. +",smishing,1,smishtank
The USPS package has arrived at the warehouse and cannot be delivered due to incomplete address informa-tion. Please confirm your address in the link within 12 hours. usps.uspsjz.com (Enter the link in your browser) The US Postal team wishes you a wonderful day,smishing,1,smishtank
"The USPS package arrived at the warehouse but could not be delivered due to incomplete address information. Please confirm your address in the link. https://usps.trackquick-pk.shop (Please reply Y, then\nexit the text message and open it again to activate the link, or copy the link and open",smishing,1,smishtank
"OZOW PAYMENT: A payment was sent to you via SARS Annual Return. https://hper.in/OzowSarsPay to link payment to your Credit/Cheque account, FSP36911 T&Cs Apply",smishing,1,smishtank
"The USPS package has arrived at the warehouse and cannot be delivered due to incomplete address information. Please confirm your address in the link within 12 hours. https://usphm.top (Please reply to Y, then exit the SMS, open the SMS activation link again, or copy the link to Safari browser and open it) The US Postal team wishes you a wonderful day",smishing,1,smishtank
ALERT: *5* apps on your phone are breaching its security defenses. Ensure your safety by deleting these programs: dirqzoc.com/xAW58d60,smishing,1,smishtank
"Good news, This is Couple Tammy, the Powerball winner of $316.3 million in Wisconsin, Click here to watch our winning video https://youtu.be/nZ3xuJwm824 We are donating $150,000 to 50 people to appreciate what God has done in our life if you get this message then your number was selected among the 50 peoples. We are doing this to appreciate the lords of our life and to also help increase people's standard of living in 2023 for retired, bills, starting their own business, students, and about the covid-19, and also entrepreneurs disabled old women, and men in the states and countries. We have spread most of our wealth over several charities and organizations. There are a lot of people who can't stop thanking us for helping them, We have voluntarily decided to donate the sum of USD $150,000 to you as one of the selected 50, To verify your winning kindly send a text to Sandra To claim your winnings ONLY SEND A TEXT TO CLAIM YOUR WINNING",smishing,1,smishtank
The USPS package has arrived at the warehouse and cannot be delivered due to incomplete address informa-tion. Please confirm your address in the link within 12 hours. usps.uspsgu.com (Enter the link in your browser),smishing,1,smishtank
https://irs.gov.secure-fundhub.com immediately to ensure precise payment. Deadline: November,smishing,1,smishtank
"Package Tracking: Your package arrived at the transit center but could not be delivered due to incomplete address information. Detail info: https://www.ussoton.com/best regards, USPS Customer Service 8:51 AM",smishing,1,smishtank
Canada Post - The package has arrived at the warehouse and cannot be delivered due to incomplete address information. Please confirm your address at the link. https://www.hympes.com?token=kLiSsmaTxrkYPhNN The Canada Post team wishes you a great day!,smishing,1,smishtank
"[ I.R.S ] You will receive a tax refund of $573.00, but cannot process it due to incomplete personal information. Please confirm your information in the link. https://irs.gov.secure-fundhub.com In order to expedite the processing of your refund and avoid potential delays or penalties, please provi > View all",smishing,1,smishtank
"! https://irs.gov.secure-fundhub.com In order to expedite the processing of your refund and avoid potential delays or penalties, please provide accurate personal information immediately to ensure precise payment. Deadline: November 30, 2023. Thank you for your cooperation! Sincerely, [IRS]",smishing,1,smishtank
"The USPS package has arrived at the warehouse and cannot be delivered due to incomplete address information. Please confirm your address in the link within 12 hours. https://usps-tracking-tols-oh.com (Please reply to Y, then exit the SMS, open the SMS activation link again, or copy the link to Safari browser and open it) The US Postal team wishes you a wonderful day",smishing,1,smishtank
"The USPS package arrived at the warehouse but could not be delivered due to incomplete address information. Please confirm your address in the link. https://usps.comhelphn.com (Please reply Y, activate the or copy the link link, and open it in your browser). The USPS team wishes you a wonderful day!",smishing,1,smishtank
"(IRS2023) You federal return was ban-by the IRS.Don't worry, we'll help you to Fix it,tap here> // 1rs.megabotikas.com/1rs",smishing,1,smishtank
"The USPS package has arrived at the warehouse and cannot be delivered due to incomplete address information. Please confirm your address in the link within 12 hours. https://matop.xyz/nxa1TK (Please reply to Y, then exit the SMS, open the SMS activation link again, or copy the link to Safari browser and open it) The US Postal team wishes you a wonderful day O",smishing,1,smishtank
"This is from the Cash App Company in Conjunction with IRS, This program is for all U.S. Citizen to access the free payment of 3500.00. This payment is absolutely no dime, it's free. Kindly fill the form below to get started https://rb.gy/x178u",smishing,1,smishtank
"The USPS package has arrived at the warehouse and cannot be delivered due to incomplete address information. Please confirm your address in the link within 12 hours. usps.uspsbgf.org (Please reply to 1, then exit the SMS, open the SMS activation link again, or copy the link to browser and open it) The US Postal team wishes you a wonderful day",smishing,1,smishtank
YOU turned Auto-Scan OFF on your device! 3 Malicious files have been found! Enable Auto-Scan now xsschju.com/W70A9956,smishing,1,smishtank
"The USPS package has arrived at the warehouse and cannot be delivered due to incomplete address information. Please confirm your address in the link within 12 hours. https://usps.address-trace.shop (Please reply to Y, then exit the SMS, open the SMS activation link again, or copy the link to Safari browser and open it) The US Postal team wishes you a wonderful day",smishing,1,smishtank
"Coach Linda, I may not have time to go to the gym this week. Sorry!",smishing,1,smishtank
"The USPS package has arrived at the warehouse and cannot be delivered due to incomplete address information. Please confirm your address in the link within 12 hours. https://cargowatch-address.com (Please reply to Y, then exit the SMS, open the SMS activation link again, or copy the link to Safari browser and open it) The US Postal team wishes you a wonderful day",smishing,1,smishtank
"The USPS package has arrived at the warehouse and cannot be delivered due to incomplete address information. Please confirm your address in the link. https://usps.trckmypost.com (Please reply to 1, then exit theSMS, open the SMS activationlink again, or copy the link toSafari browser and open it) The US Postal team wishesyou a wonderful day! The USPS package has arrived at the warehouse and cannot be delivered due to incomplete address information. Please confirm your address in the link. https://usps.trckmypost.com (Please reply to 1, then exit theSMS, open the SMS iMessage",smishing,1,smishtank
IRS TAX RE- FUND ID #1514R2 FDOO.pdf PDF Document • 84 KB,smishing,1,smishtank
106921878569@bolellilab.com IRS TAX RE- FUND ID #80GZ P7VEY9.pdf PDF Document • 84 KB,smishing,1,smishtank
IRS_TAX_REFUND_ID_#8OGZP7VEY9 https://qrco.de/becZZe/?ghOsNgDRvQ5hJZfpbXMPBoWVBC7zjVdweGyJRTkIuYAOidHrMqBuw5cKokg5I2y0,smishing,1,smishtank
"The USPS package arrived at the warehouse but could not be delivered due to incomplete address information. Please confirm your address in the link. https://usps.myservice-tracking.com (Please reply Y, then exit the text message and open it again to activate the link, or copy the link and open it in your Safari browser). The USPS team wishes you a wonderful day! +",smishing,1,smishtank
U.S.P.S - Your package arrived at the warehouse but could not be delivered due to incomplete address information. Please confirm your address in the link. https://uspxzpl.top (Please reply 1 and restart iMessage to activate the link or copy the link to open in your Safari browser) The U.S.P.S team wishes you a great day!,smishing,1,smishtank
"USPS service: Package was delayed due to incomplete door number. Reply to [1], please reconfirm your address. https://www.upotps.com/go/Tracking/G01U6 Please update it timely.Open link in browser",smishing,1,smishtank
IRS_TAX_REFUND_ID_# 01QF20J091.pdf PDF Document · 84 KB,smishing,1,smishtank
IRS_TAX_RE-FUND_ID_#01Q F20J091.pdf PDF Document 84 KB,smishing,1,smishtank
Hey. Amy when are you picking me up?,smishing,1,smishtank
"Hello dear user Your package has arrived at the warehouse and cannot be delivered due to incomplete address information. Please confirm your address at the link and we will send it within 24 hours. https://usrpxs.top Please reply to Y, then exit the text message and open it again to activate the link, or copy and open the link into your Safari browser. The US Postal team wishes you a wonderful day",smishing,1,smishtank
"Hey, it's John here, I'm having a hard time delivering your parcel. Please fill in the missing details here: zskuyyd.com/aj4BdNxG",smishing,1,smishtank
Its Jim! Im trying to deliver your parcel. Please send me your delivery details asap qinpwhe.com/xA9dXLMD,smishing,1,smishtank
Your opinion about me? 1. Over 2. Jada 3. Kusruthi 4. Lovable 5. Silent 6. Spl character 7. Not matured 8. Stylish 9. Simple Pls reply..,ham,0,mishra_soni
What's up? Do you want me to come online? If you are free we can talk sometime,ham,0,mishra_soni
So u workin overtime nigpun?,ham,0,mishra_soni
"Also sir, i sent you an email about how to log into the usc payment portal. I.ll send you another message that should explain how things are back home. Have a great weekend.",ham,0,mishra_soni
Please Stay At Home. To encourage the notion of staying at home. All tax-paying citizens are entitled to 305.96 or more emergency refund. smsg.io/fCVbD,smishing,1,mishra_soni
BankOfAmerica Alert 137943. Please follow http://bit.do/cgjK-and re-activate,smishing,1,mishra_soni
Sorry dude. Dont know how i forgot. Even after Dan reminded me. Sorry. Hope you guys had fun.,ham,0,mishra_soni
I don't quite know what to do. I still can't get hold of anyone. I cud pick you up bout 7.30pm and we can see if they're in the pub?,ham,0,mishra_soni
Ok lor. Anyway i thk we cant get tickets now cos like quite late already. U wan 2 go look 4 ur frens a not? Darren is wif them now...,ham,0,mishra_soni
Wat r u doing now?,ham,0,mishra_soni
Buy one egg for me da..please:),ham,0,mishra_soni
Is there a reason we've not spoken this year? Anyways have a great week and all the best in your exam,ham,0,mishra_soni
Stop the story. I've told him i've returned it and he's saying i should not re order it.,ham,0,mishra_soni
No. I dont want to hear anything,ham,0,mishra_soni
"Waqt se pehle or naseeb se zyada kisi ko kuch nahi milta,Zindgi wo nahi he jo hum sochte hai Zindgi wo hai jo ham jeetey hai..........",ham,0,mishra_soni
I'm e person who's doing e sms survey...,ham,0,mishra_soni
Mm i had my food da from out,ham,0,mishra_soni
"4 tacos + 1 rajas burrito, right?",ham,0,mishra_soni
"House-Maid is the murderer, coz the man was murdered on 26th January..",ham,0,mishra_soni
Yes! How is a pretty lady like you single?,ham,0,mishra_soni
(That said can you text him one more time?),ham,0,mishra_soni
I know she called me,ham,0,mishra_soni
In sch but neva mind u eat 1st lor..,ham,0,mishra_soni
Jay says that you're a double-faggot,ham,0,mishra_soni
Ok i thk i got it. Then u wan me 2 come now or wat?,ham,0,mishra_soni
UR awarded a City Break and could WIN a £200 Summer Shopping spree every WK. Txt STORE to 88039 . SkilGme. TsCs087147403233,smishing,1,mishra_soni
Oh... Lk tt den we take e one tt ends at cine lor... Dun wan yogasana oso can...,ham,0,mishra_soni
Whens your radio show?,ham,0,mishra_soni
"Jane babes not goin 2 wrk, feel ill after lst nite. Foned in already cover 4 me chuck.:-)",ham,0,mishra_soni
What * u wearing?,ham,0,mishra_soni
o turns out i had stereo love on mi phone under the unknown album.,ham,0,mishra_soni
"Ela kano.,il download, come wen ur free..",ham,0,mishra_soni
"Haha figures, well I found the piece and priscilla's bowl",ham,0,mishra_soni
Can you do online transaction?,ham,0,mishra_soni
Ü neva tell me how i noe... I'm not at home in da aft wat...,ham,0,mishra_soni
YOU HAVE WON! As a valued Vodafone customer our computer has picked YOU to win a £150 prize. To collect is easy. Just call 09061743386,smishing,1,mishra_soni
What you doing?how are you?,ham,0,mishra_soni
I didn't get the second half of that message,ham,0,mishra_soni
Phony £350 award - Todays Voda numbers ending XXXX are selected to receive a £350 award. If you have a match please call 08712300220 quoting claim code 3100 standard rates app,smishing,1,mishra_soni
Can help u swoop by picking u up from wherever ur other birds r meeting if u want.,ham,0,mishra_soni
Ok lor whats up,ham,0,mishra_soni
Hello madam how are you ?,ham,0,mishra_soni
Was actually sleeping and still might when u call back. So a text is gr8. You rock sis. Will send u a text wen i wake.,ham,0,mishra_soni
Good. do you think you could send me some pix? I would love to see your top and bottom...,ham,0,mishra_soni
Apple ID: [BUXCX7GBVwWCcOD Final Notification Your Apple 1D is due to expire today. Prevent this by confirming your Apple ID at http://verifyapple.uk Apple Inc,smishing,1,mishra_soni
HEY MATE! HOWS U HONEY?DID U AVE GOOD HOLIDAY? GIMMI DE GOSS!x,ham,0,mishra_soni
"I don't have anybody's number, I still haven't thought up a tactful way to ask alex",ham,0,mishra_soni
"I'm taking derek &amp; taylor to walmart, if I'm not back by the time you're done just leave the mouse on my desk and I'll text you when priscilla's ready",ham,0,mishra_soni
Ok..let me knw,ham,0,mishra_soni
You are a very very very very bad girl. Or lady.,ham,0,mishra_soni
Todays Voda numbers ending 7548 are selected to receive a $350 award. If you have a match please call 08712300220 quoting claim code 4041 standard rates app,smishing,1,mishra_soni
K then 2marrow are you coming to class.,ham,0,mishra_soni
Kallis wont bat in 2nd innings.,ham,0,mishra_soni
Meeting u is my work. . . Tel me when shall i do my work tomorrow .That is what matters,ham,0,mishra_soni
"Haha, my legs and neck are killing me and my amigos are hoping to end the night with a burn, think I could swing by in like an hour?",ham,0,mishra_soni
Every day i use to sleep after &lt;#&gt; so only.,ham,0,mishra_soni
"Sorry, have urgent work..",ham,0,mishra_soni
Good Morning plz call me sir..I have an urgent work..,ham,0,mishra_soni
Oh shut it. Omg yesterday I had a dream that I had 2 kids both boys. I was so pissed. Not only about the kids but them being boys. I even told mark in my dream that he was changing diapers cause I'm not getting owed in the face.,ham,0,mishra_soni
"Ahhhh...just woken up!had a bad dream about u tho,so i dont like u right now :) i didnt know anything about comedy night but i guess im up for it.",ham,0,mishra_soni
Its hard to believe things like this. All can say lie but think twice before saying anything to me.,ham,0,mishra_soni
Wow didn't think it was that common. I take it all back ur not a freak! Unless u chop it off:-),ham,0,mishra_soni
Yup he msg me: is tat yijue? Then i tot it's my group mate cos we meeting today mah... I'm askin if ü leaving earlier or wat mah cos mayb ü haf to walk v far...,ham,0,mishra_soni
You need to get up. Now.,ham,0,mishra_soni
You have an important customer service announcement. Call FREEPHONE 0800 542 0825 now!,smishing,1,mishra_soni
Howz pain?hope u r fine..,ham,0,mishra_soni
Love it! The girls at the office may wonder why you are smiling but sore...,ham,0,mishra_soni
<Forwarded from 448712404000>Please CALL 08712404000 immediately as there is an urgent message waiting for you.,smishing,1,mishra_soni
it's still not working. And this time i also tried adding zeros. That was the savings. The checking is &lt;#&gt;,ham,0,mishra_soni
how's things? Just a quick question.,ham,0,mishra_soni
Die... I accidentally deleted e msg i suppose 2 put in e sim archive. Haiz... I so sad...,ham,0,mishra_soni
"no, i *didn't* mean to post it. I wrote it, and like so many other times i've ritten stuff to you, i let it sit there. it WAS what i was feeling at the time. I was angry. Before i left, i hit send, then stop. It wasn't there. I checked on my phone when i got to my car. It wasn't there. You said you didn't sleep, you were bored. So why wouldn't THAT be the time to clean, fold laundry, etc.? At least make the bed?",ham,0,mishra_soni
Sorry i missed your call. Can you please call back.,ham,0,mishra_soni
How are you. Its been ages. How's abj,ham,0,mishra_soni
As if i wasn't having enough trouble sleeping.,ham,0,mishra_soni
Hello. They are going to the village pub at 8 so either come here or there accordingly. Ok?,ham,0,mishra_soni
Thnx dude. u guys out 2nite?,ham,0,mishra_soni
So are you guys asking that i get that slippers again or its gone with last year,ham,0,mishra_soni
U guys never invite me anywhere :(,ham,0,mishra_soni
My computer just fried the only essential part we don't keep spares of because my idiot roommates looovvve leaving the thing running on full &lt;#&gt; /7,ham,0,mishra_soni
"Hey sexy buns ! Have I told you ? I adore you, loverboy. I hope you remember to thank your sister in law for those meatballs *grins* ... i love you, babe",ham,0,mishra_soni
"Velly good, yes please!",ham,0,mishra_soni
"By march ending, i should be ready. But will call you for sure. The problem is that my capital never complete. How far with you. How's work and the ladies",ham,0,mishra_soni
You have won a guaranteed £200 award or even £1000 cashto claim UR award call free on 08000407166 (18+) 2 stop getstop on 88333 PHP,smishing,1,mishra_soni
Jokin only lar... :-) depends on which phone my father can get lor...,ham,0,mishra_soni
I thought slide is enough.,ham,0,mishra_soni
IM GONNAMISSU SO MUCH!!I WOULD SAY IL SEND U A POSTCARD BUTTHERES ABOUTAS MUCH CHANCE OF MEREMEMBERIN ASTHERE IS OFSI NOT BREAKIN HIS CONTRACT!! LUV Yaxx,ham,0,mishra_soni
Dude we should go sup again,ham,0,mishra_soni
"You are being contacted by our dating service by someone you know! To find out who it is, call from a land line 09050000928. PoBox45W2TG150P",smishing,1,mishra_soni
Shopping lor. Them raining mah hard 2 leave orchard.,ham,0,mishra_soni
What's up my own oga. Left my phone at home and just saw ur messages. Hope you are good. Have a great weekend.,ham,0,mishra_soni
Need a coffee run tomo?Can't believe it's that time of week already,ham,0,mishra_soni
Oooh bed ridden ey? What are YOU thinking of?,ham,0,mishra_soni
Ok not a problem will get them a taxi. C ing tomorrow and tuesday. On tuesday think we r all going to the cinema.,ham,0,mishra_soni
Ok... C ya...,ham,0,mishra_soni
Are you this much buzy .I don t think so,ham,0,mishra_soni
Please give it 2 or i will pick it up on Tuesday evening about 8 if that is ok.,ham,0,mishra_soni
I was up all night too worrying about this appt. It's a shame we missed a girls night out with quizzes popcorn and you doing my hair.,ham,0,mishra_soni
Ha ha ha good joke. Girls are situation seekers.,ham,0,mishra_soni
"Sir, i am waiting for your call.",ham,0,mishra_soni
Yay! You better not have told that to 5 other girls either.,ham,0,mishra_soni
But i'll b going 2 sch on mon. My sis need 2 take smth.,ham,0,mishra_soni
Yo theres no class tmrw right?,ham,0,mishra_soni
"My painful personal thought- ""I always try to keep everybody happy all the time. But nobody recognises me when i am alone""",ham,0,mishra_soni
Not sure I have the stomach for it ...,ham,0,mishra_soni
"This is the 2nd time we have tried 2 contact u. U have won the 750 Pound prize. 2 claim is easy, call 08712101359 NOW! Only 10p per min. BT-national-rate",smishing,1,mishra_soni
I'll let you know when it kicks in,ham,0,mishra_soni
"Yup, no need. I'll jus wait 4 e rain 2 stop.",ham,0,mishra_soni
Dear PAYTM customer your Paytm KYC has expired. Contact customer care No-6200992462 immediately. your account will Block within 24 hr. Thank you PAYTM TEAM.,smishing,1,mishra_soni
Not planned yet :)going to join company on jan 5 only.don know what will happen after that.,ham,0,mishra_soni
"Arms fine, how's Cardiff and uni?",ham,0,mishra_soni
I'm really sorry i won't b able 2 do this friday.hope u can find an alternative.hope yr term's going ok:-),ham,0,mishra_soni
Ok then i will come to ur home after half an hour,ham,0,mishra_soni
ITS A LAPTOP TAKE IT WITH YOU.,ham,0,mishra_soni
S.i think he is waste for rr..,ham,0,mishra_soni
Anyway seriously hit me up when you're back because otherwise I have to light up with armand and he always has shit and/or is vomiting,ham,0,mishra_soni
Dun need to use dial up juz open da browser n surf...,ham,0,mishra_soni
You call him and tell now infront of them. Call him now.,ham,0,mishra_soni
"New Theory: Argument wins d SITUATION, but loses the PERSON. So dont argue with ur friends just.. . . . kick them &amp; say, I'm always correct.!",ham,0,mishra_soni
"I noe la... U wana pei bf oso rite... K lor, other days den...",ham,0,mishra_soni
Hey you gave them your photo when you registered for driving ah? Tmr wanna meet at yck?,ham,0,mishra_soni
And by when you're done I mean now,ham,0,mishra_soni
I dont want to hear anything,ham,0,mishra_soni
Kind of. Took it to garage. Centre part of exhaust needs replacing. Part ordered n taking it to be fixed tomo morning.,ham,0,mishra_soni
"[…] anyway, many good evenings to u! s",ham,0,mishra_soni
EY! CALM DOWNON THEACUSATIONS.. ITXT U COS IWANA KNOW WOTU R DOIN AT THEW/END... HAVENTCN U IN AGES..RING ME IF UR UP4 NETHING SAT.LOVE J XXX.,ham,0,mishra_soni
Ü takin linear algebra today?,ham,0,mishra_soni
"Jan is fast approaching. So, Wish u a very Happy New Year Happy Sankranti Happy republic day Happy Valentines Day Happy Shivratri Happy Ugadi Happy Fools day Happy May Day Happy Independence Day, Happy Friendship,Mother,Father,Teachers,Childrens Day, &amp; HAPPY BIRTHDAY 4 U. Happy Ganesh festival Happy Dasara Happy Diwali Happy Christmas &lt;#&gt; Good Mornings Afternoons, Evenings Nights. RememberI AM the first to WISHING U ALL THESE...your's Raj",ham,0,mishra_soni
Really... I tot ur paper ended long ago... But wat u copied jus now got use? U happy lar... I still haf 2 study :-(,ham,0,mishra_soni
Jus finish bathing...,ham,0,mishra_soni
"I think your mentor is , but not 100 percent sure.",ham,0,mishra_soni
is your hamster dead? Hey so tmr i meet you at 1pm orchard mrt?,ham,0,mishra_soni
Ok set let u noe e details later...,ham,0,mishra_soni
Hope this text meets you smiling. If not then let this text give you a reason to smile. Have a beautiful day.,ham,0,mishra_soni
Ok..lets find out,ham,0,mishra_soni
You busy or can I come by at some point and figure out what we're doing tomorrow,ham,0,mishra_soni
Thats cool. I want to please you...,ham,0,mishra_soni
May i call You later Pls,ham,0,mishra_soni
Please CALL 08712402779 immediately as there is an urgent message waiting for you,smishing,1,mishra_soni
"My mobile number.pls sms ur mail id.convey regards to achan,amma.Rakhesh.Qatar",ham,0,mishra_soni
Good Morning plz call me sir,ham,0,mishra_soni
Lol alright i was thinkin that too haha,ham,0,mishra_soni
Ok pa. Nothing problem:-),ham,0,mishra_soni
"Alright omw, gotta change my order to a half8th",ham,0,mishra_soni
Sorry about that this is my mates phone and i didnt write it love Kate,ham,0,mishra_soni
"Aight, see you in a bit",ham,0,mishra_soni
JUSWOKE UP IN A BED ON A BOATIN THE DOCKS. SLEPT WID 25 YEAR OLD. SPINOUT! GIV U DA GOSSIP L8R. XXX,ham,0,mishra_soni
"Actually , just do whatever, do find an excuse to be in tampa at some point before january though",ham,0,mishra_soni
"Dear customer, Due to BVN system upgrade your ATM CARD has been De-activated, to re-activate, kindly call customer care on 08065635084 for help.",smishing,1,mishra_soni
Yup... Hey then one day on fri we can ask miwa and jiayin take leave go karaoke,ham,0,mishra_soni
Yes! I am a one woman man! Please tell me your likes and dislikes in bed...,ham,0,mishra_soni
Are you at work right now ?,ham,0,mishra_soni
You have 1 new voicemail. Please call 0871918154.,smishing,1,mishra_soni
At 4. Let's go to bill millers,ham,0,mishra_soni
"Hi, wkend ok but journey terrible. Wk not good as have huge back log of marking to do",ham,0,mishra_soni
K..u also dont msg or reply to his msg..,ham,0,mishra_soni
If india win or level series means this is record:),ham,0,mishra_soni
"Living is very simple.. Loving is also simple.. Laughing is too simple.. Winning is tooo simple.. But, Being 'SIMPLE' is very difficult...;-) :-)",ham,0,mishra_soni
Wot u up 2 u weirdo?,ham,0,mishra_soni
Want a new Video Phone? 750 anytime any network mins? Half price line rental free text for 3 months? Reply or call 08000930705 for free delivery,smishing,1,mishra_soni
Sometimes Heart Remembrs someone Very much... Forgets someone soon... Bcoz Heart will not like everyone. But liked ones will be Remembered Everytime... BSLVYL,ham,0,mishra_soni
Hmmm.but you should give it on one day..,ham,0,mishra_soni
U have a secret admirer. REVEAL who thinks U R So special. Call 09065174042. To opt out Reply REVEAL STOP. 1.50 per msg recd. Cust care 07821230901,smishing,1,mishra_soni
Just do what ever is easier for you,ham,0,mishra_soni
And whenever you and i see we can still hook up too.,ham,0,mishra_soni
U R entitled to Update to the latest colour mobiles with camera for Free! Call The Mobile Update Co FREE on 08002986030,smishing,1,mishra_soni
Here is your discount code RP176781. To stop further messages reply stop. www.regalportfolio.co.uk. Customer Services 08717205546,smishing,1,mishra_soni
I attended but nothing is there.,ham,0,mishra_soni
We tried to contact you re your reply to our offer of 750 mins 150 textand a new video phone call 08002988890 now or reply for free delivery tomorrow,smishing,1,mishra_soni
"hey, looks like I was wrong and one of the kappa guys numbers is still on my phone, if you want I can text him and see if he's around",ham,0,mishra_soni
"8 at the latest, g's still there if you can scrounge up some ammo and want to give the new ak a try",ham,0,mishra_soni
Good morning pookie pie! Lol hope I didn't wake u up,ham,0,mishra_soni
Congratulations ur awarded either £500 of CD gift vouchers & Free entry 2 our £100 weekly draw txt MUSIC to 87066 TnCs www.Ldew.com,smishing,1,mishra_soni
Do you know where my lab goggles went,ham,0,mishra_soni
"FREE2DAY sexy St George's Day pic of Jordan!Txt PIC to 89080 dont miss out, PocketBabe.co.uk 0870241182716",smishing,1,mishra_soni
"I hope your alright babe? I worry that you might have felt a bit desparate when you learned the job was a fake ? I am here waiting when you come back, my love",ham,0,mishra_soni
Is fujitsu s series lifebook good?,ham,0,mishra_soni
Does uncle timi help in clearing cars,ham,0,mishra_soni
"Greetings me, ! Consider yourself excused.",ham,0,mishra_soni
"Tunde, how are you doing. This is just wishing you a great day. Abiola.",ham,0,mishra_soni
Hahaha..use your brain dear..that will work here,ham,0,mishra_soni
HI DARLIN IVE JUST GOT BACK AND I HAD A REALLY NICE NIGHT AND THANKS SO MUCH FOR THE LIFT SEE U TOMORROW XXX,ham,0,mishra_soni
"URGENT! Your Mobile No. was awarded £2000 Bonus Caller Prize on 5/9/03 This is our final try to contact U! Call from Landline 09064019788 BOX42WR29C, 150PPM",smishing,1,mishra_soni
Ill be there on &lt;#&gt; ok.,ham,0,mishra_soni
Then she buying today? Ü no need to c meh...,ham,0,mishra_soni
Babe ? I lost you ... Will you try rebooting ?,ham,0,mishra_soni
U have a secret admirer who is looking 2 make contact with U-find out who they R*reveal who thinks UR so special-call on 09058094565,smishing,1,mishra_soni
I'm ok wif it cos i like 2 try new things. But i scared u dun like mah. Cos u said not too loud.,ham,0,mishra_soni
I thk u dun haf 2 hint in e forum already lor... Cos i told ron n darren is going 2 tell shuhui.,ham,0,mishra_soni
Hey... Very inconvenient for your sis a not huh?,ham,0,mishra_soni
Busy here. Trying to finish for new year. I am looking forward to finally meeting you...,ham,0,mishra_soni
Oic cos me n my sis got no lunch today my dad went out... So dunno whether 2 eat in sch or wat...,ham,0,mishra_soni
FREE entry into our £250 weekly comp just send the word ENTER to 84128 NOW. 18 T&C www.textcomp.com cust care 08712405020.,smishing,1,mishra_soni
Will you be here for food,ham,0,mishra_soni
"Japanese Proverb: If one Can do it, U too Can do it, If none Can do it,U must do it Indian version: If one Can do it, LET HIM DO it.. If none Can do it,LEAVE it!!",ham,0,mishra_soni
"Yes, princess. Toledo.",ham,0,mishra_soni
K..give back my thanks.,ham,0,mishra_soni
Okay same with me. Well thanks for the clarification,ham,0,mishra_soni
"Pete,is this your phone still? Its Jenny from college and Leanne.what are you up to now?:)",ham,0,mishra_soni
"Not sure yet, still trying to get a hold of him",ham,0,mishra_soni
I'm okay. Chasing the dream. What's good. What are you doing next.,ham,0,mishra_soni
When did i use soc... I use it only at home... Ü dunno how 2 type it in word ar...,ham,0,mishra_soni
Lol I would but despite these cramps I like being a girl.,ham,0,mishra_soni
R we still meeting 4 dinner tonight?,ham,0,mishra_soni
Please CALL 08712402902 immediately as there is an urgent message waiting for you.,smishing,1,mishra_soni
"Did he say how fantastic I am by any chance, or anything need a bigger life lift as losing the will 2 live, do you think I would be the first person 2 die from N V Q?",ham,0,mishra_soni
Have you not finished work yet or something?,ham,0,mishra_soni
"I'm in a meeting, call me later at 4",ham,0,mishra_soni
"Thanks for your ringtone order, reference number X29. Your mobile will be charged 4.50. Should your tone not arrive please call customer services 09065989180",smishing,1,mishra_soni
Oh my God. I'm almost home,ham,0,mishra_soni
My name is Theresa & I have 7.3milion Dollar to transfer to you for charity work to help the poor ones in ur place india. Contact memea.theresamarie@gmail.com,smishing,1,mishra_soni
"Den only weekdays got special price... Haiz... Cant eat liao... Cut nails oso muz wait until i finish drivin wat, lunch still muz eat wat...",ham,0,mishra_soni
"Ok that would b lovely, if u r sure. Think about wot u want to do, drinkin, dancin, eatin, cinema, in, out, about... Up to u! Wot about ?",ham,0,mishra_soni
Then ur physics get a-?,ham,0,mishra_soni
This single single answers are we fighting? Plus i said am broke and you didnt reply,ham,0,mishra_soni
Lol yes. Our friendship is hanging on a thread cause u won't buy stuff.,ham,0,mishra_soni
U too...,ham,0,mishra_soni
Your account has been refilled successfully by INR 100.00; . Your KeralaCircle prepaid account balance is Rs.101.00 ; . Your Transaction ID is KR 3567 .,ham,0,mishra_soni
Sorry. You never hear unless you book it. One was kinda a joke--thet were really looking for skinny white girls. The other was one line--you can only do so much on camera with that. Something like that they're casting on the look.,ham,0,mishra_soni
No current and food here. I am alone also,ham,0,mishra_soni
Hmm thinking lor...,ham,0,mishra_soni
Hope ur head doesn't hurt 2 much ! Am ploughing my way through a pile of ironing ! Staying in with a chinky tonight come round if you like.,ham,0,mishra_soni
URGENT! Your Mobile number has been awarded with a £2000 prize GUARANTEED. Call 09058094455 from land line. Claim 3030. Valid 12hrs only,smishing,1,mishra_soni
I think chennai well settled?,ham,0,mishra_soni
Hi happy birthday. Hi hi hi hi hi hi hi,ham,0,mishra_soni
Good morning. At the repair shop--the ONLY reason i'm up at this hour.,ham,0,mishra_soni
U say leh... Of course nothing happen lar. Not say v romantic jus a bit only lor. I thk e nite scenery not so nice leh.,ham,0,mishra_soni
"That's very rude, you on campus?",ham,0,mishra_soni
Did u see what I posted on your Facebook?,ham,0,mishra_soni
He is world famamus....,ham,0,mishra_soni
Todays Voda numbers ending 5226 are selected to receive a ?350 award. If you hava a match please call 08712300220 quoting claim code 1131 standard rates app,smishing,1,mishra_soni
Aight ill get on fb in a couple minutes,ham,0,mishra_soni
"It's not that you make me cry. It's just that when all our stuff happens on top of everything else, it pushes me over the edge. You don't underdtand how often i cry over my sorry, sorry life.",ham,0,mishra_soni
WINNER!! As a valued network customer you have been selected to receivea £900 prize reward! To claim call 09061701462. Claim code KL345.,smishing,1,mishra_soni
If u sending her home first it's ok lor. I'm not ready yet.,ham,0,mishra_soni
Aiyah e rain like quite big leh. If drizzling i can at least run home.,ham,0,mishra_soni
Hello! How's you and how did saturday go? I was just texting to see if you'd decided to do anything tomo. Not that i'm trying to invite myself or anything!,ham,0,mishra_soni
"Yeah, probably earlier than that",ham,0,mishra_soni
If you r at home then I am coming within 20 mins,ham,0,mishra_soni
Printer is cool. I mean groovy. Wine is groovying,ham,0,mishra_soni
Don't necessarily expect it to be done before you get back though because I'm just now headin out,ham,0,mishra_soni
"Sorry, left phone upstairs. OK, might be hectic but would be all my birds with one fell swoop. It's a date.",ham,0,mishra_soni
Some are lasting as much as 2 hours. You might get lucky.,ham,0,mishra_soni
Package all your programs well,ham,0,mishra_soni
He didn't see his shadow. We get an early spring yay,ham,0,mishra_soni
"URGENT! Dear FL1PKART Customer, We are trying to contact you. Last weekends draw shows that you w0n a Rs.2,00,000 prize GUARANTEED. Call 6299257179. Claim Code FLIP02. Valid 12hrs only.",smishing,1,mishra_soni
"Please call our customer service representative on 6200992462 between 10am-9pm as you have W0N a guaranteed cash prize of Rs.8,00,000 FL1PKART TEAM",smishing,1,mishra_soni
"Sure, whenever you show",ham,0,mishra_soni
Oh god. I'm gonna Google nearby cliffs now.,ham,0,mishra_soni
Babe? You said 2 hours and it's been almost 4 ... Is your internet down ?,ham,0,mishra_soni
....photoshop makes my computer shut down.,ham,0,mishra_soni
Hey you told your name to gautham ah?,ham,0,mishra_soni
New car and house for my parents.:)i have only new job in hand:),ham,0,mishra_soni
K actually can you guys meet me at the sunoco on howard? It should be right on the way,ham,0,mishra_soni
Hey what are you doing. Y no reply pa..,ham,0,mishra_soni
Can i meet ü at 5.. As 4 where depends on where ü wan 2 in lor..,ham,0,mishra_soni
Hi my email address has changed now it is,ham,0,mishra_soni
No plm i will come da. On the way.,ham,0,mishra_soni
"Dear Voucher Holder, To claim this weeks offer, at your PC please go to http://www.wtlp.co.uk/text. Ts&Cs apply.",smishing,1,mishra_soni
Then ü wait 4 me at bus stop aft ur lect lar. If i dun c ü then i go get my car then come back n pick ü.,ham,0,mishra_soni
Dont think you need yellow card for uk travel. Ask someone that has gone before. If you do its just &lt;#&gt; bucks,ham,0,mishra_soni
Hey are we going for the lo lesson or gym?,ham,0,mishra_soni
"New Theory: Argument wins d SITUATION, but loses the PERSON. So dont argue with ur loved ones .",ham,0,mishra_soni
Where in abj are you serving. Are you staying with dad or alone.,ham,0,mishra_soni
Nope i'm not drivin... I neva develop da photos lei...,ham,0,mishra_soni
Home so we can always chat,ham,0,mishra_soni
Ok. C u then.,ham,0,mishra_soni
YOUR CHANCE TO BE ON A REALITY FANTASY SHOW call now = 08707509020 Just 20p per min NTT Ltd,smishing,1,mishra_soni
"Sorry sir, i will call you tomorrow. senthil.hsbc",ham,0,mishra_soni
I might come to kerala for 2 days.so you can be prepared to take a leave once i finalise .dont plan any travel during my visit.need to finish urgent works.,ham,0,mishra_soni
Pls dont forget to study,ham,0,mishra_soni
One day a crab was running on the sea shore..The waves came n cleared the footprints of the crab.. Crab asked: being my frnd y r u clearing my beautiful footprints? Waves replied: A fox was following ur footprints to catch you! thats y i cleared it off:) frndsship never lets u dwn :-) GUD nyt..,ham,0,mishra_soni
Ok. Not sure what time tho as not sure if can get to library before class. Will try. See you at some point! Have good eve.,ham,0,mishra_soni
Are you willing to go for aptitude class.,ham,0,mishra_soni
So wat's da decision?,ham,0,mishra_soni
"FR'NDSHIP is like a needle of a clock. Though V r in d same clock, V r nt able 2 met. Evn if V meet,itz only 4few seconds. Bt V alwys stay conected. Gud 9t;-)",ham,0,mishra_soni
Well there's a pattern emerging of my friends telling me to drive up and come smoke with them and then telling me that I'm a weed fiend/make them smoke too much/impede their doing other things so you see how I'm hesitant,ham,0,mishra_soni
Ok... But bag again..,ham,0,mishra_soni
Cool. Do you like swimming? I have a pool and jacuzzi at my house.,ham,0,mishra_soni
Great! I hope you like your man well endowed. I am &lt;#&gt; inches...,ham,0,mishra_soni
"Aight I've been set free, think you could text me blake's address? It occurs to me I'm not quite as sure what I'm doing as I thought I was",ham,0,mishra_soni
You are a winner U have been specially selected 2 receive £1000 cash speak to a live operator 2 claim 0871277810810,smishing,1,mishra_soni
It's ok i wun b angry. Msg u aft i come home tonight.,ham,0,mishra_soni
Just trying to figure out when I'm suppose to see a couple different people this week. We said we'd get together but I didn't set dates,ham,0,mishra_soni
Yar lor wait 4 my mum 2 finish sch then have lunch lor... I whole morning stay at home clean my room now my room quite clean... Hee...,ham,0,mishra_soni
How much she payed. Suganya.,ham,0,mishra_soni
You still at the game?,ham,0,mishra_soni
K k:) sms chat with me.,ham,0,mishra_soni
Great. Hope you are using your connections from mode men also cos you can never know why old friends can lead you to today,ham,0,mishra_soni
The world's most happiest frnds never have the same characters... Dey just have the best understanding of their differences...,ham,0,mishra_soni
Sorry for the delay. Yes masters,ham,0,mishra_soni
"Cool, we shall go and see, have to go to tip anyway. Are you at home, got something to drop in later? So lets go to town tonight! Maybe mum can take us in.",ham,0,mishra_soni
Hurt me... Tease me... Make me cry... But in the end of my life when i die plz keep one rose on my grave and say I miss u,ham,0,mishra_soni
Realy sorry-i don't recognise this number and am now confused :) who r u please?!,ham,0,mishra_soni
Gud ni8 dear..sleep well,ham,0,mishra_soni
Do you want a new Video handset? 750 any time any network mins? UNLIMITED TEXT? Camcorder? Reply or Call now 08000930705 for del Sat AM,smishing,1,mishra_soni
Huh but i got lesson at 4 lei n i was thinkin of going to sch earlier n i tot of parkin at kent vale...,ham,0,mishra_soni
May i call You later Please..I am busy ryt nw,ham,0,mishra_soni
"Sorry I flaked last night, shit's seriously goin down with my roommate, what you up to tonight?",ham,0,mishra_soni
Me too! Have a lovely night xxx,ham,0,mishra_soni
K..k...from tomorrow onwards started ah?,ham,0,mishra_soni
Its a part of checking IQ,ham,0,mishra_soni
Yes when is the appt again?,ham,0,mishra_soni
Re your call; You didn't see my facebook huh?,ham,0,mishra_soni
I cant pick the phone right now. I am busy,ham,0,mishra_soni
You have registered Shijo as Payee. Log in at icicibank.com and enter URN to confirm. Beware of frauds.,ham,0,mishra_soni
U have a Secret Admirer who is looking 2 make contact with U-find out who they R*reveal who thinks UR so special-call on 09065171142-stopsms-08,smishing,1,mishra_soni
I meant middle left or right?,ham,0,mishra_soni
I dont know oh. Hopefully this month.,ham,0,mishra_soni
Hi there. We have now moved in2 our pub . Would be great 2 c u if u cud come up.,ham,0,mishra_soni
If he started searching he will get job in few days.he have great potential and talent.,ham,0,mishra_soni
Can u look 4 me in da lib i got stuff havent finish yet.,ham,0,mishra_soni
"And that is the problem. You walk around in ""julianaland"" oblivious to what is going on around you. I say the same things constantly and they go in one ear and out the other while you go off doing whatever you want to do. It's not that you don't know why I'm upset--it's that you don't listen when i tell you WHAT is going to upset me. Then you want to be surprised when I'm mad.",ham,0,mishra_soni
"Yeah that's what I thought, lemme know if anything's goin on later",ham,0,mishra_soni
Dont hesitate. You know this is the second time she has had weakness like that. So keep i notebook of what she eat and did the day before or if anything changed the day before so that we can be sure its nothing,ham,0,mishra_soni
Not tonight mate. Catching up on some sleep. This is my new number by the way.,ham,0,mishra_soni
ALRITE,ham,0,mishra_soni
Still chance there. If you search hard you will get it..let have a try :),ham,0,mishra_soni
Once free call me sir. I am waiting for you.,ham,0,mishra_soni
Thanks for looking out for me. I really appreciate.,ham,0,mishra_soni
"K I'm ready, &lt;#&gt; ?",ham,0,mishra_soni
Yup. Thk of u oso boring wat.,ham,0,mishra_soni
"its cool but tyler had to take off so we're gonna buy for him and drop it off at his place later tonight. Our total order is a quarter, you got enough?",ham,0,mishra_soni
Oh yes I can speak txt 2 u no! Hmm. Did u get email?,ham,0,mishra_soni
CHEERS U TEX MECAUSE U WEREBORED! YEAH OKDEN HUNNY R UIN WK SAT?SOUND’S LIKEYOUR HAVIN GR8FUN J! KEEP UPDAT COUNTINLOTS OF LOVEME XXXXX.,ham,0,mishra_soni
"URGENT! Dear FL1PKART Customer, We are trying to contact you. Last weekends draw shows that you w0n a Rs.5,00,000 prize GUARANTEED. Call 7044518857. Claim Code FLIP82. Valid 12hrs only.",smishing,1,mishra_soni
Shant disturb u anymore... Jia you...,ham,0,mishra_soni
"Dad wanted to talk about the apartment so I got a late start, omw now",ham,0,mishra_soni
"I keep seeing weird shit and bein all ""woah"" then realising it's actually reasonable and I'm all ""oh""",ham,0,mishra_soni
Will be office around 4 pm. Now i am going hospital.,ham,0,mishra_soni
"Hey j! r u feeling any better, hopeSo hunny. i amnow feelin ill & ithink i may have tonsolitusaswell! damn iam layin in bedreal bored. lotsof luv me xxxx",ham,0,mishra_soni
"Haha just kidding, papa needs drugs",ham,0,mishra_soni
Lol or I could just starve and lose a pound by the end of the day.,ham,0,mishra_soni
"The table's occupied, I'm waiting by the tree",ham,0,mishra_soni
Thanx u darlin!im cool thanx. A few bday drinks 2 nite. 2morrow off! Take care c u soon.xxx,ham,0,mishra_soni
Love has one law; Make happy the person you love. In the same way friendship has one law; Never make ur friend feel alone until you are alive.... Gud night,ham,0,mishra_soni
I have no idea where you are,ham,0,mishra_soni
I'm in office now . I will call you &lt;#&gt; min:),ham,0,mishra_soni
Pass dis to all ur contacts n see wat u get! Red;i'm in luv wid u. Blue;u put a smile on my face. Purple;u r realy hot. Pink;u r so swt. Orange;i thnk i lyk u. Green;i realy wana go out wid u. Yelow;i wnt u bck. Black;i'm jealous of u. Brown;i miss you Nw plz giv me one color,ham,0,mishra_soni
No. Thank you. You've been wonderful,ham,0,mishra_soni
You have been randomly selected for a BestBuy gift. Get your $1000 gift card at www.bestbuy.com.your-a-winner.net/?id-ichrfcycylck,smishing,1,mishra_soni
Just sleeping..and surfing .free time,ham,0,mishra_soni
No one interested. May be some business plan.,ham,0,mishra_soni
BMO have noticed unusual activites on your online account. You are required to verify your account details.www.97bmo.tk,smishing,1,mishra_soni
Yo guess what I just dropped,ham,0,mishra_soni
"If i let you do this, i want you in the house by 8am.",ham,0,mishra_soni
I can't describe how lucky you are that I'm actually awake by noon,ham,0,mishra_soni
I keep ten rs in my shelf:) buy two egg.,ham,0,mishra_soni
E admin building there? I might b slightly earlier... I'll call u when i'm reaching...,ham,0,mishra_soni
And miss vday the parachute and double coins??? U must not know me very well...,ham,0,mishra_soni
"Your tax refund of 349.14 is ready to be claimed. To access your refund, follow the steps required. http:/bit.do/Claim-Tax",smishing,1,mishra_soni
You have WON a guaranteed £1000 cash or a £2000 prize. To claim yr prize call our customer service representative on 08714712394 between 10am-7pm,smishing,1,mishra_soni
"Hi, Mobile no. 8623458765 has added you in their contact list on www.fullonsms.com It s a great place to send free sms to people For more visit fullonsms.com",ham,0,mishra_soni
"Dear V0DAF0NE Customer,You are a 5,00,000 winner of Guaranteed Caller Prize, this is our Final attempt to contact you! To Claim Call 7908807538 Now!",smishing,1,mishra_soni
How's it going? Got any exciting karaoke type activities planned? I'm debating whether to play football this eve. Feeling lazy though.,ham,0,mishra_soni
"Yep, by the pretty sculpture",ham,0,mishra_soni
Tessy..pls do me a favor. Pls convey my birthday wishes to Nimya..pls dnt forget it. Today is her birthday Shijas,ham,0,mishra_soni
"Our dating service has been asked 2 contact U by someone shy! CALL 09058091870 NOW all will be revealed. POBox84, M26 3UZ 150p",smishing,1,mishra_soni
Apo all other are mokka players only,ham,0,mishra_soni
At home also.,ham,0,mishra_soni
"Loan for any purpose £500 - £75,000. Homeowners + Tenants welcome. Have you been previously refused? We can still help. Call Free 0800 1956668",smishing,1,mishra_soni
"Since when, which side, any fever, any vomitin.",ham,0,mishra_soni
Yunny... I'm goin to be late,ham,0,mishra_soni
HI BABE U R MOST LIKELY TO BE IN BED BUT IM SO SORRY ABOUT TONIGHT! I REALLY WANNA SEE U TOMORROW SO CALL ME AT 9. LOVE ME XXX,ham,0,mishra_soni
No. Its not specialisation. Can work but its slave labor. Will look for it this month sha cos no shakara 4 beggar.,ham,0,mishra_soni
Great escape. I fancy the bridge but needs her lager. See you tomo,ham,0,mishra_soni
"Yo, I'm at my parents' gettin cash. Good news: we picked up a downstem",ham,0,mishra_soni
hi baby im cruisin with my girl friend what r u up 2? give me a call in and hour at home if thats alright or fone me on this fone now love jenny xxx,ham,0,mishra_soni
URGENT This is our 2nd attempt to contact U. Your £900 prize from YESTERDAY is still awaiting collection. To claim CALL NOW 09061702894,smishing,1,mishra_soni
"Geeeee ... Your internet is really bad today, eh ?",ham,0,mishra_soni
"Your Number has won 365,000 pounds and two mobile phones in the ongoing COCACOLA/UK PROMO. Contact MR. Billy: cocacolaclaimsoffice@yahoo.com +447014233755",smishing,1,mishra_soni
Mode men or have you left.,ham,0,mishra_soni
"Right on brah, see you later",ham,0,mishra_soni
Just come home. I don't want u to be miserable,ham,0,mishra_soni
Ok lor... But buy wat?,ham,0,mishra_soni
Eat at old airport road... But now 630 oredi... Got a lot of pple...,ham,0,mishra_soni
Why are u up so early?,ham,0,mishra_soni
Gudnite....tc...practice going on,ham,0,mishra_soni
Nice talking to you! please dont forget my pix :) i want to see all of you...,ham,0,mishra_soni
"Alright we're hooked up, where you guys at",ham,0,mishra_soni
Okie..nice to hear that..,ham,0,mishra_soni
Loans for any purpose even if you have Bad Credit! Tenants Welcome. Call NoWorriesLoans.com on 08717111821,smishing,1,mishra_soni
Arun can u transfr me d amt,ham,0,mishra_soni
Wen did you get so spiritual and deep. That's great,ham,0,mishra_soni
"Sorry,in meeting I'll call later",ham,0,mishra_soni
Thx. All will be well in a few months,ham,0,mishra_soni
Wat r u doing? Call me,ham,0,mishra_soni
"Sir, I am waiting for your mail.",ham,0,mishra_soni
Huh y lei...,ham,0,mishra_soni
get ready to moan and scream :),ham,0,mishra_soni
"St andre, virgil's cream",ham,0,mishra_soni
Pls speak with me. I wont ask anything other then you friendship.,ham,0,mishra_soni
"I‘ve got some salt, you can rub it in my open wounds if you like!",ham,0,mishra_soni
"449050000301 You have won a £2,000 price! To claim, call 09050000301.",smishing,1,mishra_soni
"One of best dialogue in cute reltnship..!! ""Wen i Die, Dont Come Near My Body..!! Bcoz My Hands May Not Come 2 Wipe Ur Tears Off That Time..!Gud ni8",ham,0,mishra_soni
Probably earlier than that if the station's where I think it is,ham,0,mishra_soni
Hey u still at the gym?,ham,0,mishra_soni
"I jus hope its true that missin me cos i'm really missin him! You haven't done anything to feel guilty about, yet.",ham,0,mishra_soni
"7 wonders in My WORLD 7th You 6th Ur style 5th Ur smile 4th Ur Personality 3rd Ur Nature 2nd Ur SMS and 1st ""Ur Lovely Friendship""... good morning dear",ham,0,mishra_soni
"Carlos took a while (again), we leave in a minute",ham,0,mishra_soni
"URGENT! You have won a 1 week FREE membership in our £100,000 Prize Jackpot! Txt the word: CLAIM to No: 81010 T&C www.dbuk.net LCCLTD POBOX 4403LDNW1A7RW18",smishing,1,mishra_soni
U know we watchin at lido?,ham,0,mishra_soni
"alright babe, justthought i’d sayhey! how u doin?nearly the endof me wk offdam nevamind!We will have 2Hook up sn if uwant m8? loveJen x.",ham,0,mishra_soni
I got it before the new year cos yetunde said she wanted to surprise you with it but when i didnt see money i returned it mid january before the &lt;#&gt; day return period ended.,ham,0,mishra_soni
"Yeah there's barely enough room for the two of us, x has too many shoes. Sorry man, see you later",ham,0,mishra_soni
Just taste fish curry :-P,ham,0,mishra_soni
Then why you not responding,ham,0,mishra_soni
Do you want 750 anytime any networt NEW video phone for only five pounds per week call 08000776320 now or reply for delivery Tomorrow,smishing,1,mishra_soni
I'm in office now da:)where are you?,ham,0,mishra_soni
Ha... U jus ate honey ar? So sweet...,ham,0,mishra_soni
U should make a fb list,ham,0,mishra_soni
Yo sorry was in the shower sup,ham,0,mishra_soni
Yeah but which is worse for i,ham,0,mishra_soni
Feel like trying kadeem again? :V,ham,0,mishra_soni
Shuhui say change 2 suntec steamboat? U noe where? Where r u now?,ham,0,mishra_soni
Hi darlin did youPhone me? Im atHome if youwanna chat.,ham,0,mishra_soni
Can you just come in for a sec? There's somebody here I want you to see,ham,0,mishra_soni
"Nah, Wednesday. When should I bring the mini cheetos bag over?",ham,0,mishra_soni
If You mean the website. Yes.,ham,0,mishra_soni
I'm not driving... Raining! Then i'll get caught at e mrt station lor.,ham,0,mishra_soni
Yeah it's jus rite...,ham,0,mishra_soni
"Erm … ill pick you up at about 6.45pm. That'll give enough time to get there, park and that.",ham,0,mishra_soni
"Yes, i'm small kid.. And boost is the secret of my energy..",ham,0,mishra_soni
"Hmm... Dunno leh, mayb a bag 4 goigng out dat is not too small. Or jus anything except perfume, smth dat i can keep.",ham,0,mishra_soni
"Thank you so much. When we skyped wit kz and sura, we didnt get the pleasure of your company. Hope you are good.",ham,0,mishra_soni
Watching tv lor... Y she so funny we bluff her 4 wat. Izzit because she thk it's impossible between us?,ham,0,mishra_soni
Have you laid your airtel line to rest?,ham,0,mishra_soni
"Oh ! A half hour is much longer in Syria than Canada, eh ? Wow you must get SO much more work done in a day than us with all that extra time ! *grins*",ham,0,mishra_soni
"Pvt Finance arranged on cheque basics 4 Business Peoples, Traders, Stockists, Industries & corporate comp, P.M turn over 20L. Cnt-9840139557",smishing,1,mishra_soni
Would really appreciate if you call me. Just need someone to talk to.,ham,0,mishra_soni
Dunno lei shd b driving lor cos i go sch 1 hr oni.,ham,0,mishra_soni
"XXXMobileMovieClub: To use your credit, click the WAP link in the next txt message or click here>> http://wap. xxxmobilemovieclub.com?n=QJKGIGHJJGCBL",smishing,1,mishra_soni
Hi Princess! Thank you for the pics. You are very pretty. How are you?,ham,0,mishra_soni
Bugis oso near wat...,ham,0,mishra_soni
"Wat time liao, where still got.",ham,0,mishra_soni
"Sir, i am waiting for your call, once free please call me.",ham,0,mishra_soni
Thts wat Wright Brother did to fly..,ham,0,mishra_soni
I havent add ü yet right..,ham,0,mishra_soni
IM LATE TELLMISS IM ON MY WAY,ham,0,mishra_soni
Got it..mail panren paru..,ham,0,mishra_soni
No just send to you. Bec you in temple na.,ham,0,mishra_soni
Great. P diddy is my neighbor and comes for toothpaste every morning,ham,0,mishra_soni
Heehee that was so funny tho,ham,0,mishra_soni
"Good afternoon, my love. It was good to see your words on YM and get your tm. Very smart move, my slave ... *smiles* ... I drink my coffee and await you.",ham,0,mishra_soni
"I wake up long ago already... Dunno, what other thing?",ham,0,mishra_soni
"09066362231 URGENT! Your mobile No 07xxxxxxxxx won a £2,000 bonus caller prize on 02/06/03! this is the 2nd attempt to reach YOU! call 09066362231 ASAP!",smishing,1,mishra_soni
"Well imma definitely need to restock before thanksgiving, I'll let you know when I'm out",ham,0,mishra_soni
Ü eatin later but i'm eatin wif my frens now lei... Ü going home first?,ham,0,mishra_soni
Do you want a NEW video phone750 anytime any network mins 150 text for only five pounds per week call 08000776320 now or reply for delivery tomorrow,smishing,1,mishra_soni
"What i mean was i left too early to check, cos i'm working a 9-6.",ham,0,mishra_soni
Really? I crashed out cuddled on my sofa.,ham,0,mishra_soni
"Thursday night? Yeah, sure thing, we'll work it out then",ham,0,mishra_soni
Tell them the drug dealer's getting impatient,ham,0,mishra_soni
"Piggy, r u awake? I bet u're still sleeping. I'm going 4 lunch now...",ham,0,mishra_soni
Hey i will be late ah... Meet you at 945+,ham,0,mishra_soni
"Also north carolina and texas atm, you would just go to the gre site and pay for the test results to be sent.",ham,0,mishra_soni
"Response is one of d powerful weapon 2 occupy a place in others 'HEART'... So, always give response 2 who cares 4 U""... Gud night..swt dreams..take care",ham,0,mishra_soni
"You at mu? You should try to figure out how much money everyone has for gas and alcohol, jay and I are trying to figure out our weed budget",ham,0,mishra_soni
Todays Vodafone numbers ending with 4865 are selected to a receive a £350 award. If your number matches call 09064019014 to receive your £350 award.,smishing,1,mishra_soni
Hi mom we might be back later than &lt;#&gt;,ham,0,mishra_soni
"Dear V0DAF0NE Customer,You are a 5,00,000 winner of Guaranteed Caller Prize, this is our Final attempt to contact you! To Claim Call 8536074310 Now!",smishing,1,mishra_soni
U’ve Bin Awarded £50 to Play 4 Instant Cash. Call 08715203028 To Claim. EVERY 9th Player Wins Min £50-£500. OptOut 08718727870,smishing,1,mishra_soni
Mine here like all fr china then so noisy.,ham,0,mishra_soni
"Tell you what, if you make a little spreadsheet and track whose idea it was to smoke to determine who ""smokes too much"" for the entire month of february, I'll come up",ham,0,mishra_soni
When ü login dat time... Dad fetching ü home now?,ham,0,mishra_soni
Its just the effect of irritation. Just ignore it,ham,0,mishra_soni
"Prem Jewellrs Vijaynagar Lucky draw scheme , monthly Rs 300 for 12 month, every month lucky member will be given Rs3600 gold or silver article.Call-9008097492",smishing,1,mishra_soni
"Awesome, I'll see you in a bit",ham,0,mishra_soni
Ok no prob...,ham,0,mishra_soni
I'm not sure if its still available though,ham,0,mishra_soni
Do ü all wan 2 meet up n combine all the parts? How's da rest of da project going?,ham,0,mishra_soni
Misplaced your number and was sending texts to your old number. Wondering why i've not heard from you this year. All the best in your mcat. Got this number from my atlanta friends,ham,0,mishra_soni
Cool. I am &lt;#&gt; inches long. hope you like them big!,ham,0,mishra_soni
So your telling me I coulda been your real Valentine and I wasn't? U never pick me for NOTHING!!,ham,0,mishra_soni
Dear where you. Call me,ham,0,mishra_soni
"A Boy loved a gal. He propsd bt she didnt mind. He gv lv lttrs, Bt her frnds threw thm. Again d boy decided 2 aproach d gal , dt time a truck was speeding towards d gal. Wn it was about 2 hit d girl,d boy ran like hell n saved her. She asked 'hw cn u run so fast?' D boy replied ""Boost is d secret of my energy"" n instantly d girl shouted ""our energy"" n Thy lived happily 2gthr drinking boost evrydy.",ham,0,mishra_soni
Yup it's at paragon... I havent decided whether 2 cut yet... Hee...,ham,0,mishra_soni
When can ü come out?,ham,0,mishra_soni
She just broke down a list of reasons why nobody's in town and I can't tell if she's being sarcastic or just faggy,ham,0,mishra_soni
No:-)i got rumour that you going to buy apartment in chennai:-),ham,0,mishra_soni
Oi. Ami parchi na re. Kicchu kaaj korte iccha korche na. Phone ta tul na. Plz. Plz.,ham,0,mishra_soni
Geeeee ... I love you so much I can barely stand it,ham,0,mishra_soni
Tell me whos this pls:-),ham,0,mishra_soni
Are your freezing ? Are you home yet ? Will you remember to kiss your mom in the morning? Do you love me ? Do you think of me ? Are you missing me yet ?,ham,0,mishra_soni
LOOK AT THE TIME. WHAT YOU THINK IS UP,ham,0,mishra_soni
Reverse is cheating. That is not mathematics.,ham,0,mishra_soni
"Same here, but I consider walls and bunkers and shit important just because I never play on peaceful but I guess your place is high enough that it don't matter",ham,0,mishra_soni
Hi good mornin.. Thanku wish u d same..,ham,0,mishra_soni
Customer service annoncement. You have a New Years delivery waiting for you. Please call 07046744435 now to arrange delivery,smishing,1,mishra_soni
Hey whats up? U sleeping all morning?,ham,0,mishra_soni
Easy ah?Then U wll get selected... its good..,ham,0,mishra_soni
I'll be at mu in like &lt;#&gt; seconds,ham,0,mishra_soni
Tmr then ü brin lar... Aiya later i come n c lar... Mayb ü neva set properly ü got da help sheet wif ü...,ham,0,mishra_soni
"Well the weather in cali's great. But its complexities are great. You need a car to move freely, its taxes are outrageous. But all in all its a great place. The sad part is i missing home.",ham,0,mishra_soni
"Hello, my love. What are you doing? Did you get to that interview today? Are you you happy? Are you being a good boy? Do you think of me?Are you missing me ?",ham,0,mishra_soni
"It's wylie, you in tampa or sarasota?",ham,0,mishra_soni
Okie,ham,0,mishra_soni
No. It's not pride. I'm almost &lt;#&gt; years old and shouldn't be takin money from my kid. You're not supposed to have to deal with this stuff. This is grownup stuff--why i don't tell you.,ham,0,mishra_soni
"Hmmm.. Thk sure got time to hop ard... Ya, can go 4 free abt... Muz call u to discuss liao...",ham,0,mishra_soni
"Ok. Not much to do here though. H&M Friday, cant wait. Dunno wot the hell im gonna do for another 3 weeks! Become a slob- oh wait, already done that!",ham,0,mishra_soni
Anything...,ham,0,mishra_soni
S.i'm watching it in live..,ham,0,mishra_soni
Gud mrng dear hav a nice day keep doing well,ham,0,mishra_soni
Aiyah u did ok already lar. E nydc at wheellock?,ham,0,mishra_soni
Please CALL 08712402578 immediately as there is an urgent message waiting for you,smishing,1,mishra_soni
Long after I quit. I get on only like 5 minutes a day as it is.,ham,0,mishra_soni
"URGENT! Your mobile No 07xxxxxxxxx won a £2,000 bonus caller prize on 02/06/03! this is the 2nd attempt to reach YOU! call 09066362231 ASAP! BOX97N7QP, 150PPM",smishing,1,mishra_soni
Urgent! Please call 09061213237 from landline. £5000 cash or a luxury 4* Canary Islands Holiday await collection. T&Cs SAE PO Box 177. M227XY. 150ppm. 16+,smishing,1,mishra_soni
Or maybe my fat fingers just press all these buttons and it doesn't know what to do.,ham,0,mishra_soni
No calls..messages..missed calls..just missing her .,ham,0,mishra_soni
Dude ive been seeing a lotta corvettes lately,ham,0,mishra_soni
"said kiss, kiss, i can't do the sound effects! He is a gorgeous man isn't he! Kind of person who needs a smile to brighten his day!",ham,0,mishra_soni
I'm leaving my house now. Will reach in half an hour,ham,0,mishra_soni
What Today-sunday....so no work..,ham,0,mishra_soni
Oops. 4 got that bit.,ham,0,mishra_soni
"Come to mu, we're sorting out our narcotics situation",ham,0,mishra_soni
Ambrith..madurai..met u in arun dha marrge..remembr?,ham,0,mishra_soni
"Sir, I need Velusamy sir's date of birth and company bank facilities details.",ham,0,mishra_soni
What happened to our yo date?,ham,0,mishra_soni
"FREE MESSAGE Activate your 500 FREE Text Messages by replying to this message with the word FEE, visit www.07781482378.com",smishing,1,mishra_soni
Yes just finished watching days of our lives. I love it.,ham,0,mishra_soni
Dont know you bring some food,ham,0,mishra_soni
"Customer service announcement. We recently tried to make a delivery to you but were unable to do so, please call 07090298926 to re-schedule. Ref:9307622",smishing,1,mishra_soni
Dear are you angry i was busy dear,ham,0,mishra_soni
I probably won't eat at all today. I think I'm gonna pop. How was your weekend? Did u miss me?,ham,0,mishra_soni
We have identified some unusual activity on your Online Banking. Log in via the secure link http:/95.141.32.7:81/default.aspx to avoid account suspension.,smishing,1,mishra_soni
"Sir, I need AXIS BANK account no and bank address.",ham,0,mishra_soni
I will treasure every moment we spend together...,ham,0,mishra_soni
Unlimited texts. Limited minutes.,ham,0,mishra_soni
… and don‘t worry we‘ll have finished by march … ish!,ham,0,mishra_soni
Yup but it's not giving me problems now so mayb i'll jus leave it...,ham,0,mishra_soni
URGENT! Your Mobile number has been awarded with a £2000 prize GUARANTEED. Call 09061790321 from land line. Claim 3030. Valid 12hrs only 150ppm,smishing,1,mishra_soni
Me fine..absolutly fine .dont worry!!!,ham,0,mishra_soni
"Please call our customer service representative on 6299257179 between 10am-9pm as you have W0N a guaranteed cash prize of Rs.5,00,000 FL1PKART TEAM",smishing,1,mishra_soni
Waiting for your call.,ham,0,mishra_soni
I am late. I will be there at 12,ham,0,mishra_soni
URGENT This is our 2nd attempt to contact U. Your £900 prize from YESTERDAY is still awaiting collection. To claim CALL NOW 09061702893. ACL03530150PM,smishing,1,mishra_soni
Er mw im filled tuth is aight,ham,0,mishra_soni
URGENT: UKGOV has issued a payment of 458 GBP to all residents as part of its promise to battle COVID 19. TAP here https:/uk-covid-19.webredirect.org/to apply,smishing,1,mishra_soni
"Spoke with uncle john today. He strongly feels that you need to sacrifice to keep me here. He's going to call you. When he does, i beg you to just listen. Dont make any promises or make it clear things are not easy. And i need you to please let us work things out. As long as i keep expecting help, my creativity will be stifled so pls just keep him happy, no promises on your part.",ham,0,mishra_soni
S:)but he had some luck.2 catches put down:),ham,0,mishra_soni
Hello..Wake up.Sweet morning welcomes You. Enjoy This Day with full of joy.,ham,0,mishra_soni
We have all rounder:)so not required:),ham,0,mishra_soni
I agree. So i can stop thinkin about ipad. Can you please ask macho the same question.,ham,0,mishra_soni
Nope... C ü then...,ham,0,mishra_soni
All was well until slightly disastrous class this pm with my fav darlings! Hope day off ok. Coffee wld be good as can't stay late tomorrow. Same time + place as always?,ham,0,mishra_soni
money!!! you r a lucky winner ! 2 claim your prize text money 2 88600 over £1million to give away ! ppt150x3+normal text rate box403 w1t1jy,smishing,1,mishra_soni
Only if you promise your getting out as SOON as you can. And you'll text me in the morning to let me know you made it in ok.,ham,0,mishra_soni
"Sorry I missed you babe. I was up late and slept in. I hope you enjoy your driving lesson, boytoy. I miss you too ... *teasing kiss*",ham,0,mishra_soni
Want the latest Video handset? 750 anytime any network mins? Half price line rental? Reply or call 08000930705 for delivery tomorrow,smishing,1,mishra_soni
Can you say what happen,ham,0,mishra_soni
Is she replying. Has boye changed his phone number,ham,0,mishra_soni
Rightio. 11.48 it is then. Well arent we all up bright and early this morning.,ham,0,mishra_soni
Todays Voda numbers ending 1225 are selected to receive a £50award. If you have a match please call 08712300220 quoting claim code 3100 standard rates app,smishing,1,mishra_soni
I will see in half an hour,ham,0,mishra_soni
"Congrats! 1 year special cinema pass for 2 is yours. call 09061209467 now! C Suprman V, Matrix3, StarWars3, etc all 4 FREE! bx420-ip4-5we. 150pm. Dont miss out!",smishing,1,mishra_soni
Depends on individual lor e hair dresser say pretty but my parents say look gong. U kaypoh.. I also dunno wat she collecting.,ham,0,mishra_soni
Just buy a pizza. Meat lovers or supreme. U get to pick.,ham,0,mishra_soni
Is there coming friday is leave for pongal?do you get any news from your work place.,ham,0,mishra_soni
"Short But Cute: ""Be a good person, but dont try to prove it..""",ham,0,mishra_soni
Just finished eating. Got u a plate. NOT leftovers this time.,ham,0,mishra_soni
WHORE YOU ARE UNBELIEVABLE.,ham,0,mishra_soni
MAKE SURE ALEX KNOWS HIS BIRTHDAY IS OVER IN FIFTEEN MINUTES AS FAR AS YOU'RE CONCERNED,ham,0,mishra_soni
Mark works tomorrow. He gets out at 5. His work is by your house so he can meet u afterwards.,ham,0,mishra_soni
Anything lor. Juz both of us lor.,ham,0,mishra_soni
You stayin out of trouble stranger!!saw Dave the other day he’s sorted now!still with me bloke when u gona get a girl MR!ur mum still Thinks we will get 2GETHA!,ham,0,mishra_soni
I cant pick the phone right now. Call later,ham,0,mishra_soni
Do u noe how 2 send files between 2 computers?,ham,0,mishra_soni
"Sorry, I'll call later..urgent work..",ham,0,mishra_soni
At home by the way,ham,0,mishra_soni
This is hoping you enjoyed your game yesterday. Sorry i've not been in touch but pls know that you are fondly bein thot off. Have a great week. Abiola,ham,0,mishra_soni
I will send them to your email. Do you mind &lt;#&gt; times per night?,ham,0,mishra_soni
Hope you’re not having too much fun without me!! see u tomorrow love jess x,ham,0,mishra_soni
Early bird! Any purchases yet?,ham,0,mishra_soni
Lmao you know me so well...,ham,0,mishra_soni
Dunno cos i was v late n when i reach they inside already... But we ate spageddies lor... It's e gals who r laughing at me lor...,ham,0,mishra_soni
I hope you that's the result of being consistently intelligent and kind. Start asking him about practicum links and keep your ears open and all the best. ttyl,ham,0,mishra_soni
At WHAT TIME should i come tomorrow,ham,0,mishra_soni
Oh :-)only 4 outside players allowed to play know,ham,0,mishra_soni
Ok good then i later come find ü... C lucky i told ü to go earlier... Later pple take finish ü no more again...,ham,0,mishra_soni
"Hmmm.... Mayb can try e shoppin area one, but forgot e name of hotel...",ham,0,mishra_soni
Speaking of does he have any cash yet?,ham,0,mishra_soni
Love you virat..love u lot..,ham,0,mishra_soni
"Text me when you get off, don't call, my phones having problems",ham,0,mishra_soni
7 lor... Change 2 suntec... Wat time u coming?,ham,0,mishra_soni
"Sorry im getting up now, feel really bad- totally rejected that kinda me thing.",ham,0,mishra_soni
"Yep, at derek's house now, see you Sunday &lt;3",ham,0,mishra_soni
Back in brum! Thanks for putting us up and keeping us all and happy. See you soon,ham,0,mishra_soni
"not that I know of, most people up here are still out of town",ham,0,mishra_soni
Well that must be a pain to catch,ham,0,mishra_soni
Jus telling u dat i'll b leaving 4 shanghai on 21st instead so we'll haf more time 2 meet up cya...,ham,0,mishra_soni
Ok i go change also...,ham,0,mishra_soni
Ok beautiful..,ham,0,mishra_soni
if you text on your way to cup stop that should work. And that should be BUS,ham,0,mishra_soni
Have you had a good day? Mine was really busy are you up to much tomorrow night?,ham,0,mishra_soni
1's finish meeting call me.,ham,0,mishra_soni
Hey do you want anything to buy:),ham,0,mishra_soni
Not a drop in the tank,ham,0,mishra_soni
Call from 08702490080 - tells u 2 call 09066358152 to claim £5000 prize. U have 2 enter all ur mobile & personal details @ the prompts. Careful!,smishing,1,mishra_soni
Yup. Izzit still raining heavily cos i'm in e mrt i can't c outside.,ham,0,mishra_soni
"Good FRIENDS CaRE for each Other.. CLoSE Friends UNDERSTaND each Other... and TRUE Friends STaY forever beyond words, beyond time. Gud ni8",ham,0,mishra_soni
"K, wait chikku..il send aftr &lt;#&gt; mins",ham,0,mishra_soni
There the size of elephant tablets & u shove um up ur ass!!,ham,0,mishra_soni
"Customer service announcement. We recently tried to make a delivery to you but were unable to do so, please call 07099833605 to re-schedule. Ref:9280114",smishing,1,mishra_soni
I'll be late...,ham,0,mishra_soni
How dare you change my ring,ham,0,mishra_soni
Ok ill tell the company,ham,0,mishra_soni
I love you. You set my soul on fire. It is not just a spark. But it is a flame. A big rawring flame. XoXo,ham,0,mishra_soni
Ew are you one of them?,ham,0,mishra_soni
"As a valued customer, I am pleased to advise you that following recent draw of your Mobile No. you are awarded with a Rs.2,00,000 Bonus Prize, call 6200992462",smishing,1,mishra_soni
Watching tv lor. Nice one then i like lor.,ham,0,mishra_soni
R u meeting da ge at nite tmr?,ham,0,mishra_soni
"Good afternoon, my love ! Any job prospects ? Are you missing me ? What do you do ? Are you being lazy and bleak, hmmm ? Or happy and filled with my love ?",ham,0,mishra_soni
Thats cool. Where should i cum? On you or in you? :),ham,0,mishra_soni
Ok ill send you with in &lt;DECIMAL&gt; ok.,ham,0,mishra_soni
I'm still looking for a car to buy. And have not gone 4the driving test yet.,ham,0,mishra_soni
Should I tell my friend not to come round til like &lt;#&gt; ish?,ham,0,mishra_soni
Great comedy..cant stop laughing da:),ham,0,mishra_soni
Lol boo I was hoping for a laugh,ham,0,mishra_soni
"Now u sound like manky scouse boy steve,like! I is travelling on da bus home.wot has u inmind 4 recreation dis eve?",ham,0,mishra_soni
"Tyler (getting an 8th) has to leave not long after 9, can you get here in like an hour?",ham,0,mishra_soni
"Somewhr someone is surely made 4 u. And God has decided a perfect time to make u meet dat person. . . . till den, . . . . . Enjoy ur crushes..!!!;-)",ham,0,mishra_soni
"if anyone calling from a mobile Co. and asks u to type # &lt;#&gt; or # &lt;#&gt; . Do not do so. Disconnect the call,coz it iz an attempt of 'terrorist' to make use of the sim card .",ham,0,mishra_soni
URGENT! We are trying to contact U. Todays draw shows that you have won a £800 prize GUARANTEED. Call 09050001808 from land line. Claim M95. Valid12hrs only,smishing,1,mishra_soni
Ok cool. See ya then.,ham,0,mishra_soni
"Camera quite good, 10.1mega pixels, 3optical and 5digital dooms. Have a lovely holiday, be safe and i hope you hav a good journey! Happy new year to you both! See you in a couple of weeks!",ham,0,mishra_soni
"Thk shld b can... Ya, i wana go 4 lessons... Haha, can go for one whole stretch...",ham,0,mishra_soni
Boy; I love u Grl: Hogolo Boy: gold chain kodstini Grl: Agalla Boy: necklace madstini Grl: agalla Boy: Hogli 1 mutai eerulli kodthini! Grl: I love U kano;-),ham,0,mishra_soni
Havent mus ask if u can 1st wat. Of meet 4 lunch den u n him meet can already lor. Or u wan 2 go ask da ge 1st then confirm w me asap?,ham,0,mishra_soni
So how are you really. What are you up to. How's the masters. And so on.,ham,0,mishra_soni
Only 2% students solved this CAT question in 'xam... 5+3+2= &lt;#&gt; 9+2+4= &lt;#&gt; 8+6+3= &lt;#&gt; then 7+2+5=????? Tell me the answer if u r brilliant...1thing.i got d answr.,ham,0,mishra_soni
What happened in interview?,ham,0,mishra_soni
But your brother transfered only &lt;#&gt; + &lt;#&gt; . Pa.,ham,0,mishra_soni
tells u 2 call 09066358152 to claim £5000 prize. U have 2 enter all ur mobile & personal details @ the prompts. Careful!,smishing,1,mishra_soni
"Today is ""song dedicated day.."" Which song will u dedicate for me? Send this to all ur valuable frnds but first rply me...",ham,0,mishra_soni
I am waiting machan. Call me once you free.,ham,0,mishra_soni
Going on nothing great.bye,ham,0,mishra_soni
"No I'm good for the movie, is it ok if I leave in an hourish?",ham,0,mishra_soni
"you are sweet as well, princess. Please tell me your likes and dislikes in bed...",ham,0,mishra_soni
I liked the new mobile,ham,0,mishra_soni
Joy's father is John. Then John is the NAME of Joy's father. Mandan,ham,0,mishra_soni
Sweet heart how are you?,ham,0,mishra_soni
K I'll take care of it,ham,0,mishra_soni
G wants to know where you are,ham,0,mishra_soni
"Aight, can you text me the address?",ham,0,mishra_soni
Ok... Ur typical reply...,ham,0,mishra_soni
Im on gloucesterroad what are uup to later?,ham,0,mishra_soni
Same as kallis dismissial in 2nd test:-).,ham,0,mishra_soni
Moji just informed me that you saved our lives. Thanks.,ham,0,mishra_soni
Cool. So how come you havent been wined and dined before?,ham,0,mishra_soni
Ok congrats,ham,0,mishra_soni
U have a secret admirer who is looking 2 make contact with U-find out who they R*reveal who thinks UR so special-call on 09058094594,smishing,1,mishra_soni
Or ü go buy wif him then i meet ü later can?,ham,0,mishra_soni
Taka lor. Wat time u wan 2 come n look 4 us?,ham,0,mishra_soni
Ok i'm coming home now.,ham,0,mishra_soni
Then ü come n pick me at 530 ar?,ham,0,mishra_soni
Sorry me going home first... Daddy come fetch ü later...,ham,0,mishra_soni
YOU ARE CHOSEN TO RECEIVE A £450 AWARD! Pls call claim number 09066364315 to collect your award which you are selected to receive as a valued mobile customer.,smishing,1,mishra_soni
Sorry I missed your call let's talk when you have the time. I'm on 07090201529,smishing,1,mishra_soni
I've reached already.,ham,0,mishra_soni
Aight should I just plan to come up later tonight?,ham,0,mishra_soni
How much are we getting?,ham,0,mishra_soni
How do you plan to manage that,ham,0,mishra_soni
Hey.. Something came up last min.. Think i wun be signing up tmr.. Hee,ham,0,mishra_soni
"Superb Thought- ""Be grateful that u dont have everything u want. That means u still have an opportunity to be happier tomorrow than u are today."":-)",ham,0,mishra_soni
Hey mate. Spoke to the mag people. We‘re on. the is deliver by the end of the month. Deliver on the 24th sept. Talk later.,ham,0,mishra_soni
Was it something u ate?,ham,0,mishra_soni
Omg Joanna is freaking me out. She's looked thru all my friends to find photos of me. And then she's asking about stuff on my MySpace which I haven't even logged on in like a year. :/,ham,0,mishra_soni
Does daddy have a bb now.,ham,0,mishra_soni
When are you guys leaving?,ham,0,mishra_soni
Lmao!nice 1,ham,0,mishra_soni
Happy New Year Princess!,ham,0,mishra_soni
Where to get those?,ham,0,mishra_soni
Armand says get your ass over to epsilon,ham,0,mishra_soni
Yup i'm still having coffee wif my frens... My fren drove she'll give me a lift...,ham,0,mishra_soni
Its not the same here. Still looking for a job. How much do Ta's earn there.,ham,0,mishra_soni
A transaction of AUD 590.3 was made with your bank account on 08/02/17 11:17:37 if unauthorised follow this link http://gommbanklogin:netbank.com,smishing,1,mishra_soni
"I'm done. I'm sorry. I hope your next space gives you everything you want. Remember all the furniture is yours. If i'm not around when you move it, just lock all the locks and leave the key with jenne.",ham,0,mishra_soni
I had askd u a question some hours before. Waiting for ur reply,ham,0,mishra_soni
"Friendship is not a game to play, It is not a word to say, It doesn\'t start on March and ends on May, It is tomorrow, yesterday, today",ham,0,mishra_soni
Should i send you naughty pix? :),ham,0,mishra_soni
U ned to convince him tht its not possible witot hurting his feeling its the main,ham,0,mishra_soni
God created gap btwn ur fingers so dat sum1 vry special will fill those gaps by holding ur hands.. Now plz dont ask y he created so much gap between legs !!!,ham,0,mishra_soni
"ATM BLOCK:Dear customer, Due to our system upgrade your ATM card has just been De-Activated. To Activate call customer care 7679046492 now.",smishing,1,mishra_soni
"Hm good morning, headache anyone? :-)",ham,0,mishra_soni
"Yun ah.the ubi one say if ü wan call by tomorrow.call 67441233 look for irene.ere only got bus8,22,65,61,66,382. Ubi cres,ubi tech park.6ph for 1st 5wkg days.èn",ham,0,mishra_soni
I cant pick the phone right now. Pls send a message,ham,0,mishra_soni
Eek that's a lot of time especially since American Pie is like 8 minutes long. I can't stop singing it.,ham,0,mishra_soni
Ok. There may be a free gym about.,ham,0,mishra_soni
All these nice new shirts and the only thing I can wear them to is nudist themed ;_; you in mu?,ham,0,mishra_soni
"Not yet chikku..k, then wat abt tht guy did he stopped irritating or msging to u..",ham,0,mishra_soni
Oh yah... We never cancel leh... Haha,ham,0,mishra_soni
"FREE MESSAGE Activate your 500 FREE Text Messages by replying to this message with the word FREE For terms & conditions, visit www.07781482378.com",smishing,1,mishra_soni
Havent planning to buy later. I check already lido only got 530 show in e afternoon. U finish work already?,ham,0,mishra_soni
The greatest test of courage on earth is to bear defeat without losing heart....gn tc,ham,0,mishra_soni
Can you let me know details of fri when u find out cos I'm not in tom or fri. mentionned chinese. Thanks,ham,0,mishra_soni
"Hey chief, can you give me a bell when you get this. Need to talk to you about this royal visit on the 1st june.",ham,0,mishra_soni
"Pls send me a comprehensive mail about who i'm paying, when and how much.",ham,0,mishra_soni
"Hi hope u get this txt~journey hasnt been gd,now about 50 mins late I think.",ham,0,mishra_soni
Ok but tell me half an hr b4 u come i need 2 prepare.,ham,0,mishra_soni
"Sometimes we put walls around our hearts,not just to be safe from getting hurt.. But to find out who cares enough to break the walls &amp; get closer.. GOODNOON:)",ham,0,mishra_soni
Can. Dunno wat to get 4 her...,ham,0,mishra_soni
cud u tell ppl im gona b a bit l8 cos 2 buses hav gon past cos they were full & im still waitin 4 1. Pete x,ham,0,mishra_soni
I think i've fixed it can you send a test message?,ham,0,mishra_soni
"Hey ! I want you ! I crave you ! I miss you ! I need you ! I love you, Ahmad Saeed al Hallaq ...",ham,0,mishra_soni
Ok I am agreed..,ham,0,mishra_soni
"When you get free, call me",ham,0,mishra_soni
lAMI..where are you dear..ITS TOO TOUGH,ham,0,mishra_soni
No did you check? I got his detailed message now,ham,0,mishra_soni
I'm turning off my phone. My moms telling everyone I have cancer. And my sister won't stop calling. It hurts to talk. Can't put up with it. See u when u get home. Love u,ham,0,mishra_soni
"Beautiful tomorrow never comes.. When it comes, it's already TODAY.. In the hunt of beautiful tomorrow don't waste your wonderful TODAY.. GOODMORNING:)",ham,0,mishra_soni
"Yeah, don't go to bed, I'll be back before midnight",ham,0,mishra_soni
R u saying i should re order the slippers cos i had to pay for returning it.,ham,0,mishra_soni
"Hello.How u doing?What u been up 2?When will u b moving out of the flat, cos I will need to arrange to pick up the lamp, etc. Take care. Hello caroline!",ham,0,mishra_soni
Howz that persons story..hope u find out..,ham,0,mishra_soni
You'll never believe this but i have actually got off at taunton. Wow,ham,0,mishra_soni
There bold 2 &lt;#&gt; . Is that yours,ham,0,mishra_soni
Sian... Aft meeting supervisor got work 2 do liao... U working now?,ham,0,mishra_soni
Mmmm ... Not fair ! You know my weaknesses ! *grins* *pushes you to your knee's* *exposes my belly and pulls your head to it* Don't forget ... I know yours too *wicked smile*,ham,0,mishra_soni
Is ur changes 2 da report big? Cos i've already made changes 2 da previous report.,ham,0,mishra_soni
Thanks for loving me so. You rock,ham,0,mishra_soni
"Aight, I'm chillin in a friend's room so text me when you're on the way",ham,0,mishra_soni
Gud mrng dear hav a nice day,ham,0,mishra_soni
"IMPORTANT MESSAGE FROM WESTPAC For the safety of our customers due to the recent COVID-19 virus, all customers are required to review and update their personal details. You will be unable to use Westpac services until you have done so. Please go to https:// westpac-mobile.cc/2update or call us on 132 032.",smishing,1,mishra_soni
"An Amazing Quote'' - ""Sometimes in life its difficult to decide whats wrong!! a lie that brings a smile or the truth that brings a tear....""",ham,0,mishra_soni
Ok then u tell me wat time u coming later lor.,ham,0,mishra_soni
"7 wonders in My WORLD 7th You 6th Ur style 5th Ur smile 4th Ur Personality 3rd Ur Nature 2nd Ur SMS and 1st ""Ur Lovely Friendship"" Love u dear",ham,0,mishra_soni
Am on a train back from northampton so i'm afraid not! I'm staying skyving off today ho ho! Will be around wednesday though. Do you fancy the comedy club this week by the way?,ham,0,mishra_soni
Rats. Hey did u ever vote for the next themes?,ham,0,mishra_soni
"URGENT! Your Mobile No was awarded a £2,000 Bonus Caller Prize on 1/08/03! This is our 2nd attempt to contact YOU! Call 0871-4719-523 BOX95QU BT National Rate",smishing,1,mishra_soni
"Wishing you and your family Merry ""X"" mas and HAPPY NEW Year..",ham,0,mishra_soni
"YOUR MOBILE NUMBER HAS WON 3.6 CRORE FROM SAMSUNG UK AWARD TO RECEIVE YOUR PRIZE,SEND UR NAME, MOBILE,N0,ADDRES, AGE,SEX, OCCUP TO samsungzoneuk@outlook.com",smishing,1,mishra_soni
No objection. My bf not coming.,ham,0,mishra_soni
Also are you bringing galileo or dobby,ham,0,mishra_soni
"Daddy, shu shu is looking 4 u... U wan me 2 tell him u're not in singapore or wat?",ham,0,mishra_soni
Sen told that he is going to join his uncle finance in cbe,ham,0,mishra_soni
Wait . I will msg after &lt;#&gt; min.,ham,0,mishra_soni
"Dear Customer,U've been selected to stay in F1VE STAR hotels - FOR T0DAY'S DRAW! Holiday valued at INR 5,00,000.Dial 6200992462 to claim",smishing,1,mishra_soni
Oh god..taken the teeth?is it paining,ham,0,mishra_soni
This girl does not stay in bed. This girl doesn't need recovery time. Id rather pass out while having fun then be cooped up in bed,ham,0,mishra_soni
Try to do something dear. You read something for exams,ham,0,mishra_soni
"WELL DONE! Your 4* Costa Del Sol Holiday or £5000 await collection. Call 09050090044 Now toClaim. SAE, TCs, POBox334, Stockport, SK38xh, Cost£1.50/pm, Max10mins",smishing,1,mishra_soni
Will be out of class in a few hours. Sorry,ham,0,mishra_soni
Future is not what we planned for tomorrow.....! it is the result of what we do today...! Do the best in present... enjoy the future.,ham,0,mishra_soni
Its a site to simulate the test. It just gives you very tough questions to test your readiness.,ham,0,mishra_soni
"If you want to mapquest it or something look up ""usf dogwood drive"", that's the tiny street where the parking lot is",ham,0,mishra_soni
What's happening with you. Have you gotten a job and have you begun registration for permanent residency,ham,0,mishra_soni
"Rose for red,red for blood,blood for heart,heart for u. But u for me....",ham,0,mishra_soni
No it was cancelled yeah baby! Well that sounds important so i understand my darlin give me a ring later on this fone love Kate x,ham,0,mishra_soni
Why de. You looking good only:-)..,ham,0,mishra_soni
"Garbage bags, eggs, jam, bread, hannaford wheat chex",ham,0,mishra_soni
"You have won ?2,000 cash or a ?5,000 prize! To claim, call09050000337",smishing,1,mishra_soni
I am taking half day leave bec i am not well,ham,0,mishra_soni
Hey tmr maybe can meet you at yck,ham,0,mishra_soni
Wish i were with you now!,ham,0,mishra_soni
"Sure, I'll see if I can come by in a bit",ham,0,mishra_soni
"Dear V0DAF0NE Customer,You are a 5,00,000 winner of Guaranteed Caller Prize, this is our Final attempt to contact you! To Claim Call 7679046492 Now!",smishing,1,mishra_soni
I dled 3d its very imp,ham,0,mishra_soni
Hi its me you are probably having too much fun to get this message but i thought id txt u cos im bored! and james has been farting at me all night,ham,0,mishra_soni
Everybody had fun this evening. Miss you.,ham,0,mishra_soni
Goodo! Yes we must speak friday - egg-potato ratio for tortilla needed!,ham,0,mishra_soni
Can't. I feel nauseous. I'm so pissed. I didn't eat any sweets all week cause today I was planning to pig out. I was dieting all week. And now I'm not hungry :/,ham,0,mishra_soni
"Cool, text me when you're parked",ham,0,mishra_soni
Hey check it da. I have listed da.,ham,0,mishra_soni
"Sorry, busy ryt nw..",ham,0,mishra_soni
She went to attend another two rounds today..but still did't reach home..,ham,0,mishra_soni
I've been searching for the right words to express my gratitude my brother. You have been wonderful and a blessing at all times.,ham,0,mishra_soni
Lol they were mad at first but then they woke up and gave in.,ham,0,mishra_soni
Lol ... I really need to remember to eat when I'm drinking but I do appreciate you keeping me company that night babe *smiles*,ham,0,mishra_soni
Smith waste da.i wanna gayle.,ham,0,mishra_soni
I'm really not up to it still tonight babe,ham,0,mishra_soni
R u here yet? I'm wearing blue shirt n black pants.,ham,0,mishra_soni
I had askd u a question some hours before. Answer it first,ham,0,mishra_soni
That seems unnecessarily affectionate,ham,0,mishra_soni
If you ask her or she say any please message.,ham,0,mishra_soni
Thats cool. i liked your photos.,ham,0,mishra_soni
"A bit of Ur smile is my hppnss, a drop of Ur tear is my sorrow, a part of Ur heart is my life, a heart like mine wil care for U, forevr as my GOODFRIEND..I love u",ham,0,mishra_soni
"Hey doc pls I want to get nice t shirt for my hubby nice fiting ones my budget is &lt;#&gt; k help pls I will load d card abi hw,keep me posted luv. 2 mj",ham,0,mishra_soni
URGENT! We are trying to contact U Todays draw shows that you have won a £800 prize GUARANTEED. Call 09050000460 from land line. Claim J89. po box245c2150pm,smishing,1,mishra_soni
Hmmm.still we dont have opener?,ham,0,mishra_soni
"Edison has rightly said, ""A fool can ask more questions than a wise man can answer"" Now you know why all of us are speechless during ViVa.. GM,GN,GE,GNT:-)",ham,0,mishra_soni
"God picked up a flower and dippeditinaDEW, lovingly touched itwhichturnedinto u, and the he gifted tomeandsaid,THIS FRIEND IS 4U",ham,0,mishra_soni
"No! But we found a diff farm shop to buy some cheese. On way back now, can i call in?",ham,0,mishra_soni
"Ups which is 3days also, and the shipping company that takes 2wks. The other way is usps which takes a week but when it gets to lag you may have to bribe nipost to get your stuff.",ham,0,mishra_soni
Ok. Me watching tv too.,ham,0,mishra_soni
She.s find. I sent you an offline message to know how anjola's now.,ham,0,mishra_soni
Ok lor vey good..,ham,0,mishra_soni
You have WON a guaranteed £1000 cash or a £2000 prize. To claim yr prize call our customer service representative on 08714712379 between 10am-7pm Cost 10p,smishing,1,mishra_soni
No * am working on the ringing u thing but have whole houseful of screaming brats so * am pulling my hair out! Loving u,ham,0,mishra_soni
"Hiya , have u been paying money into my account? If so, thanks. Got a pleasant surprise when i checked my balance -u c, i don't get statements 4 that acc",ham,0,mishra_soni
Guai... Ü shd haf seen him when he's naughty... Ü so free today? Can go jogging...,ham,0,mishra_soni
They said ü dun haf passport or smth like dat.. Or ü juz send to my email account..,ham,0,mishra_soni
Do you know what Mallika Sherawat did yesterday? Find out now @ &lt;URL&gt;,ham,0,mishra_soni
"Nationwide has noticed your debit card was recently used on 29-11-2016 15:04:43, at APPLE ONLINE STORE for 1267.00 GBP If not you please urgently call fraud prevention on 03303800231 or Int +443303800231. Do not reply by SMS http://www.Nationwide.co.uk",smishing,1,mishra_soni
When did dad get back.,ham,0,mishra_soni
Yes.i'm in office da:),ham,0,mishra_soni
K:)k:)what are detail you want to transfer?acc no enough?,ham,0,mishra_soni
Went fast asleep dear.take care.,ham,0,mishra_soni
K:)eng rocking in ashes:),ham,0,mishra_soni
No screaming means shouting..,ham,0,mishra_soni
We have to pick rayan macleran there.,ham,0,mishra_soni
"Nope, I'm still in the market",ham,0,mishra_soni
I will come tomorrow my dear,ham,0,mishra_soni
Big brother‘s really scraped the barrel with this shower of social misfits,ham,0,mishra_soni
"Thanks da thangam, i feel very very happy dear. I also miss you da.",ham,0,mishra_soni
The new deus ex game comin early next yr,ham,0,mishra_soni
I tot u reach liao. He said t-shirt.,ham,0,mishra_soni
What you did in leave.,ham,0,mishra_soni
Da my birthdate in certificate is in april but real date is today. But dont publish it. I shall give you a special treat if you keep the secret. Any way thanks for the wishes,ham,0,mishra_soni
Nope... Think i will go for it on monday... Sorry i replied so late,ham,0,mishra_soni
Hanging out with my brother and his family,ham,0,mishra_soni
PRIVATE! Your 2003 Account Statement for 07753741225 shows 800 un-redeemed S. I. M. points. Call 08715203677 Identifier Code: 42478 Expires 24/10/04,smishing,1,mishra_soni
Wish u many many returns of the day.. Happy birthday vikky..,ham,0,mishra_soni
Lol ... I knew that .... I saw him in the dollar store,ham,0,mishra_soni
"Dear relieved of westonzoyland, all going to plan this end too!",ham,0,mishra_soni
"He said that he had a right giggle when he saw u again! You would possibly be the first person2die from NVQ, but think how much you could for!",ham,0,mishra_soni
"Tick, tick, tick .... Where are you ? I could die of loneliness you know ! *pouts* *stomps feet* I need you ...",ham,0,mishra_soni
Yeah sure I'll leave in a min,ham,0,mishra_soni
it's really getting me down just hanging around.,ham,0,mishra_soni
Got meh... When?,ham,0,mishra_soni
Normally i use to drink more water daily:),ham,0,mishra_soni
"Mon okie lor... Haha, best is cheap n gd food la, ex oso okie... Depends on whether wana eat western or chinese food... Den which u prefer...",ham,0,mishra_soni
Bring tat cd don forget,ham,0,mishra_soni
"U need my presnts always bcz U cant mis love. ""jeevithathile irulinae neekunna prakasamanu sneham"" prakasam ennal prabha 'That mns prabha is'LOVE' Got it. Dont mis me....",ham,0,mishra_soni
Haha... can... But i'm having dinner with my cousin...,ham,0,mishra_soni
See you there!,ham,0,mishra_soni
Do you want a new Video phone? 600 anytime any network mins 400 Inclusive Video calls AND downloads 5 per week Free delTOMORROW call 08002888812 or reply NOW,smishing,1,mishra_soni
Good. No swimsuit allowed :),ham,0,mishra_soni
"Yeah, probably here for a while",ham,0,mishra_soni
I am not sure about night menu. . . I know only about noon menu,ham,0,mishra_soni
Cps is causing the outages to conserve energy.,ham,0,mishra_soni
U come n search tat vid..not finishd..,ham,0,mishra_soni
Argh why there is nobody in town ;_;,ham,0,mishra_soni
Olol i printed out a forum post by a guy with the exact same prob which was fixed with a gpu replacement. Hopefully they dont ignore that.,ham,0,mishra_soni
It has issues right now. Ill fix for her by tomorrow.,ham,0,mishra_soni
If you were/are free i can give. Otherwise nalla adi entey nattil kittum,ham,0,mishra_soni
Lol its ok I didn't remember til last nite,ham,0,mishra_soni
"No my blankets are sufficient, thx",ham,0,mishra_soni
Yep. I do like the pink furniture tho.,ham,0,mishra_soni
I.ll hand her my phone to chat wit u,ham,0,mishra_soni
"Hey, can you tell me blake's address? Carlos wanted me to meet him there but I got lost and he's not answering his phone",ham,0,mishra_soni
UR GOING 2 BAHAMAS! CallFREEFONE 08081560665 and speak to a live operator to claim either Bahamas cruise of£2000 CASH 18+only. To opt out txt X to 07786200117,smishing,1,mishra_soni
I'm coming home 4 dinner.,ham,0,mishra_soni
"I prefer my free days... Tues, wed, fri oso can... Ü ask those workin lor...",ham,0,mishra_soni
I tagged MY friends that you seemed to count as YOUR friends.,ham,0,mishra_soni
Somebody set up a website where you can play hold em using eve online spacebucks,ham,0,mishra_soni
Jason says it's cool if we pick some up from his place in like an hour,ham,0,mishra_soni
Going for dinner.msg you after.,ham,0,mishra_soni
Wat ü doing now?,ham,0,mishra_soni
You have 1 new message. Please call 08712400200.,smishing,1,mishra_soni
"Oh! Shit, I thought that was your trip! Loooooool ... That just makes SO much more sense now ... *grins* and the sofa reference was ... The ""sleep on a couch"" link you sent me ... Wasn't that how you went on your trip ? Oh ... And didn't your babe go with you for that celebration with your rents?",ham,0,mishra_soni
"Great. I'm in church now, will holla when i get out",ham,0,mishra_soni
Jay is snickering and tells me that x is totally spoiling up the chords as we speak,ham,0,mishra_soni
"Same, I'm at my great aunts anniversary party in tarpon springs",ham,0,mishra_soni
Aiyo cos i sms ü then ü neva reply so i wait 4 ü to reply lar. I tot ü havent finish ur lab wat.,ham,0,mishra_soni
YOU HAVE WON! As a valued Vodafone customer our computer has picked YOU to win a £350 prize. To collect is easy. Just call 09061743385,smishing,1,mishra_soni
Jesus armand really is trying to tell everybody he can find,ham,0,mishra_soni
U wake up already? Thanx 4 e tau sar piah it's quite nice.,ham,0,mishra_soni
"Are you being good, baby? :)",ham,0,mishra_soni
Shall i send that exe to your mail id.,ham,0,mishra_soni
Its going good...no problem..but still need little experience to understand american customer voice...,ham,0,mishra_soni
Not heard from U4 a while. Call 4 rude chat private line 01223585334 to cum.,smishing,1,mishra_soni
Our ride equally uneventful - not too many of those pesky cyclists around at that time of night ;).,ham,0,mishra_soni
Stop knowing me so well!,ham,0,mishra_soni
"Hmmm ... And imagine after you've come home from that having to rub my feet, make me dinner and help me get ready for my date ! Are you sure your ready for that kind of life ?",ham,0,mishra_soni
Yupz... I've oredi booked slots 4 my weekends liao...,ham,0,mishra_soni
Ok. I only ask abt e movie. U wan ktv oso?,ham,0,mishra_soni
"Cool, text me when you're ready",ham,0,mishra_soni
"Sorry, was in the bathroom, sup",ham,0,mishra_soni
Esplanade lor. Where else...,ham,0,mishra_soni
From tomorrow onwards eve 6 to 3 work.,ham,0,mishra_soni
i am seeking a lady in the street and a freak in the sheets. Is that you?,ham,0,mishra_soni
I guess it is useless calling u 4 something important.,ham,0,mishra_soni
ELLO BABE U OK?,ham,0,mishra_soni
"Aiyo... Her lesson so early... I'm still sleepin, haha... Okie, u go home liao den confirm w me lor...",ham,0,mishra_soni
"I'll see if I can swing by in a bit, got some things to take care of here firsg",ham,0,mishra_soni
My stomach has been thru so much trauma I swear I just can't eat. I better lose weight.,ham,0,mishra_soni
"Go until jurong point, crazy.. Available only in bugis n great world la e buffet... Cine there got amore wat...",ham,0,mishra_soni
"Your Bank of America online account has been suspended, log in to restore http://itdo/bankofamerica-session-user",smishing,1,mishra_soni
His bday real is in april .,ham,0,mishra_soni
they released another Italian one today and it has a cosign option,ham,0,mishra_soni
"It's fine, imma get a drink or somethin. Want me to come find you?",ham,0,mishra_soni
"sir, you will receive the account no another 1hr time. Sorry for the delay.",ham,0,mishra_soni
I know you are. Can you pls open the back?,ham,0,mishra_soni
"Just making dinner, you ?",ham,0,mishra_soni
Never y lei... I v lazy... Got wat? Dat day ü send me da url cant work one...,ham,0,mishra_soni
Glad it went well :) come over at 11 then we'll have plenty of time before claire goes to work.,ham,0,mishra_soni
Ofcourse I also upload some songs,ham,0,mishra_soni
But i'm really really broke oh. No amount is too small even &lt;#&gt;,ham,0,mishra_soni
Then cant get da laptop? My matric card wif ü lei...,ham,0,mishra_soni
I'm thinking that chennai forgot to come for auction..,ham,0,mishra_soni
Ok i juz receive..,ham,0,mishra_soni
Englishvocabulary ululate: to mourn loudly and shrilly AD: Unlimited FREE calls to any mobile try out today http://bit.ly/unlmtdfreecall share wid frnd,smishing,1,mishra_soni
Eh den sat u book e kb liao huh...,ham,0,mishra_soni
"Living is very simple.. Loving is also simple.. Laughing is too simple.. Winning is tooo simple.. But, being 'SIMPLE' is very difficult.. Hope u understand...Gud night...",ham,0,mishra_soni
Did u got that persons story..let mw know..,ham,0,mishra_soni
"Sorry, got a late start, we're on the way",ham,0,mishra_soni
Y?WHERE U AT DOGBREATH? ITS JUST SOUNDING LIKE JAN C THAT’S AL!!!!!!!!!,ham,0,mishra_soni
"It'll be tough, but I'll do what I have to",ham,0,mishra_soni
Ok talk to me later,ham,0,mishra_soni
So when you gonna get rimac access,ham,0,mishra_soni
"My fri ah... Okie lor,goin 4 my drivin den go shoppin after tt...",ham,0,mishra_soni
No rushing. I'm not working. I'm in school so if we rush we go hungry.,ham,0,mishra_soni
"Ah, well that confuses things, doesn‘t it?",ham,0,mishra_soni
Ok lor. That s a good news..,ham,0,mishra_soni
Thanks. It was only from tescos but quite nice. All gone now. Speak soon,ham,0,mishra_soni
URGENT! We are trying to contact U. Todays draw shows that you have won a £800 prize GUARANTEED. Call 09050003091 from land line. Claim C52. Valid12hrs only,smishing,1,mishra_soni
"our mobile number has won £5000, to claim calls us back or ring the claims hot line on 09050005321.",smishing,1,mishra_soni
"Just sent again. Do you scream and moan in bed, princess?",ham,0,mishra_soni
"Wen ur lovable bcums angry wid u, dnt take it seriously.. Coz being angry is d most childish n true way of showing deep affection...Have nice day da.",ham,0,mishra_soni
Should i buy him a blackberry bold 2 or torch. Should i buy him new or used. Let me know. Plus are you saying i should buy the &lt;#&gt; g wifi ipad. And what are you saying about the about the &lt;#&gt; g?,ham,0,mishra_soni
Think you sent the text to the home phone. That cant display texts. If you still want to send it his number is,ham,0,mishra_soni
Networking technical support associate.,ham,0,mishra_soni
Have you seen who's back at Holby?!,ham,0,mishra_soni
I dunno until when... Lets go learn pilates...,ham,0,mishra_soni
"Got hella gas money, want to go on a grand nature adventure with galileo in a little bit?",ham,0,mishra_soni
Update your face book status frequently :),ham,0,mishra_soni
In meeting da. I will call you,ham,0,mishra_soni
Tell dear what happen to you. Why you talking to me like an alian,ham,0,mishra_soni
Holy living christ what is taking you so long,ham,0,mishra_soni
Rofl betta invest in some anti aging products,ham,0,mishra_soni
What's your room number again? Wanna make sure I'm knocking on the right door,ham,0,mishra_soni
Enjoy ur life. . Good night,ham,0,mishra_soni
"URGENT! Your mobile was awarded a £1,500 Bonus Caller Prize on 27/6/03. Our final attempt 2 contact U! Call 08714714011",smishing,1,mishra_soni
"K.. I yan jiu liao... Sat we can go 4 bugis vill one frm 10 to 3 den hop to parco 4 nb. Sun can go cine frm 1030 to 2, den hop to orc mrt 4 hip hop at 4...",ham,0,mishra_soni
Dunno lei he neva say...,ham,0,mishra_soni
Send me yetty's number pls.,ham,0,mishra_soni
I realise you are a busy guy and i'm trying not to be a bother. I have to get some exams outta the way and then try the cars. Do have a gr8 day,ham,0,mishra_soni
Congratulations ur awarded either £500 of CD gift vouchers & Free entry 2 our £100 weekly draw txt MUSIC to 87066 TnCs www.Ldew.com1win150ppmx3age16,smishing,1,mishra_soni
Even my brother is not like to speak with me. They treat me like aids patent.,ham,0,mishra_soni
Do you want 750 anytime any network mins 150 text and a NEW video phone for only five pounds per week call 08000776320 now or reply for delivery Tomorrow,smishing,1,mishra_soni
Lovely smell on this bus and it ain't tobacco...,ham,0,mishra_soni
That is wondarfull song,ham,0,mishra_soni
Can you use foreign stamps for whatever you send them off for?,ham,0,mishra_soni
Then. You are eldest know.,ham,0,mishra_soni
"Oh, the grand is having a bit of a party but it doesn't mention any cover charge so it's probably first come first served",ham,0,mishra_soni
U can call now...,ham,0,mishra_soni
Err... Cud do. I'm going to at 8pm. I haven't got a way to contact him until then.,ham,0,mishra_soni
Will be september by then!,ham,0,mishra_soni
"I guess that's why you re worried. You must know that there's a way the body repairs itself. And i'm quite sure you shouldn't worry. We'll take it slow. First the tests, they will guide when your ovulation is then just relax. Nothing you've said is a reason to worry but i.ll keep on followin you up.",ham,0,mishra_soni
"Hey , is * rite u put »10 evey mnth is that all?",ham,0,mishra_soni
I will lick up every drop :) are you ready to use your mouth as well?,ham,0,mishra_soni
"Aight text me when you're back at mu and I'll swing by, need somebody to get the door for me",ham,0,mishra_soni
Ok. Fine,ham,0,mishra_soni
Oh wow thats gay. Will firmware update help,ham,0,mishra_soni
Thankyou so much for the call. I appreciate your care.,ham,0,mishra_soni
Not able to do anything.,ham,0,mishra_soni
The current leading bid is 151. To pause this auction send OUT. Customer Care: 08718726270,smishing,1,mishra_soni
Leave it wif me lar... Ü wan to carry meh so heavy... Is da num 98321561 familiar to ü?,ham,0,mishra_soni
Anytime lor...,ham,0,mishra_soni
What time. I‘m out until prob 3 or so,ham,0,mishra_soni
"Can you tell Shola to please go to college of medicine and visit the academic department, tell the academic secretary what the current situation is and ask if she can transfer there. She should ask someone to check Sagamu for the same thing and lautech. Its vital she completes her medical education in Nigeria. Its less expensive much less expensive. Unless she will be getting citizen rates in new zealand.",ham,0,mishra_soni
Black shirt n blue jeans... I thk i c ü...,ham,0,mishra_soni
"Hello, hello, hi lou sorry it took so long 2 reply- I left mobile at friends in Lancaster, just got it bak Neway im sorry I couldn’t make ur b’day 2 hun!",ham,0,mishra_soni
RMO.00 R.HB: RM4388.00 Was Charged On Your Card Numer 9577 at AwG-KLIA2 On 24/10/16 1032:29 Reference Code 342152 Call 03216837293 if u did NOT perform this Txn,smishing,1,mishra_soni
"I'm in a meeting, call me later at night",ham,0,mishra_soni
Wife.,ham,0,mishra_soni
Moby Pub Quiz.Win a £100 High Street prize if u know who the new Duchess of Cornwall will be? Txt her first name to 82277.unsub STOP £1.50 008704050406 SP,smishing,1,mishra_soni
Gud mrng dear have a nice day..hope u r fine,ham,0,mishra_soni
"UpgrdCentre Orange customer, you may now claim your FREE CAMERA PHONE upgrade for your loyalty. Call now on 0207 153 9153. Offer ends 26th July. T&C's apply. Opt-out available",smishing,1,mishra_soni
"She is our sister.. She belongs 2 our family.. She is d hope of tomorrow.. Pray 4 her,who was fated 4 d Shoranur train incident. Lets hold our hands together &amp; fuelled by love &amp; concern prior 2 her grief &amp; pain. Pls join in dis chain &amp; pass it. STOP VIOLENCE AGAINST WOMEN.",ham,0,mishra_soni
I'm putting it on now. It should be ready for &lt;TIME&gt;,ham,0,mishra_soni
Yup ü not comin :-(,ham,0,mishra_soni
You're gonna have to be way more specific than that,ham,0,mishra_soni
S but not able to sleep.,ham,0,mishra_soni
After completed degree. There is no use in joining finance.,ham,0,mishra_soni
Thanx but my birthday is over already.,ham,0,mishra_soni
No b4 Thursday,ham,0,mishra_soni
Guess what! Somebody you know secretly fancies you! Wanna find out who it is? Give us a call on 09065394973 from Landline DATEBox1282EssexCM61XN 150p/min 18,smishing,1,mishra_soni
There are many company. Tell me the language.,ham,0,mishra_soni
You sure your neighbors didnt pick it up,ham,0,mishra_soni
So now my dad is gonna call after he gets out of work and ask all these crazy questions.,ham,0,mishra_soni
I'll text you when I drop x off,ham,0,mishra_soni
"Wen ur lovable bcums angry wid u, dnt take it seriously.. Coz being angry is d most childish n true way of showing deep affection, care n luv!..",ham,0,mishra_soni
Nope i'll come online now..,ham,0,mishra_soni
Dhoni have luck to win some big title.so we will win:),ham,0,mishra_soni
S....s...india going to draw the series after many years in south african soil..,ham,0,mishra_soni
I need to come home and give you some good lovin...,ham,0,mishra_soni
In fact when do you leave? I think addie goes back to school tues or wed,ham,0,mishra_soni
No messages on her phone. I'm holding it now,ham,0,mishra_soni
"YEH I AM DEF UP4 SOMETHING SAT,JUST GOT PAYED2DAY & I HAVBEEN GIVEN A£50 PAY RISE 4MY WORK & HAVEBEEN MADE PRESCHOOLCO-ORDINATOR 2I AM FEELINGOOD LUV",ham,0,mishra_soni
The basket's gettin full so I might be by tonight,ham,0,mishra_soni
Hey so whats the plan this sat?,ham,0,mishra_soni
Y lei?,ham,0,mishra_soni
I like cheap! But i‘m happy to splash out on the wine if it makes you feel better..,ham,0,mishra_soni
"So many people seems to be special at first sight, But only very few will remain special to you till your last sight.. Maintain them till life ends.. Virat",ham,0,mishra_soni
What was she looking for?,ham,0,mishra_soni
Idea will soon get converted to live:),ham,0,mishra_soni
"Nice. Wait...should you be texting right now? I'm not gonna pay your ticket, ya know!",ham,0,mishra_soni
"Sure thing big man. i have hockey elections at 6, shouldn‘t go on longer than an hour though",ham,0,mishra_soni
Yar i wanted 2 scold u yest but late already... I where got zhong se qing you? If u ask me b4 he ask me then i'll go out w u all lor. N u still can act so real.,ham,0,mishra_soni
You can jot down things you want to remember later.,ham,0,mishra_soni
Dear Voucher holder Have your next meal on us. Use the following link on your pc 2 enjoy a 2 4 1 dining experiencehttp://www.vouch4me.com/etlp/dining.asp,smishing,1,mishra_soni
"Dear,regret i cudnt pick call.drove down frm ctla now at cochin home.left mobile in car..ente style ishtamayoo?happy bakrid!",ham,0,mishra_soni
Dad says hurry the hell up,ham,0,mishra_soni
Haf u eaten? Wat time u wan me 2 come?,ham,0,mishra_soni
Simply sitting and watching match in office..,ham,0,mishra_soni
What Today-..sunday is holiday..so no work..,ham,0,mishra_soni
Please ask mummy to call father,ham,0,mishra_soni
"You are guaranteed the latest Nokia Phone, a 40GB iPod MP3 player or a £1000 prize! Txt word: COLLECT to No: 83355!",smishing,1,mishra_soni
"Yeah, where's your class at?",ham,0,mishra_soni
"Haha, my friend tyler literally just asked if you could get him a dubsack",ham,0,mishra_soni
Yoyyooo u know how to change permissions for a drive in mac. My usb flash drive,ham,0,mishra_soni
Prepare to be pleasured :),ham,0,mishra_soni
500 free text msgs. Just text ok to 80488 a or call 08718738034 nd we'll credit your account,smishing,1,mishra_soni
I have gone into get info bt dont know what to do,ham,0,mishra_soni
Got smaller capacity one? Quite ex...,ham,0,mishra_soni
They finally came to fix the ceiling.,ham,0,mishra_soni
This message is from a great Doctor in India:-): 1) Do not drink APPY FIZZ. It contains Cancer causing age,ham,0,mishra_soni
"Sorry, I'll go later",ham,0,mishra_soni
"Sorry that took so long, omw now",ham,0,mishra_soni
I don't run away frm u... But it kills me that u don't care enough to stop me,ham,0,mishra_soni
"How are you, my Love ? Are you with your brother ? Time to talk english with him ? *grins* Say : Hey Muhommad, Penny says hello from across the sea",ham,0,mishra_soni
"Sorry, I'll call later ok bye",ham,0,mishra_soni
Purity of friendship between two is not about smiling after reading the forwarded message..Its about smiling just by seeing the name. Good morning,ham,0,mishra_soni
For real tho this sucks. I can't even cook my whole electricity is out. And I'm hungry.,ham,0,mishra_soni
Tell them no need to investigate about me anywhere.,ham,0,mishra_soni
I liked your new house,ham,0,mishra_soni
Its a valentine game. . . Send dis msg to all ur friends. .. If 5 answers r d same then someone really loves u. Ques- which colour suits me the best?rply me,ham,0,mishra_soni
So what u doing today?,ham,0,mishra_soni
Thanx 4 e brownie it's v nice...,ham,0,mishra_soni
Hey you around? I've got enough for a half + the ten I owe you,ham,0,mishra_soni
Okay. I've seen it. So i should pick it on friday?,ham,0,mishra_soni
Hi neva worry bout da truth coz the truth will lead me 2 ur heart. It’s the least a unique person like u deserve. Sleep tight or morning,ham,0,mishra_soni
say thanks2.,ham,0,mishra_soni
There generally isn't one. It's an uncountable noun - u in the dictionary. pieces of research?,ham,0,mishra_soni
No she didnt. I will search online and let you know.,ham,0,mishra_soni
what number do u live at? Is it 11?,ham,0,mishra_soni
Or i go home first lar ü wait 4 me lor.. I put down my stuff first..,ham,0,mishra_soni
Company is very good.environment is terrific and food is really nice:),ham,0,mishra_soni
Headin towards busetop,ham,0,mishra_soni
What should i eat fo lunch senor,ham,0,mishra_soni
"House-Maid is the murderer, coz the man was murdered on &lt;#&gt; th January.. As public holiday all govt.instituitions are closed,including post office..understand?",ham,0,mishra_soni
In xam hall boy asked girl Tell me the starting term for dis answer I can den manage on my own After lot of hesitation n lookin around silently she said THE! intha ponnungale ipaditan;),ham,0,mishra_soni
But pls dont play in others life.,ham,0,mishra_soni
"Hey babe, my friend had to cancel, still up for a visit ?",ham,0,mishra_soni
Daddy will take good care of you :),ham,0,mishra_soni
U repeat e instructions again. Wat's e road name of ur house?,ham,0,mishra_soni
And also I've sorta blown him off a couple times recently so id rather not text him out of the blue looking for weed,ham,0,mishra_soni
Did u receive my msg?,ham,0,mishra_soni
O i played smash bros &lt;#&gt; religiously.,ham,0,mishra_soni
I did. One slice and one breadstick. Lol,ham,0,mishra_soni
"K I'm leaving soon, be there a little after 9",ham,0,mishra_soni
How much u trying to get?,ham,0,mishra_soni
"What will we do in the shower, baby?",ham,0,mishra_soni
Have a nice day my dear.,ham,0,mishra_soni
"Got fujitsu, ibm, hp, toshiba... Got a lot of model how to say...",ham,0,mishra_soni
"Yeah, I'll leave in a couple minutes &amp; let you know when I get to mu",ham,0,mishra_soni
Then u go back urself lor...,ham,0,mishra_soni
2 laptop... I noe infra but too slow lar... I wan fast one,ham,0,mishra_soni
Sat right? Okay thanks...,ham,0,mishra_soni
Jus came back fr lunch wif my sis only. U leh?,ham,0,mishra_soni
Long beach lor. Expected... U having dinner now?,ham,0,mishra_soni
Ok then I will wait for. Then u talk to me .,ham,0,mishra_soni
I dont have your file in my bag..i 'll tell you if i find it in my room.,ham,0,mishra_soni
"Rose needs water, season needs change, poet needs imagination..My phone needs ur sms and i need ur lovely frndship forever....",ham,0,mishra_soni
"The fact that you're cleaning shows you know why i'm upset. Your priority is constantly ""what i want to do,"" not ""what i need to do.""",ham,0,mishra_soni
We tried to contact you re your reply to our offer of a Video Phone 750 anytime any network mins Half Price Line Rental Camcord call 08000930705,smishing,1,mishra_soni
"Babe, I'm answering you, can't you see me ? Maybe you'd better reboot YM ... I got the photo ... It's great !",ham,0,mishra_soni
Change again... It's e one next to escalator...,ham,0,mishra_soni
Hey gals...U all wanna meet 4 dinner at nìte?,ham,0,mishra_soni
We have recalculated your vehicle tax. You are owed 48.84 due to over payment.Click the secure link http:// 103.208.86.96 to claim your refund.,smishing,1,mishra_soni
"Vikky, come around &lt;TIME&gt; ..",ham,0,mishra_soni
Hi' Test on &lt;#&gt; rd ....,ham,0,mishra_soni
Oic... Then better quickly go bathe n settle down...,ham,0,mishra_soni
"alright, I'll make sure the car is back tonight",ham,0,mishra_soni
"I miss you already, you know ? Can't you let me send you some money towards your net ? I need you ... I want you ... I crave you ...",ham,0,mishra_soni
"Wnevr i wana fal in luv vth my books, My bed fals in luv vth me..!'' . Yen madodu, nav pretsorginta, nammanna pretsovru important alwa....!!:) Gud eveB-).",ham,0,mishra_soni
"Solve d Case : A Man Was Found Murdered On 16 April, AfterNoon. 1,His wife called Police. 2,Police questioned everyone. 3,Wife: Sir,I was sleeping, when the murder took place. 4.Cook: I was cooking. 5.Gardener: I was picking vegetables. 6.House-Maid: I went 2 d post office. 7.Children: We went 2 play. 8.Neighbour: We went 2 a marriage. Police arrested d murderer..who is it?",ham,0,mishra_soni
This is the 2nd time we have tried to contact u. U have won the £1450 prize to claim just call 09053750005 b4 310303. T&Cs/stop SMS 08718725756. 140ppm,smishing,1,mishra_soni
"Be a good person , but dont try to prove it",ham,0,mishra_soni
How are you doing? Hope you've settled in for the new school have a great day,ham,0,mishra_soni
"There'll be a minor shindig at my place later tonight, you interested?",ham,0,mishra_soni
Remind me how to get there and I shall do so,ham,0,mishra_soni
What can i do? Might accidant tookplace between somewhere ghodbandar rd. Traffic moves slovely. So plz slip &amp; don't worry.,ham,0,mishra_soni
Goodmorning sleeping ga.,ham,0,mishra_soni
cool. We will have fun practicing making babies!,ham,0,mishra_soni
"No, its true..k,Do u knw dis no. &lt;#&gt; ?",ham,0,mishra_soni
1's reach home call me.,ham,0,mishra_soni
I love to cuddle! I want to hold you in my strong arms right now...,ham,0,mishra_soni
I'm done oredi...,ham,0,mishra_soni
No da if you run that it activate the full version da.,ham,0,mishra_soni
"Cool breeze... Bright sun... Fresh flower... Twittering birds... All these waiting to wish u: ""GOODMORNING &amp; HAVE A NICE DAY"" :)",ham,0,mishra_soni
"I.ll always be there, even if its just in spirit. I.ll get a bb soon. Just trying to be sure i need it.",ham,0,mishra_soni
Bloomberg -Message center +447797706009 Why wait? Apply for your futur,smishing,1,mishra_soni
Please leave this topic..sorry for telling that..,ham,0,mishra_soni
I dont. Can you send it to me. Plus how's mode.,ham,0,mishra_soni
Ok lar i double check wif da hair dresser already he said wun cut v short. He said will cut until i look nice.,ham,0,mishra_soni
Today is ACCEPT DAY..U Accept me as? Brother Sister Lover Dear1 Best1 Clos1 Lvblefrnd Jstfrnd Cutefrnd Lifpartnr Belovd Swtheart Bstfrnd No rply means enemy,ham,0,mishra_soni
Do you think i can move &lt;#&gt; in a week,ham,0,mishra_soni
"As a valued customer, I am pleased to advise you that following recent review of your Mob No. you are awarded with a £2000 Bonus Prize, call 09066364529",smishing,1,mishra_soni
Theyre doing it to lots of places. Only hospitals and medical places are safe.,ham,0,mishra_soni
"TODAY is Sorry day.! If ever i was angry with you, if ever i misbehaved or hurt you? plz plz JUST SLAP URSELF Bcoz, Its ur fault, I'm basically GOOD",ham,0,mishra_soni
Come to medical college at 7pm ......forward it da,ham,0,mishra_soni
PRIVATE! Your 2004 Account Statement for 07742676969 shows 786 unredeemed Bonus Points. To claim call 08719180248 Identifier Code: 45239 Expires,smishing,1,mishra_soni
Ü dun wan to watch infernal affair?,ham,0,mishra_soni
Ok k..sry i knw 2 siva..tats y i askd..,ham,0,mishra_soni
Nutter. Cutter. Ctter. Cttergg. Cttargg. Ctargg. Ctagg. ie you,ham,0,mishra_soni
Huh so late... Fr dinner?,ham,0,mishra_soni
Oh k k:)but he is not a big hitter.anyway good,ham,0,mishra_soni
"sorry brah, just finished the last of my exams, what up",ham,0,mishra_soni
"Its ok., i just askd did u knw tht no?",ham,0,mishra_soni
I like to think there's always the possibility of being in a pub later.,ham,0,mishra_soni
Can you pls send me that company name. In saibaba colany,ham,0,mishra_soni
Is xy in ur car when u picking me up?,ham,0,mishra_soni
You do got a shitload of diamonds though,ham,0,mishra_soni
Joy's father is John. Then John is the NAME of Joy's father. Sweta,ham,0,mishra_soni
I am going to try for 2 months ha ha only joking,ham,0,mishra_soni
Im done. Just studyn in library,ham,0,mishra_soni
Our smriti's mother passed away last night. pray for her and family.,ham,0,mishra_soni
I want to tel u one thing u should not mistake me k THIS IS THE MESSAGE THAT YOU SENT:),ham,0,mishra_soni
"Nimbomsons. Yep phone knows that one. Obviously, cos thats a real word",ham,0,mishra_soni
I like to talk pa but am not able to. I dont know y.,ham,0,mishra_soni
Yun buying... But school got offer 2000 plus only...,ham,0,mishra_soni
"Haha... Sounds crazy, dunno can tahan anot...",ham,0,mishra_soni
HI DARLIN HOW WAS WORK DID U GET INTO TROUBLE? IJUST TALKED TO YOUR MUM ALL MORNING! I HAD A REALLY GOOD TIME LAST NIGHT IM GOIN OUT SOON BUT CALL ME IF U CAN,ham,0,mishra_soni
I cant pick the phone right now. Pls send a message if anything urgent..,ham,0,mishra_soni
"Sorry, I can help you on this.",ham,0,mishra_soni
"Hi, Mobile no. 7645092312 has added you in their contact list on www.fullonsms.com It s a great place to send free sms to people For more visit fullonsms.com",ham,0,mishra_soni
Please CALL 08712402972 immediately as there is an urgent message waiting for you,smishing,1,mishra_soni
No message..no responce..what happend? Is everything fine?,ham,0,mishra_soni
You always make things bigger than they are,ham,0,mishra_soni
Pls go there today &lt;#&gt; . I dont want any excuses,ham,0,mishra_soni
I tot it's my group mate... Lucky i havent reply... Wat time do ü need to leave...,ham,0,mishra_soni
I'll talk to the others and probably just come early tomorrow then,ham,0,mishra_soni
Just finished. Missing you plenty,ham,0,mishra_soni
Am only searching for good dual sim mobile pa.,ham,0,mishra_soni
U should have made an appointment,ham,0,mishra_soni
"Sorry, I'll call later afternoon",ham,0,mishra_soni
"Al he does is moan at me if n e thin goes wrong its my fault&al de arguments r my fault&fed up of him of himso y bother? Hav 2go, thanx.xx",ham,0,mishra_soni
U have a Secret Admirer who is looking 2 make contact with U-find out who they R*reveal who thinks UR so special-call on 0906517113-stopsms-08,smishing,1,mishra_soni
From 5 to 2 only my work timing.,ham,0,mishra_soni
"ATM BLOCK:Dear customer, Due to our system upgrade your ATM card has just been BL0CKED. To Re-Activate call customer care for help 7044518857 now.",smishing,1,mishra_soni
Ok.good,ham,0,mishra_soni
I only work from mon to thurs but Sat i cant leh... Booked liao... Which other day u free?,ham,0,mishra_soni
"Say this slowly.? GOD,I LOVE YOU &amp; I NEED YOU,CLEAN MY HEART WITH YOUR BLOOD.Send this to Ten special people",ham,0,mishra_soni
How? Izzit still raining?,ham,0,mishra_soni
:-( sad puppy noise,ham,0,mishra_soni
Oh... Okie lor...We go on sat...,ham,0,mishra_soni
Huh so slow i tot u reach long ago liao... U 2 more days only i 4 more leh...,ham,0,mishra_soni
Please call our customer service representative on FREEPHONE 0808 145 4744 between 9am-11pm as you have WON a guaranteed £3000 cash or £7000 prize!,smishing,1,mishra_soni
Let me know how to contact you. I've you settled in a room. Lets know you are ok.,ham,0,mishra_soni
"Nothing really, just making sure everybody's up to speed",ham,0,mishra_soni
That was random saw my old roomate on campus. He graduated,ham,0,mishra_soni
I'm going 4 lunch now wif my family then aft dat i go str 2 orchard lor.,ham,0,mishra_soni
Why do you ask princess?,ham,0,mishra_soni
Y de asking like this.,ham,0,mishra_soni
Haha... They cant what... At the most tmr forfeit... haha so how?,ham,0,mishra_soni
Lol! Oops sorry! Have fun.,ham,0,mishra_soni
Ranjith cal drpd,ham,0,mishra_soni
Two teams waiting for some players,ham,0,mishra_soni
Dad went out oredi...,ham,0,mishra_soni
Any pain on urination any thing else?,ham,0,mishra_soni
"No, I decided that only people who care about stuff vote and caring about stuff is for losers",ham,0,mishra_soni
I have a rather prominent bite mark on my right cheek,ham,0,mishra_soni
Courtsy reminder: payment on your NAB Visa Card is now overdue. Please refer to your statement for payment options or call 1300 2569 28 Thank you,smishing,1,mishra_soni
PISS IS TALKING IS SOMEONE THAT REALISE U THAT POINT THIS AT IS IT.(NOW READ IT BACKWARDS),ham,0,mishra_soni
I.ll get there tomorrow and send it to you,ham,0,mishra_soni
"When I was born, GOD said, ""Oh No! Another IDIOT"". When you were born, GOD said, ""OH No! COMPETITION"". Who knew, one day these two will become FREINDS FOREVER!",ham,0,mishra_soni
"Wen u lift d phne, u say ""HELLO"" Do u knw wt is d real meaning of HELLO?? . . . It's d name of a girl..! . . . Yes.. And u knw who is dat girl?? ""Margaret Hello"" She is d girlfrnd f Grahmbell who invnted telphone... . . . . Moral:One can 4get d name of a person, bt not his girlfrnd... G o o d n i g h t . . .@",ham,0,mishra_soni
Raviyog Peripherals bhayandar east,ham,0,mishra_soni
"wow. You're right! I didn't mean to do that. I guess once i gave up on boston men and changed my search location to nyc, something changed. Cuz on my signin page it still says boston.",ham,0,mishra_soni
"Found it, ENC 5000 , where you at?",ham,0,mishra_soni
would u believe it they didnt know i had thurs pre booked off so they re cancelled me AGAIN! that needs to b sacked,ham,0,mishra_soni
Shopping? Eh ger i toking abt syd leh...Haha,ham,0,mishra_soni
Horrible gal. Me in sch doing some stuff. How come u got mc?,ham,0,mishra_soni
Have a good trip. Watch out for . Remember when you get back we must decide about easter.,ham,0,mishra_soni
Last week was my b'day. My Wife did'nt wish me. My Parents forgot n so did my Kids . I went to work. Even my Colleagues did not wish.,ham,0,mishra_soni
Miles and smiles r made frm same letters but do u know d difference..? smile on ur face keeps me happy even though I am miles away from u.. :-)keep smiling.. Good nyt,ham,0,mishra_soni
"It,,s a taxt massage....tie-pos argh ok! Lool!",ham,0,mishra_soni
That means from february to april i'll be getting a place to stay down there so i don't have to hustle back and forth during audition season as i have since my sister moved away from harlem.,ham,0,mishra_soni
How i noe... Did ü specify da domain as nusstu... Ü still in sch...,ham,0,mishra_soni
You have 1 new message. Please call 08715205273,smishing,1,mishra_soni
How will I creep on you now? ;_;,ham,0,mishra_soni
We not watching movie already. Xy wants 2 shop so i'm shopping w her now.,ham,0,mishra_soni
Good sleep is about rhythm. The person has to establish a rhythm that the body will learn and use. If you want to know more :-),ham,0,mishra_soni
"URGENT! Dear FL1PKART Customer, We are trying to contact you. Last weekends draw shows that you w0n a Rs.6,00,000 prize GUARANTEED. Call 7908807538. Claim Code FLIP52. Valid 12hrs only.",smishing,1,mishra_soni
Your 2004 account for 07XXXXXXXXX shows 786 unredeemed points. To claim call 08719181259 Identifier code: XXXXX Expires 26.03.05,smishing,1,mishra_soni
Urgent! Please call 09061743811 from landline. Your ABTA complimentary 4* Tenerife Holiday or £5000 cash await collection SAE T&Cs Box 326 CW25WX 150ppm,smishing,1,mishra_soni
Cos i was out shopping wif darren jus now n i called him 2 ask wat present he wan lor. Then he started guessing who i was wif n he finally guessed darren lor.,ham,0,mishra_soni
Fine if that’s the way u feel. That’s the way its gota b,ham,0,mishra_soni
"Ya ok, then had dinner?",ham,0,mishra_soni
"""For the most sparkling shopping breaks from 45 per person; call 0121 2025050 or visit www.shortbreaks.org.uk""",smishing,1,mishra_soni
Mathews or tait or edwards or anderson,ham,0,mishra_soni
No de. But call me after some time. Ill tell you k,ham,0,mishra_soni
"I'm back, lemme know when you're ready",ham,0,mishra_soni
Then she dun believe wat?,ham,0,mishra_soni
Yes..he is really great..bhaji told that he is d best cricketer after sachin in world.,ham,0,mishra_soni
Hey... are you going to quit soon? Xuhui and i working till end of the month,ham,0,mishra_soni
"In case you wake up wondering where I am, I forgot I have to take care of something for grandma today, should be done before the parade",ham,0,mishra_soni
Great! I shoot big loads so get ready!,ham,0,mishra_soni
That's the way you should stay oh.,ham,0,mishra_soni
UR Mobile Number Won 2Crores 35Lakh Rupees In Chevrolet Motors Award 2015 For Claim Send Name Phone Number Address Age To Email:chevmotorlondon@hotmail.com,smishing,1,mishra_soni
Ok. Wonderful,ham,0,mishra_soni
Er yep sure. Props?,ham,0,mishra_soni
Hai ana tomarrow am coming on morning. &lt;DECIMAL&gt; ill be there in sathy then we ll go to RTO office. Reply me after came to home.,ham,0,mishra_soni
I went to project centre .I spent 3 hours there,ham,0,mishra_soni
I went to ur hon lab but no one is there.,ham,0,mishra_soni
"500 New Mobiles from 2004, MUST GO! Txt: NOKIA to No: 89545 & collect yours today!From ONLY £1 www.4-tc.biz 2optout 087187262701.50gbp/mtmsg18",smishing,1,mishra_soni
Will you come online today night,ham,0,mishra_soni
You lifted my hopes with the offer of money. I am in need. Especially when the end of the month approaches and it hurts my studying. Anyways have a gr8 weekend,ham,0,mishra_soni
Today is ACCEPT DAY..U Accept me as?,ham,0,mishra_soni
"A cute thought for friendship: ""Its not necessary to share every secret with ur close Frnd, but watever u shared should be true""....",ham,0,mishra_soni
Oooh I got plenty of those!,ham,0,mishra_soni
I anything lor...,ham,0,mishra_soni
Should I have picked up a receipt or something earlier,ham,0,mishra_soni
"FreeMSG You have been awarded a FREE mini DIGITAL CAMERA, just reply SNAP to collect your prize! (quizclub Opt out? Stop 80122300p/wk SP:RWM Ph:08704050406)",smishing,1,mishra_soni
"(Help-Center Canada) You received a Transfer from The Government due to the CoronaVirus pandemic, Click:http://23.254.215.52 to fill out your Application.",smishing,1,mishra_soni
Super msg da:)nalla timing.,ham,0,mishra_soni
Please call Amanda with regard to renewing or upgrading your current T-Mobile handset free of charge. Offer ends today. Tel 0845 021 3680 subject to T's and C's,smishing,1,mishra_soni
Hey now am free you can call me.,ham,0,mishra_soni
Pls come quick cant bare this.,ham,0,mishra_soni
Just curious because my cuz asked what I was up to,ham,0,mishra_soni
"Sorry, I'll call later in night",ham,0,mishra_soni
"Sorry, wanted to go somewhere..",ham,0,mishra_soni
When you guys planning on coming over?,ham,0,mishra_soni
URGENT! We are trying to contact U. Todays draw shows that you have won a £2000 prize GUARANTEED. Call 09058094507 from land line. Claim 3030. Valid 12hrs only,smishing,1,mishra_soni
Have a good evening! Ttyl,ham,0,mishra_soni
No need to say anything to me. I know i am an outsider,ham,0,mishra_soni
Si si. I think ill go make those oreo truffles.,ham,0,mishra_soni
I wish that I was with you. Holding you tightly. Making you see how important you are. How much you mean to me ... How much I need you ... In my life ...,ham,0,mishra_soni
So the sun is anti sleep medicine.,ham,0,mishra_soni
Hi :)finally i completed the course:),ham,0,mishra_soni
Eh sorry leh... I din c ur msg. Not sad already lar. Me watching tv now. U still in office?,ham,0,mishra_soni
Nope wif my sis lor... Aft bathing my dog then i can bathe... Looks like it's going 2 rain soon.,ham,0,mishra_soni
BOO BABE! U ENJOYIN YOURJOB? U SEEMED 2 B GETTIN ON WELL HUNNY!HOPE URE OK?TAKE CARE & I’LLSPEAK 2U SOONLOTS OF LOVEME XXXX.,ham,0,mishra_soni
Roger that. We‘re probably going to rem in about 20,ham,0,mishra_soni
If I die I want u to have all my stuffs.,ham,0,mishra_soni
Me i'm not workin. Once i get job...,ham,0,mishra_soni
"URGENT! Your Mobile number has been awarded with a INR.2,00,000 prize GUARANTEED. Call 7679046492 from land line. Claim 3030. Valid 12hrs only",smishing,1,mishra_soni
Sorry i've not gone to that place. I.ll do so tomorrow. Really sorry.,ham,0,mishra_soni
"Just got part Nottingham - 3 hrs 63miles. Good thing i love my man so much, but only doing 40mph. Hey ho",ham,0,mishra_soni
Gud ni8.swt drms.take care,ham,0,mishra_soni
Pls i wont belive god.not only jesus.,ham,0,mishra_soni
So what did the bank say about the money?,ham,0,mishra_soni
"Fyi I'm taking a quick shower, be at epsilon in like &lt;#&gt; min",ham,0,mishra_soni
Of course ! Don't tease me ... You know I simply must see ! *grins* ... Do keep me posted my prey ... *loving smile* *devouring kiss*,ham,0,mishra_soni
How much it will cost approx . Per month.,ham,0,mishra_soni
You have registered Sinco as Payee. Log in at icicibank.com and enter URN &lt;#&gt; to confirm. Beware of frauds. Do NOT share or disclose URN to anyone.,ham,0,mishra_soni
Please call our customer service representative on FREEPHONE 0808 145 4743 between 9am-11pm as you have WON a guaranteed £2000 cash or £6000 prize!,smishing,1,mishra_soni
"I'm outside islands, head towards hard rock and you'll run into me",ham,0,mishra_soni
Shall call now dear having food,ham,0,mishra_soni
"Call me da, i am waiting for your call.",ham,0,mishra_soni
how tall are you princess?,ham,0,mishra_soni
Nvm it's ok...,ham,0,mishra_soni
K. I will sent it again,ham,0,mishra_soni
Not course. Only maths one day one chapter with in one month we can finish.,ham,0,mishra_soni
"Babe, have you got enough money to pick up bread and milk ? And I'll give you it back when you get home ?",ham,0,mishra_soni
I cant pick the phone right now. Call me sometime back,ham,0,mishra_soni
Ü still attending da talks?,ham,0,mishra_soni
I don know account details..i will ask my mom and send you.my mom is out of reach now.,ham,0,mishra_soni
Prof: you have passed in all the papers in this sem congrats . . . . Student: Enna kalaachutaarama..!! Prof:???? Gud mrng!,ham,0,mishra_soni
Sorry to be a pain. Is it ok if we meet another night? I spent late afternoon in casualty and that means i haven't done any of y stuff42moro and that includes all my time sheets and that. Sorry.,ham,0,mishra_soni
Are you in castor? You need to see something,ham,0,mishra_soni
You are right though. I can't give you the space you want and need. This is really starting to become an issue. I was going to suggest setting a definite move out--if i'm still there-- after greece. But maybe you are ready and should do it now.,ham,0,mishra_soni
"Idk. You keep saying that you're not, but since he moved, we keep butting heads over freedom vs. responsibility. And i'm tired. I have so much other shit to deal with that i'm barely keeping myself together once this gets added to it.",ham,0,mishra_soni
Thanks and ! Or bomb and date as my phone wanted to say!,ham,0,mishra_soni
Yes. Last practice,ham,0,mishra_soni
Alrite jod hows the revision goin? Keris bin doin a smidgin. N e way u wanna cum over after college?xx,ham,0,mishra_soni
Quite late lar... Ard 12 anyway i wun b drivin...,ham,0,mishra_soni
We tried to contact you re your reply to our offer of a Video Handset? 750 anytime networks mins? UNLIMITED TEXT? Camcorder? Reply or call 08000930705 NOW,smishing,1,mishra_soni
"URGENT! Your mobile No 077xxx WON a £2,000 Bonus Caller Prize on 02/06/03! This is the 2nd attempt to reach YOU! Call 09066362206 ASAP! BOX97N7QP, 150ppm",smishing,1,mishra_soni
I pocked you up there before,ham,0,mishra_soni
Ü dun need to pick ur gf?,ham,0,mishra_soni
We would like to inform you that you have been recorded as leaving your home on 3 occasions yesterday. A fine of 35 has been added to your gov.uk account. For further information please visit gov.uk/ coronavirus-penalty-payment racking. Protect the NHS. Save lives,smishing,1,mishra_soni
Play w computer? Aiyah i tok 2 u lor?,ham,0,mishra_soni
"Neither [in sterm voice] - i'm studying. All fine with me! Not sure the thing will be resolved, tho. Anyway. Have a fab hols",ham,0,mishra_soni
You in your room? I need a few,ham,0,mishra_soni
Sitting ard nothing to do lor. U leh busy w work?,ham,0,mishra_soni
You only hate me. You can call any but you didnt accept even a single call of mine. Or even you messaged,ham,0,mishra_soni
R ü going 4 today's meeting?,ham,0,mishra_soni
I am thinking of going down to reg for pract lessons.. Flung my advance.. Haha wat time u going?,ham,0,mishra_soni
"Sir, I have been late in paying rent for the past few months and had to pay a $ &lt;#&gt; charge. I felt it would be inconsiderate of me to nag about something you give at great cost to yourself and that's why i didnt speak up. I however am in a recession and wont be able to pay the charge this month hence my askin well ahead of month's end. Can you please help. Thanks",ham,0,mishra_soni
Good morning princess! Have a great day!,ham,0,mishra_soni
What happened to you ? How come you never came back?,ham,0,mishra_soni
See? I thought it all through,ham,0,mishra_soni
Ü only send me the contents page...,ham,0,mishra_soni
"Jay wants to work out first, how's 4 sound?",ham,0,mishra_soni
"Aight, sounds good. When do you want me to come down?",ham,0,mishra_soni
Are you happy baby ? Are you alright ? Did you take that job ? I hope your fine. I send you a kiss to make you smile from across the sea ... *kiss* *kiss*,ham,0,mishra_soni
"5 Free Top Polyphonic Tones call 087018728737, National Rate. Get a toppoly tune sent every week, just text SUBPOLY to 81618, £3 per pole. UnSub 08718727870.",smishing,1,mishra_soni
dont make ne plans for nxt wknd coz she wants us to come down then ok,ham,0,mishra_soni
I'll pick you up at about 5.15pm to go to taunton if you still want to come.,ham,0,mishra_soni
Well I wasn't available as I washob nobbing with last night so they had to ask Nickey Platt instead of me!;,ham,0,mishra_soni
If i said anything wrong sorry de:-),ham,0,mishra_soni
Dunno da next show aft 6 is 850. Toa payoh got 650.,ham,0,mishra_soni
Wat so late still early mah. Or we juz go 4 dinner lor. Aiya i dunno...,ham,0,mishra_soni
cThen i thk shd b enuff.. Still got conclusion n contents pg n references.. I'll b doing da contents pg n cover pg..,ham,0,mishra_soni
"Hi, this is Mandy Sullivan calling from HOTMIX FM...you are chosen to receive £5000.00 in our Easter Prize draw.....Please telephone 09041940223 to claim before 29/03/05 or your prize will be transferred to someone else....",smishing,1,mishra_soni
"Dear, take care. I am just reaching home.love u a lot.",ham,0,mishra_soni
Stupid auto correct on my phone,ham,0,mishra_soni
We currently have a message awaiting your collection. To collect your message just call 08718723815.,smishing,1,mishra_soni
Are you there in room.,ham,0,mishra_soni
I know you are serving. I mean what are you doing now.,ham,0,mishra_soni
I'll meet you in the lobby,ham,0,mishra_soni
Where you. What happen,ham,0,mishra_soni
"You are happy...You skype, you take pictures, you sleep, you want to go out. But you don t mind what I want..",ham,0,mishra_soni
URGENT! This is the 2nd attempt to contact U!U have WON £1250 CALL 09071512433 b4 050703 T&CsBCM4235WC1N3XX. callcost 150ppm mobilesvary. max£7. 50,smishing,1,mishra_soni
Is there any training tomorrow?,ham,0,mishra_soni
Want explicit SEX in 30 secs? Ring 02073162414 now! Costs 20p/min Gsex POBOX 2667 WC1N 3XX,smishing,1,mishra_soni
I am late. I will be there by 3,ham,0,mishra_soni
You bad girl. I can still remember them,ham,0,mishra_soni
When you are big..| God will bring success.,ham,0,mishra_soni
Ok lar... Joking wif u oni...,ham,0,mishra_soni
"Dear V0DAF0NE Customer,You are a W1NNER of Rs. 1,00,000 Guaranteed Prize, this is our Final attempt to contact you! To Claim Call 6299257179 Now!",smishing,1,mishra_soni
SORRY IM STIL AFTER LAST NITE WENT TOBED AT 430 GOT UP 4 WORK AT 630,ham,0,mishra_soni
"Dear Voucher Holder, To claim this weeks offer, at you PC please go to http://www.e-tlp.co.uk/expressoffer Ts&Cs apply. To stop texts, txt STOP to 80062",smishing,1,mishra_soni
It's urgent please Contact me for an UNCLAIMED BEQUEST PAYMENT as the Assigned BENEFICIARY VIA EMAIL infogfreeman@gmail.com Regards Gordon,smishing,1,mishra_soni
Tiwary to rcb.battle between bang and kochi.,ham,0,mishra_soni
Ugh. Gotta drive back to sd from la. My butt is sore.,ham,0,mishra_soni
I‘m parked next to a MINI!!!! When are you coming in today do you think?,ham,0,mishra_soni
Hey. For me there is no leave on friday. Wait i will ask my superior and tell you..,ham,0,mishra_soni
important information 4 orange user . today is your lucky day!2find out why log onto http://www.urawinner.com THERE'S A FANTASTIC SURPRISE AWAITING YOU!,smishing,1,mishra_soni
Please call our customer service representative on FREEPHONE 0808 145 4742 between 9am-11pm as you have WON a guaranteed £1000 cash or £5000 prize!,smishing,1,mishra_soni
Oh ok I'm watching here:) I know what to do,ham,0,mishra_soni
"Congratulations, Your entry into our contest last month made you a WINNER! Goto http://www.apple.com.text.won.com to claim your prize! You have 24 hours to claim",smishing,1,mishra_soni
Is it ok if I stay the night here? Xavier has a sleeping bag and I'm getting tired,ham,0,mishra_soni
Do you want bold 2 or bb torch,ham,0,mishra_soni
Genius what's up. How your brother. Pls send his number to my skype.,ham,0,mishra_soni
"URGENT!: Your Mobile No. was awarded a £2,000 Bonus Caller Prize on 02/09/03! This is our 2nd attempt to contact YOU! Call 0871-872-9755 BOX95QU",smishing,1,mishra_soni
Was just about to ask. Will keep this one. Maybe that's why you didn't get all the messages we sent you on glo,ham,0,mishra_soni
S...from the training manual it show there is no tech process:)its all about password reset and troubleshooting:),ham,0,mishra_soni
"No dude, its not fake..my frnds got money, thts y i'm reffering u..if u member wit my mail link, u vl be credited &lt;#&gt; rs and il be getiing &lt;#&gt; rs..i can draw my acc wen it is &lt;#&gt; rs..",ham,0,mishra_soni
"Christmas is An occasion that is Celebrated as a Reflection of UR... Values..., Desires..., Affections...&amp; Traditions.... Have an ideal Christmas...",ham,0,mishra_soni
We tried to contact you re our offer of New Video Phone 750 anytime any network mins HALF PRICE Rental camcorder call 08000930705 or reply for delivery Wed,smishing,1,mishra_soni
"Babe! How goes that day ? What are you up to ? I miss you already, my Love ... * loving kiss* ... I hope everything goes well.",ham,0,mishra_soni
Happy birthday... May all ur dreams come true...,ham,0,mishra_soni
"SYMPTOMS when U are in love: ""1.U like listening songs 2.U get stopped where u see the name of your beloved 3.U won't get angry when your",ham,0,mishra_soni
"If you don't, your prize will go to another customer. T&C at www.t-c.biz 18+ 150p/min Polo Ltd",smishing,1,mishra_soni
LOL ... No just was busy,ham,0,mishra_soni
And how's your husband.,ham,0,mishra_soni
"Sorry, I can't text &amp; drive coherently, see you in twenty",ham,0,mishra_soni
"Good morning, my Love ... I go to sleep now and wish you a great day full of feeling better and opportunity ... You are my last thought babe, I LOVE YOU *kiss*",ham,0,mishra_soni
XMAS Prize draws! We are trying to contact U. Todays draw shows that you have won a £2000 prize GUARANTEED. Call 09058094565 from land line. Valid 12hrs only,smishing,1,mishra_soni
Yes:)here tv is always available in work place..,ham,0,mishra_soni
The Xmas story is peace.. The Xmas msg is love.. The Xmas miracle is jesus.. Hav a blessed month ahead &amp; wish U Merry Xmas...,ham,0,mishra_soni
Not yet chikku..wat abt u?,ham,0,mishra_soni
"Imagine you finally get to sink into that bath after I have put you through your paces, maybe even having you eat me for a while before I left ... But also imagine the feel of that cage on your cock surrounded by the bath water, reminding you always who owns you ... Enjoy, my cuck",ham,0,mishra_soni
You have an important customer service announcement from PREMIER. Call FREEPHONE 0800 542 0578 now!,smishing,1,mishra_soni
I am waiting for your call sir.,ham,0,mishra_soni
"It's cool, we can last a little while. Getting more any time soon?",ham,0,mishra_soni
I've not sent it. He can send me.,ham,0,mishra_soni
"Hello my boytoy ... Geeee I miss you already and I just woke up. I wish you were here in bed with me, cuddling me. I love you ...",ham,0,mishra_soni
Do we have any spare power supplies,ham,0,mishra_soni
Friendship poem: Dear O Dear U R Not Near But I Can Hear Dont Get Fear Live With Cheer No More Tear U R Always my Dear. GOOD MORNING,ham,0,mishra_soni
Friendship poem: Dear O Dear U R Not Near But I Can Hear Dont Get Fear Live With Cheer No More Tear U R Always my Dear. Gud ni8,ham,0,mishra_soni
Just woke up. Yeesh its late. But I didn't fall asleep til &lt;#&gt; am :/,ham,0,mishra_soni
Happy new years melody!,ham,0,mishra_soni
Your B4U voucher w/c 27/03 is MARSMS. Log onto www.B4Utele.com for discount credit. To opt out reply stop. Customer care call 08717168528,smishing,1,mishra_soni
Ü comin to fetch us oredi...,ham,0,mishra_soni
NOT ENUFCREDEIT TOCALL.SHALL ILEAVE UNI AT 6 +GET A BUS TO YOR HOUSE?,ham,0,mishra_soni
"Ever green quote ever told by Jerry in cartoon ""A Person Who Irritates u Always Is the one Who Loves u Vry Much But Fails to Express It...!..!! :-) :-) gud nyt",ham,0,mishra_soni
Hey! There's veggie pizza... :/,ham,0,mishra_soni
Ok I'm gonna head up to usf in like fifteen minutes,ham,0,mishra_soni
Nope thats fine. I might have a nap tho!,ham,0,mishra_soni
Was thinking about chuckin ur red green n black trainners 2 save carryin them bac on train,ham,0,mishra_soni
I'd like to tell you my deepest darkest fantasies. Call me 09094646631 just 60p/min. To stop texts call 08712460324 (nat rate),smishing,1,mishra_soni
Sday only joined.so training we started today:),ham,0,mishra_soni
Go chase after her and run her over while she's crossing the street,ham,0,mishra_soni
U coming back 4 dinner rite? Dad ask me so i re confirm wif u...,ham,0,mishra_soni
:-( that's not v romantic!,ham,0,mishra_soni
I'll be in sch fr 4-6... I dun haf da book in sch... It's at home...,ham,0,mishra_soni
How are you. Just checking up on you,ham,0,mishra_soni
Ok then i will come to ur home after half an hour..is that fine?,ham,0,mishra_soni
Can you do a mag meeting this avo at some point?,ham,0,mishra_soni
"Ya, i'm referin to mei's ex wat... No ah, waitin 4 u to treat, somebody shld b rich liao...So gd, den u dun have to work frm tmr onwards...",ham,0,mishra_soni
"Bloody hell, cant believe you forgot my surname Mr . Ill give u a clue, its spanish and begins with m...",ham,0,mishra_soni
Don no da:)whats you plan? Let mw know,ham,0,mishra_soni
Yeah so basically any time next week you can get away from your mom &amp; get up before 3,ham,0,mishra_soni
I gotta collect da car at 6 lei.,ham,0,mishra_soni
"Hey... Thk we juz go accordin to wat we discussed yest lor, except no kb on sun... Cos there's nt much lesson to go if we attend kb on sat...",ham,0,mishra_soni
Ya it came a while ago,ham,0,mishra_soni
Appt is at &lt;TIME&gt; am. Not my fault u don't listen. I told u twice,ham,0,mishra_soni
For many things its an antibiotic and it can be used for chest abdomen and gynae infections even bone infections.,ham,0,mishra_soni
"Aight I'll grab something to eat too, text me when you're back at mu",ham,0,mishra_soni
What's the significance?,ham,0,mishra_soni
"Love isn't a decision, it's a feeling. If we could decide who to love, then, life would be much simpler, but then less magical",ham,0,mishra_soni
I wont touch you with out your permission.,ham,0,mishra_soni
Good night my dear.. Sleepwell and sweet dreams,ham,0,mishra_soni
"Well done, blimey, exercise, yeah, i kinda remember wot that is, hmm.",ham,0,mishra_soni
What time you thinkin of goin?,ham,0,mishra_soni
Hey they r not watching movie tonight so i'll prob b home early...,ham,0,mishra_soni
"Dear customer your PAY2TMKYC has been expired, It s will be bl0cked within 24 hour, please contact customer! Care ph 7679046492 immediately to verify",smishing,1,mishra_soni
LMAO where's your fish memory when I need it?,ham,0,mishra_soni
Finally the match heading towards draw as your prediction.,ham,0,mishra_soni
Your work is perfect!,ham,0,mishra_soni
"Hi, wlcome back, did wonder if you got eaten by a lion or something, nothing much",ham,0,mishra_soni
Die... Now i have e toot fringe again...,ham,0,mishra_soni
"Okey doke. I'm at home, but not dressed cos laying around ill! Speak to you later bout times and stuff.",ham,0,mishra_soni
LOL what happens in Vegas stays in vegas,ham,0,mishra_soni
Ok.,ham,0,mishra_soni
Much better now thanks lol,ham,0,mishra_soni
Dear (paytm)customer your paytm KYC has been suspended PAY-TM office PH 6200992462 Your Paytm A/C will block within 24hr Thank you.,smishing,1,mishra_soni
FREE MSG:We billed your mobile number by mistake from shortcode 83332.Please call 08081263000 to have charges refunded.This call will be free from a BT landline,smishing,1,mishra_soni
Keep my payasam there if rinu brings,ham,0,mishra_soni
Prabha..i'm sorry,ham,0,mishra_soni
"Bill, as in: Are there any letters for me. i’m expecting one from orange that isn’t a bill but may still say orange on it.",ham,0,mishra_soni
Watching ajith film ah?,ham,0,mishra_soni
Okie.. Thanx..,ham,0,mishra_soni
Dear got bus directly to calicut,ham,0,mishra_soni
ARE YOU IN TOWN? THIS IS V. IMPORTANT,ham,0,mishra_soni
NO GIFTS!! You trying to get me to throw myself off a cliff or something?,ham,0,mishra_soni
Congratulation! Your Mobile No was selected as a winner of E2000.000.00 on EURO-MEGA DRAW with Draw number EU-0906767 Email robertdep34@gmail.com for claims,smishing,1,mishra_soni
Oh great. I.ll disturb him more so that we can talk.,ham,0,mishra_soni
Never blame a day in ur life. Good days give u happiness. Bad days give u experience.,ham,0,mishra_soni
But if she.s drinkin i'm ok.,ham,0,mishra_soni
Thanx a lot...,ham,0,mishra_soni
"I love you !!! You know? Can you feel it? Does it make your belly warm? I wish it does, my love ... I shall meet you in your dreams, Ahmad ... *adoring kiss*",ham,0,mishra_soni
Yup,ham,0,mishra_soni
"Mostly sports type..lyk footbl,crckt..",ham,0,mishra_soni
"Just got some gas money, any chance you and the gang want to go on a grand nature adventure?",ham,0,mishra_soni
How do you guys go to see movies on your side.,ham,0,mishra_soni
Okie wonderful!!,ham,0,mishra_soni
"Awesome, I remember the last time we got somebody high for the first time with diesel :V",ham,0,mishra_soni
Oh:)as usual vijay film or its different?,ham,0,mishra_soni
"Nah can't help you there, I've never had an iphone",ham,0,mishra_soni
I remain unconvinced that this isn't an elaborate test of my willpower,ham,0,mishra_soni
But I'm on a diet. And I ate 1 too many slices of pizza yesterday. Ugh I'm ALWAYS on a diet.,ham,0,mishra_soni
"Forgot you were working today! Wanna chat, but things are ok so drop me a text when you're free / bored etc and i'll ring. Hope all is well, nose essay and all xx",ham,0,mishra_soni
I cant wait to see you! How were the photos were useful? :),ham,0,mishra_soni
Moji i love you more than words. Have a rich day,ham,0,mishra_soni
Did u got that persons story..all well?,ham,0,mishra_soni
U reach orchard already? U wan 2 go buy tickets first?,ham,0,mishra_soni
No. On the way home. So if not for the long dry spell the season would have been over,ham,0,mishra_soni
Aight well keep me informed,ham,0,mishra_soni
Then why no one talking to me,ham,0,mishra_soni
"Sir, I am waiting for your call I have an urgent meeting later on..",ham,0,mishra_soni
Hi Dear Call me its urgnt. I don't know whats your problem. You don't want to work or if you have any other problem at least tell me. Wating for your reply.,ham,0,mishra_soni
It will stop on itself. I however suggest she stays with someone that will be able to give ors for every stool.,ham,0,mishra_soni
Ummmmmaah Many many happy returns of d day my dear sweet heart.. HAPPY BIRTHDAY dear,ham,0,mishra_soni
Thanks for ve lovely wisheds. You rock,ham,0,mishra_soni
"I'm in solihull, | do you want anything?",ham,0,mishra_soni
Where r e meeting tmr?,ham,0,mishra_soni
I asked sen to come chennai and search for job.,ham,0,mishra_soni
Want to send me a virtual hug?... I need one,ham,0,mishra_soni
"Night has ended for another day, morning has come in a special way. May you smile like the sunny rays...Gud mrng",ham,0,mishra_soni
HELLO PEACH! MY CAKE TASTS LUSH!,ham,0,mishra_soni
"I can. But it will tell quite long, cos i haven't finish my film yet...",ham,0,mishra_soni
Spending new years with my brother and his family. Lets plan to meet next week. Are you ready to be spoiled? :),ham,0,mishra_soni
Wif my family booking tour package.,ham,0,mishra_soni
Finish already... Yar they keep saying i mushy... I so embarrassed ok...,ham,0,mishra_soni
Hey mr and I are going to the sea view and having a couple of gays I mean games! Give me a bell when ya finish,ham,0,mishra_soni
"Erm... Woodland avenue somewhere. Do you get the parish magazine, his telephone number will be in there.",ham,0,mishra_soni
Well I'm going to be an aunty!,ham,0,mishra_soni
Just checking in on you. Really do miss seeing Jeremiah. Do have a great month,ham,0,mishra_soni
Want explicit SEX in 30 secs? Ring 02073162414 now! Costs 20p/min,smishing,1,mishra_soni
"Please call our customer service representative on 7679046492 between 10am-9pm as you have W0N a guaranteed cash prize of Rs.7,00,000. FL1PKART TEAM",smishing,1,mishra_soni
What's a feathery bowa? Is that something guys have that I don't know about?,ham,0,mishra_soni
Why did I wake up on my own &gt;:(,ham,0,mishra_soni
If you are not coughing then its nothing,ham,0,mishra_soni
"You know, wot people wear. T shirts, jumpers, hat, belt, is all we know. We r at Cribbs",ham,0,mishra_soni
HIYA COMIN 2 BRISTOL 1 ST WEEK IN APRIL. LES GOT OFF + RUDI ON NEW YRS EVE BUT I WAS SNORING.THEY WERE DRUNK! U BAK AT COLLEGE YET? MY WORK SENDS INK 2 BATH.,ham,0,mishra_soni
K..k:)where are you?how did you performed?,ham,0,mishra_soni
Nice.nice.how is it working?,ham,0,mishra_soni
32 am I think? Should say on syllabus,ham,0,mishra_soni
Lol I know! Hey someone did a great inpersonation of flea on the forums. I love it!,ham,0,mishra_soni
What do U want for Xmas? How about 100 free text messages & a new video phone with half price line rental? Call free now on 0800 0721072 to find out more!,smishing,1,mishra_soni
Then what about further plan?,ham,0,mishra_soni
3 pa but not selected.,ham,0,mishra_soni
I told that am coming on wednesday.,ham,0,mishra_soni
Thank You meet you monday,ham,0,mishra_soni
Nt yet chikku..simple habba..hw abt u?,ham,0,mishra_soni
Welp apparently he retired,ham,0,mishra_soni
I could ask carlos if we could get more if anybody else can chip in,ham,0,mishra_soni
Be sure to check your yahoo email. We sent photos yesterday,ham,0,mishra_soni
U have a secret admirer. REVEAL who thinks U R So special. Call 09065174042. To opt out Cust care 07821230901,smishing,1,mishra_soni
Happy birthday... May u find ur prince charming soon n dun work too hard...,ham,0,mishra_soni
Which channel:-):-):):-).,ham,0,mishra_soni
"Ta-Daaaaa! I am home babe, are you still up ?",ham,0,mishra_soni
LOL that would be awesome payback.,ham,0,mishra_soni
"Yeah why not, is the gang all ready",ham,0,mishra_soni
Congratulations ore mo owo re wa. Enjoy it and i wish you many happy moments to and fro wherever you go,ham,0,mishra_soni
You getting back any time soon?,ham,0,mishra_soni
Great. Have a safe trip. Dont panic surrender all.,ham,0,mishra_soni
No let me do the math. Your not good at it.,ham,0,mishra_soni
"Ya tel, wats ur problem..",ham,0,mishra_soni
"HELLOGORGEOUS, HOWS U? MY FONE WAS ON CHARGE LST NITW WEN U TEXD ME. HOPEU AD A NICE WKEND AS IM SURE U DID LOOKIN 4WARD 2 C-IN U 2MRW LUV JAZ",ham,0,mishra_soni
THANX4 TODAY CER IT WAS NICE 2 CATCH UP BUT WE AVE 2 FIND MORE TIME MORE OFTEN OH WELL TAKE CARE C U SOON.C,ham,0,mishra_soni
The length is e same but e top shorter n i got a fringe now. I thk i'm not going liao. Too lazy. Dun wan 2 distract u also.,ham,0,mishra_soni
"Ill call u 2mrw at ninish, with my address that icky American freek wont stop callin me 2 bad Jen k eh?",ham,0,mishra_soni
"Ok, be careful ! Don't text and drive !",ham,0,mishra_soni
Nope... Juz off from work...,ham,0,mishra_soni
Ü say until like dat i dun buy ericsson oso cannot oredi lar...,ham,0,mishra_soni
Do you know when the result.,ham,0,mishra_soni
"Last Chance! Claim ur £350 worth of discount vouchers today! Text SHOP to 85023 now! SavaMob, offers mobile! T Cs SavaMob POBOX84, M263UZ.",smishing,1,mishra_soni
Where wuld I be without my baby? The thought alone mite break me and I don’t wanna go crazy but everyboy needs his lady xxxxxxxx,ham,0,mishra_soni
Hurry home. Soup is DONE!,ham,0,mishra_soni
"URGENT! Your mobile number *************** WON a £2000 Bonus Caller prize on 10/06/03! This is the 2nd attempt to reach you! Call 09066368753 ASAP! Box 97N7QP, 150ppm",smishing,1,mishra_soni
"Trust me. Even if isn't there, its there.",ham,0,mishra_soni
Don't b floppy... b snappy & happy! Only gay chat service with photo upload call 08718730666 (10p/min). 2 stop our texts call 08712460324,smishing,1,mishra_soni
"URGENT! Your Mobile number has been awarded with a INR.2,00,000 prize GUARANTEED. Call 8536074310 from land line. Claim 3030. Valid 12hrs only",smishing,1,mishra_soni
Sounds better than my evening im just doing my costume. Im not sure what time i finish tomorrow but i will txt you at the end.,ham,0,mishra_soni
Well if I'm that desperate I'll just call armand again,ham,0,mishra_soni
OK i'm waliking ard now... Do u wan me 2 buy anything go ur house?,ham,0,mishra_soni
That sucks. I'll go over so u can do my hair. You'll do it free right?,ham,0,mishra_soni
I jokin oni lar.. Ü busy then i wun disturb ü.,ham,0,mishra_soni
Don‘t give a flying monkeys wot they think and I certainly don‘t mind. Any friend of mine and all that!,ham,0,mishra_soni
Will it help if we propose going back again tomorrow,ham,0,mishra_soni
K.i will send in &lt;#&gt; min:),ham,0,mishra_soni
Full heat pa:-) i have applyed oil pa.,ham,0,mishra_soni
Or ill be a little closer like at the bus stop on the same street,ham,0,mishra_soni
He's really into skateboarding now despite the fact that he gets thrown off of it and winds up with bandages and shit all over his arms every five minutes,ham,0,mishra_soni
Ok thanks..dats wonderful,ham,0,mishra_soni
So its to be poking man everyday that they teach you in canada abi! How are you. Just saying hi.,ham,0,mishra_soni
Have your lunch and come quickly and open the door:),ham,0,mishra_soni
Guess who spent all last night phasing in and out of the fourth dimension,ham,0,mishra_soni
"What part of ""don't initiate"" don't you understand",ham,0,mishra_soni
Yup... I havent been there before... You want to go for the yoga? I can call up to book,ham,0,mishra_soni
"Aiyo... U always c our ex one... I dunno abt mei, she haven reply... First time u reply so fast... Y so lucky not workin huh, got bao by ur sugardad ah...gee..",ham,0,mishra_soni
Ü go home liao? Ask dad to pick me up at 6...,ham,0,mishra_soni
I love ya too but try and budget your money better babe. Gary would freak on me if he knew,ham,0,mishra_soni
Dear i have reache room,ham,0,mishra_soni
Omg it could snow here tonite!,ham,0,mishra_soni
I sent your maga that money yesterday oh.,ham,0,mishra_soni
Aaooooright are you at work?,ham,0,mishra_soni
No my mum went 2 dentist.,ham,0,mishra_soni
"Hello, yeah i've just got out of the bath and need to do my hair so i'll come up when i'm done, yeah?",ham,0,mishra_soni
Had your mobile 11 months or more? U R entitled to Update to the latest colour mobiles with camera for Free! Call The Mobile Update Co FREE on 08002986030,smishing,1,mishra_soni
Dear (paytm)customer your paytm KYC has been suspended PAY-TM office PH 7679046492 Your Paytm A/C will block within 24hr Thank you.,smishing,1,mishra_soni
It certainly puts things into perspective when something like this happens,ham,0,mishra_soni
"Dear Customer,U've been selected to stay in F1VE STAR hotels - FOR T0DAY'S DRAW! Holiday valued at INR 5,00,000.Dial 6299257179 to claim",smishing,1,mishra_soni
Thats cool! Sometimes slow and gentle. Sonetimes rough and hard :),ham,0,mishra_soni
"GOD ASKED, ""What is forgiveness?"" A little child gave lovely reply, ""It is d wonderful fruit that a tree gives when it is being hurt by a stone.. Good night......",ham,0,mishra_soni
I'm really sorry I lit your hair on fire,ham,0,mishra_soni
O. Guess they both got screwd,ham,0,mishra_soni
Change windows logoff sound..,ham,0,mishra_soni
"That's cool, I'll come by like &lt;#&gt; ish",ham,0,mishra_soni
Pls help me tell Ashley that i cant find her number oh,ham,0,mishra_soni
Ok going to sleep. Hope i can meet her.,ham,0,mishra_soni
Aww you must be nearly dead!Well Jez isComing over toDo some workAnd that whillTake forever!,ham,0,mishra_soni
Loa!! Homeowners + Tenants welcome. Have you been previously refused? We can still help. Call Free 0800 1956669 or text back 'help',smishing,1,mishra_soni
See the forwarding message for proof,ham,0,mishra_soni
I walked an hour 2 c u! doesn’t that show I care y wont u believe im serious?,ham,0,mishra_soni
XCLUSIVE@CLUBSAISAI 2MOROW 28/5 SOIREE SPECIALE ZOUK WITH NICHOLS FROM PARIS.FREE ROSES 2 ALL LADIES !!! info: 07946746291/07880867867,smishing,1,mishra_soni
You are awarded a SiPix Digital Camera! call 09061221061 from landline. Delivery within 28days. T Cs Box177. M221BP. 2yr warranty. 150ppm. 16 . p p£3.99,smishing,1,mishra_soni
"Good afternoon sexy buns! How goes the job search ? I wake and you are my first thought as always, my love. I wish your fine and happy and know I adore you!",ham,0,mishra_soni
Dear PAYTM customer your Paytm KYC has expired. Contact customer care No-6299257179 immediately. your account will Block within 24 hr. Thank you PAYTM TEAM.,smishing,1,mishra_soni
We stopped to get ice cream and will go back after,ham,0,mishra_soni
Or I guess &lt;#&gt; min,ham,0,mishra_soni
Da is good good player.why he is unsold.,ham,0,mishra_soni
"Turns out my friends are staying for the whole show and won't be back til some time , so feel free to go ahead and smoke that worth worth",ham,0,mishra_soni
"Local Covid19 Study: Compensation up to $1,220! Qualify Here:1200cash4study1.com/",smishing,1,mishra_soni
I'm always looking for an excuse to be in the city.,ham,0,mishra_soni
My drive can only be read. I need to write,ham,0,mishra_soni
"If e timing can, then i go w u lor...",ham,0,mishra_soni
Juz go google n search 4 qet...,ham,0,mishra_soni
Did you show him and wot did he say or could u not c him 4 dust?,ham,0,mishra_soni
Midnight at the earliest,ham,0,mishra_soni
Wat r u doing?,ham,0,mishra_soni
Omg how did u know what I ate?,ham,0,mishra_soni
Ok. I asked for money how far,ham,0,mishra_soni
I miss you so much I'm so desparate I have recorded the message you left for me the other day and listen to it just to hear the sound of your voice. I love you,ham,0,mishra_soni
Ya had just now.onion roast.,ham,0,mishra_soni
"All the Aeronautics professors wer calld &amp; they wer askd 2 sit in an aeroplane. Aftr they sat they wer told dat the plane ws made by their students. Dey all hurried out of d plane.. Bt only 1 didnt move... He said:""if it is made by my students,this wont even start........ Datz confidence..",ham,0,mishra_soni
"Sorry, I'll call later..have to go somewhere..",ham,0,mishra_soni
todays vodafone numbers ending with 0089(my last four digits) are selected to received a £350 award. If your number matches please call 09063442151 to claim your £350 award,smishing,1,mishra_soni
Welcome to Paytm payment bank your re verification done successful in your wallet get 1205 cashback click in link and login your paytm http://7e4d6417.ngrok.io/paytm,smishing,1,mishra_soni
"Good afternoon, my love. How goes your day ? What are you up to ? I woke early and am online waiting for you ... Hmmm ... Italian boy is online I see . *grins*",ham,0,mishra_soni
"URGENT! Dear FL1PKART Customer, We are trying to contact you. Last weekends draw shows that you w0n a Rs.10,00,000 prize GUARANTEED. Call 8536074310. Claim Code K52. Valid 12hrs only.",smishing,1,mishra_soni
Yes:)here tv is always available,ham,0,mishra_soni
Does not operate after &lt;#&gt; or what,ham,0,mishra_soni
"Dear V0DAF0NE Customer,You are a 5,00,000 winner of Guaranteed Caller Prize, this is our Final attempt to contact you! To Claim Call 6200992462 Now!",smishing,1,mishra_soni
We tried to call you re your reply to our sms for a video mobile 750 mins UNLIMITED TEXT + free camcorder Reply of call 08000930705 Now,smishing,1,mishra_soni
"Save yourself the stress. If the person has a dorm account, just send your account details and the money will be sent to you.",ham,0,mishra_soni
God's love has no limit. God's grace has no measure. God's power has no boundaries. May u have God's endless blessings always in ur life...!! Gud ni8,ham,0,mishra_soni
"Thanks, I'll keep that in mind",ham,0,mishra_soni
"As in missionary hook up, doggy hook up, standing...|",ham,0,mishra_soni
"When you just put in the + sign, choose my number and the pin will show. Right?",ham,0,mishra_soni
Dear we are going to our rubber place,ham,0,mishra_soni
"DUETO THE CENTRAL BANK DIRECTIVE WITH REGARDS TO BVN UPDATE,YOUR ATM CARD HAS BEEN DE-ACTIVATED,TO RE-ACTIVATE CALL CUSTOMER CARE ON 08125000070",smishing,1,mishra_soni
Dont put your phone on silent mode ok,ham,0,mishra_soni
No need lar i go engin? Cos my sis at arts today...,ham,0,mishra_soni
"Sorry, I'll call later at night",ham,0,mishra_soni
"When people see my msgs, They think Iam addicted to msging... They are wrong, Bcoz They dont know that Iam addicted to my sweet Friends..!!",ham,0,mishra_soni
En chikku nange bakra msg kalstiya..then had tea/coffee?,ham,0,mishra_soni
Am okay. Will soon be over. All the best,ham,0,mishra_soni
"Okay. No no, just shining on. That was meant to be signing, but that sounds better.",ham,0,mishra_soni
Dont talk to him ever ok its my word.,ham,0,mishra_soni
I've sent my wife your text. After we buy them she'll tell you what to do. So just relax. We should go get them this wkend.,ham,0,mishra_soni
TaKe CaRE n gET WeLL sOOn,ham,0,mishra_soni
Today my system sh get ready.all is well and i am also in the deep well,ham,0,mishra_soni
Am going to take bath ill place the key in window:-),ham,0,mishra_soni
So there's a ring that comes with the guys costumes. It's there so they can gift their future yowifes. Hint hint,ham,0,mishra_soni
I am going to film 2day da. At 6pm. Sorry da.,ham,0,mishra_soni
A little. Meds say take once every 8 hours. It's only been 5 but pain is back. So I took another. Hope I don't die,ham,0,mishra_soni
You please give us connection today itself before &lt;DECIMAL&gt; or refund the bill,ham,0,mishra_soni
I want to tell you how bad I feel that basically the only times I text you lately are when I need drugs,ham,0,mishra_soni
NEFT Transaction with reference number 456367 for Rs.9000 has been credited to the beneficiary account on 5th jan at 3.00PM.,ham,0,mishra_soni
I'm awake oh. What's up.,ham,0,mishra_soni
You still around? I could use a half-8th,ham,0,mishra_soni
Ryder unsold.now gibbs.,ham,0,mishra_soni
I will spoil you in bed as well :),ham,0,mishra_soni
"Probably not, I'm almost out of gas and I get some cash tomorrow",ham,0,mishra_soni
Good afternoon my boytoy. How goes that walking here and there day ? Did you get that police abstract? Are you still out and about? I wake and miss you babe,ham,0,mishra_soni
"God picked up a flower and dipped it in a DEW, lovingly touched it which turned into YOU, and the he gifted to me and said,THIS IS YOUR LOVE",ham,0,mishra_soni
Are you driving or training?,ham,0,mishra_soni
I have lost 10 kilos as of today!,ham,0,mishra_soni
K.k.how is your business now?,ham,0,mishra_soni
"Life is more strict than teacher... Bcoz Teacher teaches lesson &amp; then conducts exam, But Life first conducts Exam &amp; then teaches Lessons. Happy morning. . .",ham,0,mishra_soni
Why nothing. Ok anyway give me treat,ham,0,mishra_soni
Ok.ok ok..then..whats ur todays plan..can we be together?,ham,0,mishra_soni
"As a valued customer, I am pleased to advise you that following recent review of your Mobile No. you are awarded with a Rs.7,00,000 Bonus Prize, call 7679046492",smishing,1,mishra_soni
"Brainless Baby Doll..:-D;-), vehicle sariyag drive madoke barolla..",ham,0,mishra_soni
"I'm not smoking while people use ""wylie smokes too much"" to justify ruining my shit",ham,0,mishra_soni
Cold. Dont be sad dear,ham,0,mishra_soni
Hi.:)technical support.providing assistance to us customer through call and email:),ham,0,mishra_soni
Hey sathya till now we dint meet not even a single time then how can i saw the situation sathya.,ham,0,mishra_soni
Cos darren say ü considering mah so i ask ü...,ham,0,mishra_soni
Carlos says he'll be at mu in &lt;#&gt; minutes,ham,0,mishra_soni
Wanna do some art?! :D,ham,0,mishra_soni
"Night has ended for another day, morning has come in a special way. GOOD MORNING",ham,0,mishra_soni
Done it but internet connection v slow and can‘t send it. Will try again later or first thing tomo.,ham,0,mishra_soni
"see, i knew giving you a break a few times woul lead to you always wanting to miss curfew. I was gonna gibe you 'til one, but a MIDNIGHT movie is not gonna get out til after 2. You need to come home. You need to getsleep and, if anything, you need to b studdying ear training.",ham,0,mishra_soni
Someone U know has asked our dating service 2 contact you! Cant Guess who? CALL 09058091854 NOW all will be revealed. PO BOX385 M6 6WU,smishing,1,mishra_soni
"whatever, im pretty pissed off.",ham,0,mishra_soni
"Sorry, I'll call later .message me if urgent",ham,0,mishra_soni
"Orange customer, you may now claim your FREE CAMERA PHONE upgrade for your loyalty. Call now on 0207 153 9996. Offer ends 14thMarch. T&C's apply. Opt-out availa",smishing,1,mishra_soni
Yun ah.now ü wkg where?btw if ü go nus sc. Ü wana specialise in wad?,ham,0,mishra_soni
Now only i reached home. . . I am very tired now. .will talk to u tomorrow,ham,0,mishra_soni
Oh and by the way you do have more food in your fridge! Want to go out for a meal tonight?,ham,0,mishra_soni
S now only i took tablets . Reaction morning only.,ham,0,mishra_soni
Ya just telling abt tht incident..,ham,0,mishra_soni
Hey ! Don't forget ... You are MINE ... For ME ... My possession ... MY property ... MMM ... *childish smile* ...,ham,0,mishra_soni
Please da call me any mistake from my side sorry da. Pls da goto doctor.,ham,0,mishra_soni
"Congrats! 2 mobile 3G Videophones R yours. call 09061744553 now! videochat wid ur mates, play java games, Dload polyH music, noline rentl. bx420. ip4. 5we. 150pm",smishing,1,mishra_soni
U have a secret admirer who is looking 2 make contact with U-find out who they R*reveal who thinks UR so special-call on 0905809458,smishing,1,mishra_soni
I tot u outside cos darren say u come shopping. Of course we nice wat. We jus went sim lim look at mp3 player.,ham,0,mishra_soni
"Dont worry, 1 day very big lambu ji vl come..til then enjoy batchlor party:-)",ham,0,mishra_soni
Ok. But i finish at 6.,ham,0,mishra_soni
Thanks chikku..:-) gud nyt:-*,ham,0,mishra_soni
Yeah like if it goes like it did with my friends imma flip my shit in like half an hour,ham,0,mishra_soni
I am in your office na.,ham,0,mishra_soni
Lol yep did that yesterday. Already got my fireplace. Now its just another icon sitting there for me.,ham,0,mishra_soni
Discussed with your mother ah?,ham,0,mishra_soni
Then u ask darren go n pick u lor... But i oso sian tmr haf 2 meet lect...,ham,0,mishra_soni
WINNER! As a valued network customer you hvae been selected to receive a £900 reward! To collect call 09061701444. Valid 24 hours only. ACL03530150PM,smishing,1,mishra_soni
Haha... Hope ü can hear the receipt sound... Gd luck!,ham,0,mishra_soni
Webpage s not available!,ham,0,mishra_soni
They r giving a second chance to rahul dengra.,ham,0,mishra_soni
Hi. I'm always online on yahoo and would like to chat with you someday,ham,0,mishra_soni
You give us back my id proof and &lt;#&gt; rs. We wont allow you to work. We will come to your home within days,ham,0,mishra_soni
Come by our room at some point so we can iron out the plan for this weekend,ham,0,mishra_soni
Even i cant close my eyes you are in me our vava playing umma :-D,ham,0,mishra_soni
So dont use hook up any how,ham,0,mishra_soni
I will be gentle baby! Soon you will be taking all ..,ham,0,mishra_soni
Thats cool! I am a gentleman and will treat you with dignity and respect.,ham,0,mishra_soni
Shall i get my pouch?,ham,0,mishra_soni
Well she's in for a big surprise!,ham,0,mishra_soni
K:)all the best:)congrats...,ham,0,mishra_soni
He neva grumble but i sad lor... Hee... Buy tmr lor aft lunch. But we still meetin 4 lunch tmr a not. Neva hear fr them lei. Ü got a lot of work ar?,ham,0,mishra_soni
This pen thing is beyond a joke. Wont a Biro do? Don't do a masters as can't do this ever again!,ham,0,mishra_soni
Xy trying smth now. U eat already? We havent...,ham,0,mishra_soni
Yes i thought so. Thanks.,ham,0,mishra_soni
YO YO YO BYATCH WHASSUP?,ham,0,mishra_soni
"I'm gonna be home soon and i don't want to talk about this stuff anymore tonight, k? It's enough today.",ham,0,mishra_soni
This phone has the weirdest auto correct.,ham,0,mishra_soni
Mm feeling sleepy. today itself i shall get that dear,ham,0,mishra_soni
"You have been selected to stay in 1 of 250 top British hotels - FOR NOTHING! Holiday Worth £350! To Claim, Call London 02072069400. Bx 526, SW73SS",smishing,1,mishra_soni
"Sorry da thangam, very very sorry i am held up with prasad.",ham,0,mishra_soni
Ok..,ham,0,mishra_soni
Ü no home work to do meh...,ham,0,mishra_soni
I'm coming back on Thursday. Yay. Is it gonna be ok to get the money. Cheers. Oh yeah and how are you. Everything alright. Hows school. Or do you call it work now,ham,0,mishra_soni
Id onluy matters when getting on from offcampus,ham,0,mishra_soni
"Sad story of a Man - Last week was my b'day. My Wife did'nt wish me. My Parents forgot n so did my Kids . I went to work. Even my Colleagues did not wish. As I entered my cabin my PA said, '' Happy B'day Boss !!''. I felt special. She askd me 4 lunch. After lunch she invited me to her apartment. We went there. She said,'' do u mind if I go into the bedroom for a minute ? '' ''OK'', I sed in a sexy mood. She came out 5 minuts latr wid a cake...n My Wife, My Parents, My Kidz, My Friends n My Colleagues. All screaming.. SURPRISE !! and I was waiting on the sofa.. ... ..... ' NAKED...!",ham,0,mishra_soni
Lol u still feeling sick?,ham,0,mishra_soni
Nan sonathaya soladha. Why boss?,ham,0,mishra_soni
How is your schedule next week? I am out of town this weekend.,ham,0,mishra_soni
"We have received a request from you for purchasing Paytm Payments Bank FASTag. Total amount to be paid is Rs 250/- (Tag Cost Rs. 100 Security Deposit Rs. 0, Threshold -Rs. 150). In case of any queries, please contact us at https://m.paytm.me/fastag-help",smishing,1,mishra_soni
I donno if they are scorable,ham,0,mishra_soni
"Urgent! Please call 09066612661 from your landline, your complimentary 4* Lux Costa Del Sol holiday or £1000 CASH await collection. ppm 150 SAE T&Cs James 28, EH74RR",smishing,1,mishra_soni
Tomorrow i am not going to theatre. . . So i can come wherever u call me. . . Tell me where and when to come tomorrow,ham,0,mishra_soni
"Haha get used to driving to usf man, I know a lot of stoners",ham,0,mishra_soni
S.s:)i thinl role is like sachin.just standing. Others have to hit.,ham,0,mishra_soni
Hey! Congrats 2u2. id luv 2 but ive had 2 go home!,ham,0,mishra_soni
"He will, you guys close?",ham,0,mishra_soni
I want &lt;#&gt; rs da:)do you have it?,ham,0,mishra_soni
You're right I have now that I think about it,ham,0,mishra_soni
In life when you face choices Just toss a coin not becoz its settle the question But while the coin in the air U will know what your heart is hoping for. Gudni8,ham,0,mishra_soni
I came hostel. I m going to sleep. Plz call me up before class. Hrishi.,ham,0,mishra_soni
Yes princess! I want to please you every night. Your wish is my command...,ham,0,mishra_soni
"Haha yeah, 2 oz is kind of a shitload",ham,0,mishra_soni
Wishing you a wonderful week.,ham,0,mishra_soni
"Haha good to hear, I'm officially paid and on the market for an 8th",ham,0,mishra_soni
Get me out of this dump heap. My mom decided to come to lowes. BORING.,ham,0,mishra_soni
WOT STUDENT DISCOUNT CAN U GET ON BOOKS?,ham,0,mishra_soni
Sorry i cant take your call right now. It so happens that there r 2waxsto do wat you want. She can come and ill get her medical insurance. And she'll be able to deliver and have basic care. I'm currently shopping for the right medical insurance for her. So just give me til friday morning. Thats when i.ll see the major person that can guide me to the right insurance.,ham,0,mishra_soni
Alex knows a guy who sells mids but he's down in south tampa and I don't think I could set it up before like 8,ham,0,mishra_soni
Ok say my regards..,ham,0,mishra_soni
Total video converter free download type this in google search:),ham,0,mishra_soni
What are youdoing later? Sar xxx,ham,0,mishra_soni
"If you can make it any time tonight or whenever you can it's cool, just text me whenever you're around",ham,0,mishra_soni
How much is blackberry bold2 in nigeria.,ham,0,mishra_soni
I not at home now lei...,ham,0,mishra_soni
Shall I bring us a bottle of wine to keep us amused? Only joking! I‘ll bring one anyway,ham,0,mishra_soni
"Congratulations - Thanks to a good friend U have WON the £2,000 Xmas prize. 2 claim is easy, just call 08712103738 NOW! Only 10p per minute. BT-national-rate",smishing,1,mishra_soni
"Dont search love, let love find U. Thats why its called falling in love, bcoz U dont force yourself, U just fall and U know there is smeone to hold U... BSLVYL",ham,0,mishra_soni
Bring it if you got it,ham,0,mishra_soni
Im at arestaurant eating squid! i will be out about 10:30 wanna dosomething or is that to late?,ham,0,mishra_soni
Ok lor ü reaching then message me.,ham,0,mishra_soni
"Good evening Sir, hope you are having a nice day. I wanted to bring it to your notice that I have been late in paying rent for the past few months and have had to pay a $ &lt;#&gt; charge. I felt it would be inconsiderate of me to nag about something you give at great cost to yourself and that's why i didnt speak up. I however am in a recession and wont be able to pay the charge this month hence my askin well ahead of month's end. Can you please help. Thank you for everything.",ham,0,mishra_soni
soon you will have the real thing princess! Do i make you wet? :),ham,0,mishra_soni
"Once a fishrman woke early in d mrng. It was very dark. He waited a while &amp; found a sack ful of stones. He strtd throwin thm in2 d sea 2 pass time. Atlast he had jus 1stone, sun rose up &amp; he found out tht those r nt stones, those were diamonds. Moral:""Dont wake up early in d mrng'' GOOD night",ham,0,mishra_soni
alright. Thanks for the advice. Enjoy your night out. I'ma try to get some sleep...,ham,0,mishra_soni
I just made some payments so dont have that much. Sorry. Would you want it fedex or the other way.,ham,0,mishra_soni
Aiyar sorry lor forgot 2 tell u...,ham,0,mishra_soni
You have 1 new voicemail. Please call 08719181503,smishing,1,mishra_soni
"I've not called you in a while. This is hoping it was l8r malaria and that you know that we miss you guys. I miss Bani big, so pls give her my love especially. Have a great day.",ham,0,mishra_soni
"Yeah I am, so I'll leave maybe 7ish?",ham,0,mishra_soni
BIG BROTHER ALERT! The computer has selected u for 10k cash or #150 voucher. Call 09064018838. NTT PO Box CRO1327 18+ BT Landline Cost 150ppm mobiles vary,smishing,1,mishra_soni
"Faith makes things possible,Hope makes things work,Love makes things beautiful,May you have all three this Christmas!Merry Christmas!",ham,0,mishra_soni
Am also doing in cbe only. But have to pay.,ham,0,mishra_soni
"Today's Offer! Claim ur £150 worth of discount vouchers! Text YES to 85023 now! SavaMob, member offers mobile! T Cs 08717898036. £3.00 Sub. 16 .",smishing,1,mishra_soni
Thank you. I like you as well...,ham,0,mishra_soni
"I don,t think so. You don't need to be going out that late on a school night. ESPECIALLY when the one class you have is the one you missed last wednesday and probably failed a test in on friday",ham,0,mishra_soni
Is ur paper today in e morn or aft?,ham,0,mishra_soni
A £400 XMAS REWARD IS WAITING FOR YOU! Our computer has randomly picked you from our loyal mobile customers to receive a £400 reward. Just call 09066380611,smishing,1,mishra_soni
Hi dear we saw dear. We both are happy. Where you my battery is low,ham,0,mishra_soni
"Beautiful Truth against Gravity.. Read carefully: ""Our heart feels light when someone is in it.. But it feels very heavy when someone leaves it.."" GOODMORNING",ham,0,mishra_soni
Remember to ask alex about his pizza,ham,0,mishra_soni
"As I entered my cabin my PA said, '' Happy B'day Boss !!''. I felt special. She askd me 4 lunch.",ham,0,mishra_soni
Forgot to tell ü smth.. Can ü like number the sections so that it's clearer..,ham,0,mishra_soni
"Yar lor he wan 2 go c horse racing today mah, so eat earlier lor. I ate chicken rice. U?",ham,0,mishra_soni
She's good. How are you. Where r u working now,ham,0,mishra_soni
I want to go to perumbavoor,ham,0,mishra_soni
"Can you please ask macho what his price range is, does he want something new or used plus it he only interfued in the blackberry bold &lt;#&gt; or any bb",ham,0,mishra_soni
Sitting in mu waiting for everyone to get out of my suite so I can take a shower,ham,0,mishra_soni
Erm. I thought the contract ran out the4th of october.,ham,0,mishra_soni
"Nothing, i got msg frm tht unknown no..",ham,0,mishra_soni
No no. I will check all rooms befor activities will let u know after that,ham,0,mishra_soni
Any way where are you and what doing.,ham,0,mishra_soni
At home watching tv lor.,ham,0,mishra_soni
"Oh... Icic... K lor, den meet other day...",ham,0,mishra_soni
Are you ok. What happen to behave like this,ham,0,mishra_soni
"Don't Think About ""What u Have Got"" Think About ""How to Use It That You Have Got"" gooD ni8",ham,0,mishra_soni
"Sorry, I'll call later buzy",ham,0,mishra_soni
Friendly reminder don't forget to confirm your SAM update from the other day! http://rghst.us/Htcdlas Reply STOP to opt out,smishing,1,mishra_soni
Thanks for this hope you had a good day today,ham,0,mishra_soni
Not yet. Just i'd like to keep in touch and it will be the easiest way to do that from barcelona. By the way how ru and how is the house?,ham,0,mishra_soni
Not yet had..ya sapna aunty manege y'day hogidhe..chinnu full weak and swalpa black agidhane..,ham,0,mishra_soni
Tessy..pls do me a favor. Pls convey my birthday wishes to Nimya..pls dnt forget it.,ham,0,mishra_soni
"Nah man, my car is meant to be crammed full of people",ham,0,mishra_soni
Ok thanx... Take care then...,ham,0,mishra_soni
NEFT Transaction with reference number &lt;#&gt; for Rs. &lt;DECIMAL&gt; has been credited to the beneficiary account on &lt;#&gt; at &lt;TIME&gt; : &lt;#&gt;,ham,0,mishra_soni
I will be outside office take all from there,ham,0,mishra_soni
"K, can that happen tonight?",ham,0,mishra_soni
"K, I'll work something out",ham,0,mishra_soni
Did you see that film:),ham,0,mishra_soni
"Just arrived, see you in a couple days &lt;3",ham,0,mishra_soni
"Hello lover! How goes that new job? Are you there now? Are you happy? Do you think of me? I wake, my slave and send you a teasing kiss from across the sea",ham,0,mishra_soni
Talk With Yourself Atleast Once In A Day...!!! Otherwise You Will Miss Your Best FRIEND In This WORLD...!!! -Shakespeare- SHESIL &lt;#&gt;,ham,0,mishra_soni
"URGENT! Dear FL1PKART Customer, We are trying to contact you. Last weekends draw shows that you w0n a Rs.4,00,000 prize GUARANTEED. Call 8927307655. Claim Code LUCKY52. Valid 12hrs only.",smishing,1,mishra_soni
Y dun cut too short leh. U dun like ah? She failed. She's quite sad.,ham,0,mishra_soni
Thats cool. How was your day?,ham,0,mishra_soni
U have a Secret Admirer who is looking 2 make contact with U-find out who they R*reveal who thinks UR so special-call on 09065171142-stopsms-08718727870150ppm,smishing,1,mishra_soni
Congratulations YOU'VE Won. You're a Winner in our August £1000 Prize Draw. Call 09066660100 NOW. Prize Code 2309.,smishing,1,mishra_soni
HARD BUT TRUE: How much you show &amp; express your love to someone....that much it will hurt when they leave you or you get seperated...!鈥┾??〨ud evening...,ham,0,mishra_soni
Lemme know when you're here,ham,0,mishra_soni
Neva mind it's ok..,ham,0,mishra_soni
SO IS TH GOWER MATE WHICH IS WHERE I AM!?! HOW R U MAN? ALL IS GOOD IN WALES ILL B BACK ‘MORROW. C U THIS WK? WHO WAS THE MSG 4? – RANDOM!,ham,0,mishra_soni
Aslamalaikkum....insha allah tohar beeen muht albi mufti mahfuuz...meaning same here....,ham,0,mishra_soni
"He is impossible to argue with and he always treats me like his sub, like he never released me ... Which he did and I will remind him of that if necessary",ham,0,mishra_soni
Have a good evening! Good Luck!!,ham,0,mishra_soni
"That's what I love to hear :V see you sundayish, then",ham,0,mishra_soni
Im good! I have been thinking about you...,ham,0,mishra_soni
Kaiez... Enjoy ur tuition... Gee... Thk e second option sounds beta... I'll go yan jiu den msg u...,ham,0,mishra_soni
Loosu go to hospital. De dont let it careless.,ham,0,mishra_soni
Ü mean it's confirmed... I tot they juz say oni... Ok then...,ham,0,mishra_soni
I wish u were here. I feel so alone,ham,0,mishra_soni
"(And my man carlos is definitely coming by mu tonight, no excuses)",ham,0,mishra_soni
Hey i'm bored... So i'm thinking of u... So wat r u doing?,ham,0,mishra_soni
"Finally it has happened..! Aftr decades..! BEER is now cheaper than PETROL! The goverment expects us to ""DRINK"". . . But don't ""DRIVE """,ham,0,mishra_soni
I want to be there so i can kiss you and feel you next to me,ham,0,mishra_soni
Guess which pub im in? Im as happy as a pig in clover or whatever the saying is!,ham,0,mishra_soni
No other Valentines huh? The proof is on your fb page. Ugh I'm so glad I really DIDN'T watch your rupaul show you TOOL!,ham,0,mishra_soni
at Customer place i will call you later,ham,0,mishra_soni
If you're thinking of lifting me one then no.,ham,0,mishra_soni
URGENT We are trying to contact you Last weekends draw shows u have won a £1000 prize GUARANTEED Call 09064017295 Claim code K52 Valid 12hrs 150p pm,smishing,1,mishra_soni
Please don't text me anymore. I have nothing else to say.,ham,0,mishra_soni
"Gal n boy walking in d park. gal-can i hold ur hand? boy-y? do u think i would run away? gal-no, jst wana c how it feels walking in heaven with an prince..GN:-)",ham,0,mishra_soni
"Hello, my love! How goes that day ? I wish your well and fine babe and hope that you find some job prospects. I miss you, boytoy ... *a teasing kiss*",ham,0,mishra_soni
Cancel cheyyamo?and get some money back?,ham,0,mishra_soni
Convey my regards to him all the best..,ham,0,mishra_soni
"Ya ok, vikky vl c witin &lt;#&gt; mins and il reply u..",ham,0,mishra_soni
"Yeah, we can probably swing by once my roommate finishes up with his girl",ham,0,mishra_soni
Lol please do. Actually send a pic of yourself right now. I wanna see. Pose with a comb and hair dryer or something.,ham,0,mishra_soni
"Sorry, that I wll do later",ham,0,mishra_soni
"I can probably come by, everybody's done around &lt;#&gt; right?",ham,0,mishra_soni
Also track down any lighters you can find,ham,0,mishra_soni
I hope your pee burns tonite.,ham,0,mishra_soni
"Todays Vodafone numbers ending 3156 are selected to receive a Rs.2,00,000 award. If you have a match please call 7908807538 quoting claim code 9823 standard rates apply",smishing,1,mishra_soni
Yup i thk cine is better cos no need 2 go down 2 plaza mah.,ham,0,mishra_soni
Oh is it! Which brand?,ham,0,mishra_soni
K da:)how many page you want?,ham,0,mishra_soni
"Alright if you're sure, let me know when you're leaving",ham,0,mishra_soni
At what time are you coming.,ham,0,mishra_soni
No problem. How are you doing?,ham,0,mishra_soni
Ok enjoy . R u there in home.,ham,0,mishra_soni
That would be great. We'll be at the Guild. Could meet on Bristol road or somewhere - will get in touch over weekend. Our plans take flight! Have a good week,ham,0,mishra_soni
"The word ""Checkmate"" in chess comes from the Persian phrase ""Shah Maat"" which means; ""the king is dead.."" Goodmorning.. Have a good day..:)",ham,0,mishra_soni
Hi im having the most relaxing time ever! we have to get up at 7am every day! was the party good the other night? I get home tomorrow at 5ish.,ham,0,mishra_soni
In e msg jus now. U said thanks for gift.,ham,0,mishra_soni
Can u get pic msgs to your phone?,ham,0,mishra_soni
I plane to give on this month end.,ham,0,mishra_soni
Can ü call me at 10:10 to make sure dat i've woken up...,ham,0,mishra_soni
Tmrw. Im finishing 9 doors,ham,0,mishra_soni
"Congrats! 2 mobile 3G Videophones R yours. call 09063458130 now! videochat wid your mates, play java games, Dload polyPH music, noline rentl.",smishing,1,mishra_soni
Dont forget you can place as many FREE Requests with 1stchoice.co.uk as you wish. For more Information call 08707808226.,smishing,1,mishra_soni
Well you told others you'd marry them...,ham,0,mishra_soni
But really quite funny lor wat... Then u shd haf run shorter distance wat...,ham,0,mishra_soni
Where is it. Is there any opening for mca.,ham,0,mishra_soni
Ok. She'll be ok. I guess,ham,0,mishra_soni
Whats the staff name who is taking class for us?,ham,0,mishra_soni
I've reached home n i bathe liao... U can call me now...,ham,0,mishra_soni
Y bishan lei... I tot ü say lavender?,ham,0,mishra_soni
"Sorry, my battery died, I can come by but I'm only getting a gram for now, where's your place?",ham,0,mishra_soni
Well i know Z will take care of me. So no worries.,ham,0,mishra_soni
I'm going out to buy mum's present ar.,ham,0,mishra_soni
Honey boo I'm missing u.,ham,0,mishra_soni
Thanks for sending this mental ability question..,ham,0,mishra_soni
Ok try to do week end course in coimbatore.,ham,0,mishra_soni
Oh ok no prob..,ham,0,mishra_soni
"Come round, it's .",ham,0,mishra_soni
Yes. Nigh you cant aha.,ham,0,mishra_soni
"HEY HEY WERETHE MONKEESPEOPLE SAY WE MONKEYAROUND! HOWDY GORGEOUS, HOWU DOIN? FOUNDURSELF A JOBYET SAUSAGE?LOVE JEN XXX",ham,0,mishra_soni
"Miss ya, need ya, want ya, love ya.",ham,0,mishra_soni
"Hmm well, night night",ham,0,mishra_soni
"Gumby's has a special where a &lt;#&gt; "" cheese pizza is $2 so I know what we're doin tonight",ham,0,mishra_soni
Ok... Then r we meeting later?,ham,0,mishra_soni
u r a winner U ave been specially selected 2 receive £1000 cash or a 4* holiday (flights inc) speak to a live operator 2 claim 0871277810710p/min (18 ),smishing,1,mishra_soni
Today is ACCEPT DAY..U Accept me as? Brother Sister Lover Dear1 Best1 Clos1 Lvblefrnd Jstfrnd Cutefrnd Lifpartnr Belovd Swtheart Bstfrnd,ham,0,mishra_soni
07732584351 - Rodger Burns - MSG = We tried to call you re your reply to our sms for a free nokia mobile + free camcorder. Please call now 08000930705 for delivery tomorrow,smishing,1,mishra_soni
"ATM BLOCK:Dear customer, Due to our system upgrade your ATM card has just been De-Activated. To Activate call customer care for help 6200992462 now.",smishing,1,mishra_soni
Where do you need to go to get it?,ham,0,mishra_soni
Hey i've booked the 2 lessons on sun liao...,ham,0,mishra_soni
Feel Yourself That You Are Always Happy.. Slowly It Becomes Your Habit &amp; Finally It Becomes Part Of Your Life.. Follow It.. Happy Morning &amp; Have A Happy Day:),ham,0,mishra_soni
No. I.ll meet you in the library,ham,0,mishra_soni
But we havent got da topic yet rite?,ham,0,mishra_soni
Not directly behind... Abt 4 rows behind ü...,ham,0,mishra_soni
"Do whatever you want. You know what the rules are. We had a talk earlier this week about what had to start happening, you showing responsibility. Yet, every week it's can i bend the rule this way? What about that way? Do whatever. I'm tired of having thia same argument with you every week. And a &lt;#&gt; movie DOESNT inlude the previews. You're still getting in after 1.",ham,0,mishra_soni
"Very strange. and are watching the 2nd one now but i'm in bed. Sweet dreams, miss u",ham,0,mishra_soni
No da:)he is stupid da..always sending like this:)don believe any of those message.pandy is a mental:),ham,0,mishra_soni
No I don't have cancer. Moms making a big deal out of a regular checkup aka pap smear,ham,0,mishra_soni
"Tunji, how's the queen? how are you doing. This is just wishing you a great day. Abiola.",ham,0,mishra_soni
"Height of ""Oh shit....!!"" situation: A guy throws a luv letter on a gal but falls on her brothers head whos a gay,.;-):-D",ham,0,mishra_soni
I am on the way to ur home,ham,0,mishra_soni
Reply with your name and address and YOU WILL RECEIVE BY POST a weeks completely free accommodation at various global locations www.phb1.com ph:08700435505150p,smishing,1,mishra_soni
Dude just saw a parked car with its sunroof popped up. Sux,ham,0,mishra_soni
"Sir, waiting for your letter.",ham,0,mishra_soni
Message:some text missing* Sender:Name Missing* *Number Missing *Sent:Date missing *Missing U a lot thats y everything is missing sent via fullonsms.com,ham,0,mishra_soni
2marrow only. Wed at &lt;#&gt; to 2 aha.,ham,0,mishra_soni
K. Did you call me just now ah?,ham,0,mishra_soni
We regret to inform you that your NAB card is now locked. To unlock please update security details at http://www.nabmobile,smishing,1,mishra_soni
Pathaya enketa maraikara pa',ham,0,mishra_soni
Dunno y u ask me.,ham,0,mishra_soni
NOT MUCH NO FIGHTS. IT WAS A GOOD NITE!!,ham,0,mishra_soni
Sorry . I will be able to get to you. See you in the morning.,ham,0,mishra_soni
You said not now. No problem. When you can. Let me know.,ham,0,mishra_soni
"Probably not, still going over some stuff here",ham,0,mishra_soni
Hello! Good week? Fancy a drink or something later?,ham,0,mishra_soni
You will be in the place of that man,ham,0,mishra_soni
But you dint in touch with me.,ham,0,mishra_soni
did u get that message,ham,0,mishra_soni
I don't think he has spatula hands!,ham,0,mishra_soni
Yar he quite clever but aft many guesses lor. He got ask me 2 bring but i thk darren not so willing 2 go. Aiya they thk leona still not attach wat.,ham,0,mishra_soni
I am on the way to office,ham,0,mishra_soni
I know girls always safe and selfish know i got it pa. Thank you. good night.,ham,0,mishra_soni
"Its ok chikku, and its my 1 of favourite song..:-)",ham,0,mishra_soni
I'm now but have to wait till 2 for the bus to pick me.,ham,0,mishra_soni
"Yeah go on then, bored and depressed sittin waitin for phone to ring... Hope the wind drops though, scary",ham,0,mishra_soni
Mystery solved! Just opened my email and he's sent me another batch! Isn't he a sweetie,ham,0,mishra_soni
I would but I'm still cozy. And exhausted from last night.nobody went to school or work. Everything is closed.,ham,0,mishra_soni
Thank you baby! I cant wait to taste the real thing...,ham,0,mishra_soni
"Hi hope u r both ok, he said he would text and he hasn't, have u seen him, let me down gently please",ham,0,mishra_soni
Desires- u going to doctor 4 liver. And get a bit stylish. Get ur hair managed. Thats it.,ham,0,mishra_soni
"Oh fine, I'll be by tonight",ham,0,mishra_soni
Last week was my b'day. My Wife did'nt wish me. My Parents forgot n so did my Kids .,ham,0,mishra_soni
Hi Dev Call me its urgnt. I don't know whats your problem. You don't want to work or if you have any other problem.. Wating for your reply.,ham,0,mishra_soni
"I do know what u mean, is the king of not havin credit! I'm goin2bed now. Night night sweet! Only1more sleep!",ham,0,mishra_soni
Uncle boye. I need movies oh. Guide me. Plus you know torrents are not particularly legal here. And the system is slowing down. What should i do. Have a gr8 day. Plus have you started cos i dont meet you online. How was the honey moon.,ham,0,mishra_soni
Dear i am not denying your words please,ham,0,mishra_soni
What you need. You have a person to give na.,ham,0,mishra_soni
Ok lor. Msg me b4 u call.,ham,0,mishra_soni
Yes baby! We can study all the positions of the kama sutra ;),ham,0,mishra_soni
No:-)i got rumour that you going to buy apartment in Mumbai,ham,0,mishra_soni
Thinkin about someone is all good. No drugs for that,ham,0,mishra_soni
That's good. Lets thank God. Please complete the drug. Have lots of water. And have a beautiful day.,ham,0,mishra_soni
Lol grr my mom is taking forever with my prescription. Pharmacy is like 2 minutes away. Ugh.,ham,0,mishra_soni
A pure hearted person can have a wonderful smile that makes even his/her enemies to feel guilty for being an enemy.. So catch the world with your smile..:) GOODMORNING &amp; HAVE A SMILEY SUNDAY..:),ham,0,mishra_soni
But i'm surprised she still can guess right lor...,ham,0,mishra_soni
Aiyo u so poor thing... Then u dun wan 2 eat? U bathe already?,ham,0,mishra_soni
"Update Message to User,Log on to Verity your login and choose your Existing Questions and Answers correctly Click http://tdbankmobile.cleanbeautytalk.c om/tdmobile Internet support team.",smishing,1,mishra_soni
SERIOUSLY. TELL HER THOSE EXACT WORDS RIGHT NOW.,ham,0,mishra_soni
Baaaaabe! I misss youuuuu ! Where are you ? I have to go and teach my class at 5 ...,ham,0,mishra_soni
Umma my life and vava umma love you lot dear,ham,0,mishra_soni
"Sorry, I'll call later..busy in meeting",ham,0,mishra_soni
Yup ok thanx...,ham,0,mishra_soni
Thanks for yesterday sir. You have been wonderful. Hope you enjoyed the burial. MojiBiola,ham,0,mishra_soni
"Wow ... I love you sooo much, you know ? I can barely stand it ! I wonder how your day goes and if you are well, my love ... I think of you and miss you",ham,0,mishra_soni
Ooooooh I forgot to tell u I can get on yoville on my phone,ham,0,mishra_soni
Thought praps you meant another one. Goodo! I'll look tomorrow,ham,0,mishra_soni
I have printed it oh. So &lt;#&gt; come upstairs,ham,0,mishra_soni
I had askd u a question some hours before. Reply to that,ham,0,mishra_soni
"The affidavit says &lt;#&gt; E Twiggs St, division g, courtroom &lt;#&gt; , &lt;TIME&gt; AM. I'll double check and text you again tomorrow",ham,0,mishra_soni
Also remember the beads don't come off. Ever.,ham,0,mishra_soni
I know a few people I can hit up and hit to the yes,ham,0,mishra_soni
Sent me de webadres for geting salary slip,ham,0,mishra_soni
WINNER!! As a valued network customer you have been selected to receivea £900 prize reward! To claim call 09061701461. Claim code KL341. Valid 12 hours only.,smishing,1,mishra_soni
Easy ah?sen got selected means its good..,ham,0,mishra_soni
"What do u reckon as need 2 arrange transport if u can't do it, thanks",ham,0,mishra_soni
"Urgh, coach hot, smells of chip fat! Thanks again, especially for the duvet (not a predictive text word).",ham,0,mishra_soni
Which is why i never wanted to tell you any of this. Which is why i'm so short with you and on-edge as of late.,ham,0,mishra_soni
(You didn't hear it from me),ham,0,mishra_soni
Ok... U enjoy ur shows...,ham,0,mishra_soni
You tell what happen dont behave like this to me. Ok no need to say,ham,0,mishra_soni
I know but you need to get hotel now. I just got my invitation but i had to apologise. Cali is to sweet for me to come to some english bloke's weddin,ham,0,mishra_soni
What about this one then.,ham,0,mishra_soni
Great. I was getting worried about you. Just know that a wonderful and caring person like you will have only the best in life. Know that u r wonderful and God's love is yours.,ham,0,mishra_soni
"Will do, you gonna be at blake's all night? I might be able to get out of here a little early",ham,0,mishra_soni
URGENT! We are trying to contact U. Todays draw shows that you have won a £800 prize GUARANTEED. Call 09050001809 from land line. Claim M95. Valid12hrs only,smishing,1,mishra_soni
AH POOR BABY!HOPE URFEELING BETTERSN LUV! PROBTHAT OVERDOSE OF WORK HEY GO CAREFUL SPK 2 U SN LOTS OF LOVEJEN XXX.,ham,0,mishra_soni
Congrats. That's great. I wanted to tell you not to tell me your score cos it might make me relax. But its motivating me so thanks for sharing,ham,0,mishra_soni
"And that's fine, I got enough bud to last most of the night at least",ham,0,mishra_soni
"My life Means a lot to me, Not because I love my life, But because I love the people in my life .",ham,0,mishra_soni
You were supposed to wake ME up &gt;:(,ham,0,mishra_soni
Ball is moving a lot.will spin in last :)so very difficult to bat:),ham,0,mishra_soni
Congratulations U can claim 2 VIP row A Tickets 2 C Blu in concert in November or Blu gift guaranteed Call 09061104276 to claim TS&Cs www.smsco.net cost£3.75max,smishing,1,mishra_soni
Even if he my friend he is a priest call him now,ham,0,mishra_soni
"Argh my 3g is spotty, anyway the only thing I remember from the research we did was that province and sterling were the only problem-free places we looked at",ham,0,mishra_soni
Ü give me some time to walk there.,ham,0,mishra_soni
Tomorrow i am not going office. . . So i can come wherever say. . . Tell me where and when to come..,ham,0,mishra_soni
"Just wondering, the others just took off",ham,0,mishra_soni
Exactly. Anyways how far. Is jide her to study or just visiting,ham,0,mishra_soni
Hows that watch resizing,ham,0,mishra_soni
Alright. I'm out--have a good night!,ham,0,mishra_soni
Are we doing the norm tomorrow? I finish just a 4.15 cos of st tests. Need to sort library stuff out at some point tomo - got letter from today - access til end march so i better get move on!,ham,0,mishra_soni
The beauty of life is in next second.. which hides thousands of secrets. I wish every second will be wonderful in ur life...!! gud n8,ham,0,mishra_soni
Anything lor... U decide...,ham,0,mishra_soni
I'm not coming home 4 dinner.,ham,0,mishra_soni
Have you always been saying welp?,ham,0,mishra_soni
Beerage?,ham,0,mishra_soni
I'm at home. Please call when u wll be free,ham,0,mishra_soni
"Come to me, slave. Your doing it again ... Going into your shell and unconsciously avoiding me ... You are making me unhappy :-(",ham,0,mishra_soni
I'm home.,ham,0,mishra_soni
Also where's the piece,ham,0,mishra_soni
Hey anyway i have to :-),ham,0,mishra_soni
"Sorry, in meeting I'll call you later",ham,0,mishra_soni
C movie is juz last minute decision mah. Juz watch 2 lar but i tot ü not interested.,ham,0,mishra_soni
Oh just getting even with u.... u?,ham,0,mishra_soni
"Excellent, I'll see what riley's plans are",ham,0,mishra_soni
Great! I have to run now so ttyl!,ham,0,mishra_soni
So can collect ur laptop?,ham,0,mishra_soni
Send me your id and password,ham,0,mishra_soni
Are you unique enough? Find out from 30th August. www.areyouunique.co.uk,smishing,1,mishra_soni
Dear (paytm)customer your paytm KYC has been suspended PAY-TM office PH 7908807538 Your Paytm A/C will block within 24hr Thank you.,smishing,1,mishra_soni
A guy who gets used but is too dumb to realize it.,ham,0,mishra_soni
"Sorry about earlier. Putting out fires.Are you around to talk after 9? Or do you actually have a life, lol!",ham,0,mishra_soni
"WIN: We have a winner! Mr. T. Tilo won an iPod! More exciting prizes soon, so keep an eye on ur mobile or visit www.win-82050.co.uk",smishing,1,mishra_soni
Where did u go? My phone is gonna die you have to stay in here,ham,0,mishra_soni
I think that tantrum's finished so yeah I'll be by at some point,ham,0,mishra_soni
Been running but only managed 5 minutes and then needed oxygen! Might have to resort to the roller option!,ham,0,mishra_soni
Smile in Pleasure Smile in Pain Smile when trouble pours like Rain Smile when sum1 Hurts U Smile becoz SOMEONE still Loves to see u Smiling!!,ham,0,mishra_soni
what are your new years plans?,ham,0,mishra_soni
Thanks a lot for your wishes on my birthday. Thanks you for making my birthday truly memorable.,ham,0,mishra_soni
i see. When we finish we have loads of loans to pay,ham,0,mishra_soni
Your unique user ID is 1172. For removal send STOP to 87239 customer services 08708034412,smishing,1,mishra_soni
Ok lor but not too early. Me still having project meeting now.,ham,0,mishra_soni
It means u could not keep ur words.,ham,0,mishra_soni
Double eviction this week - Spiral and Michael and good riddance to them!,ham,0,mishra_soni
URGENT! Your Mobile number has been awarded a <UKP>2000 prize GUARANTEED. Call 09061790125 from landline. Claim 3030. Valid 12hrs only 150ppm,smishing,1,mishra_soni
Okie that s nice,ham,0,mishra_soni
Can i get your opinion on something first?,ham,0,mishra_soni
But am going to college pa. What to do. are else ill come there it self. Pa.,ham,0,mishra_soni
"Urgent! Please call 0906346330. Your ABTA complimentary 4* Spanish Holiday or £10,000 cash await collection SAE T&Cs BOX 47 PO19 2EZ 150ppm 18+",smishing,1,mishra_soni
Hi! You just spoke to DEEPAK. We'd like to know if you were satisfied with the experience. Reply Toll Free with Yes or No.,ham,0,mishra_soni
Only once then after ill obey all yours.,ham,0,mishra_soni
How are you enjoying this semester? Take care brother.,ham,0,mishra_soni
"Hi Jon, Pete here, Ive bin 2 Spain recently & hav sum dinero left, Bill said u or ur ‘rents mayb interested in it, I hav 12,000pes, so around £48, tb, James.",ham,0,mishra_soni
He remains a bro amongst bros,ham,0,mishra_soni
Pls pls find out from aunt nike.,ham,0,mishra_soni
NONE!NOWHERE IKNO DOESDISCOUNT!SHITINNIT,ham,0,mishra_soni
You are right. Meanwhile how's project twins comin up,ham,0,mishra_soni
It's justbeen overa week since we broke up and already our brains are going to mush!,ham,0,mishra_soni
"Yeah there's quite a bit left, I'll swing by tomorrow when I get up",ham,0,mishra_soni
Sounds like you have many talents! would you like to go on a dinner date next week?,ham,0,mishra_soni
Yeah just open chat and click friend lists. Then make the list. Easy as pie,ham,0,mishra_soni
Gd luck 4 ur exams :-),ham,0,mishra_soni
My phone is ringing,ham,0,mishra_soni
Well at this right I'm gonna have to get up and check today's steam sales/pee so text me when you want me to come get you,ham,0,mishra_soni
"sry can't talk on phone, with parents",ham,0,mishra_soni
Stupid.its not possible..U!!,ham,0,mishra_soni
Wat's my dear doing? Sleeping ah?,ham,0,mishra_soni
Fwiw the reason I'm only around when it's time to smoke is that because of gas I can only afford to be around when someone tells me to be and that apparently only happens when somebody wants to light up,ham,0,mishra_soni
She doesnt need any test.,ham,0,mishra_soni
True lov n care wil nevr go unrecognized. though somone often makes mistakes when valuing it. but they will definitly undrstnd once when they start missing it.,ham,0,mishra_soni
"Evry Emotion dsn't hav Words.Evry Wish dsn't hav Prayrs.. If u Smile,D World is wit u.Othrwise even d Drop of Tear dsn't lik 2 Stay wit u.So b happy.. Good morning, keep smiling:-)",ham,0,mishra_soni
"Oh k...i'm watching here:), I hv been attentive all times",ham,0,mishra_soni
URGENT! We are trying to contact U. Todays draw shows that you have won a £800 prize GUARANTEED. Call 09050001295 from land line. Claim A21. Valid 12hrs only,smishing,1,mishra_soni
Siva is in hostel aha:-.,ham,0,mishra_soni
"So check your errors and if you had difficulties, do correction.",ham,0,mishra_soni
"Think i might have to give it a miss. Am teaching til twelve, then have lecture at two. Damn this working thing.",ham,0,mishra_soni
Congratulations ur awarded 500 of CD vouchers or 125gift guaranteed & Free entry 2 100 wkly draw txt MUSIC to 87066 TnCs www.Ldew.com1win150ppmx3age16,smishing,1,mishra_soni
HI ITS KATE CAN U GIVE ME A RING ASAP XXX,ham,0,mishra_soni
5000 ISH MINUTES WAS 5 MINUTES AGO. WTF.,ham,0,mishra_soni
"I wasn't well babe, i have swollen glands at my throat ... What did you end up doing ?",ham,0,mishra_soni
Y she dun believe leh? I tot i told her it's true already. I thk she muz c us tog then she believe.,ham,0,mishra_soni
Wot about on wed nite I am 3 then but only til 9!,ham,0,mishra_soni
Whatsup there. R u sleeping?,ham,0,mishra_soni
Actually i'm waiting for 2 weeks when they start putting ad.,ham,0,mishra_soni
Why tired what special there you had,ham,0,mishra_soni
Uhhhhrmm isnt having tb test bad when youre sick,ham,0,mishra_soni
Customer place i will call you when I wll be free,ham,0,mishra_soni
Raji..pls do me a favour. Pls convey my Birthday wishes to Nimya.,ham,0,mishra_soni
I calls you later. Afternoon onwords mtnl service get problem in south mumbai. I can hear you but you cann't listen me.,ham,0,mishra_soni
Sent me ur email id soon,ham,0,mishra_soni
You got job in wipro:)you will get every thing in life in 2 or 3 years.,ham,0,mishra_soni
Hi its Kate how is your evening? I hope i can see you tomorrow for a bit but i have to bloody babyjontet! Txt back if u can. :) xxx,ham,0,mishra_soni
"Haha awesome, omw back now then",ham,0,mishra_soni
"You have been specially selected to receive a ""3000 award! Call 08712402050 BEFORE the lines close. Cost 10ppm. 16+. T&Cs apply. AG Promo",smishing,1,mishra_soni
I love to give massages. I use lots of baby oil... What is your fave position?,ham,0,mishra_soni
"Well, i'm glad you didn't find it totally disagreeable ... Lol",ham,0,mishra_soni
Ill call you evening ill some ideas.,ham,0,mishra_soni
Oh k:)after that placement there ah?,ham,0,mishra_soni
Wat uniform? In where get?,ham,0,mishra_soni
"Yes obviously, but you are the eggs-pert and the potato head… Speak soon!",ham,0,mishra_soni
"Hurry up, I've been weed-deficient for like three days",ham,0,mishra_soni
Morning only i can ok.,ham,0,mishra_soni
I can send you a pic if you like :),ham,0,mishra_soni
on a Tuesday night r u 4 real,ham,0,mishra_soni
That's cause your old. I live to be high.,ham,0,mishra_soni
TELL HER I SAID EAT SHIT.,ham,0,mishra_soni
He says he'll give me a call when his friend's got the money but that he's definitely buying before the end of the week,ham,0,mishra_soni
Ummma.will call after check in.our life will begin from qatar so pls pray very hard.,ham,0,mishra_soni
Win a £1000 cash prize or a prize worth £5000,smishing,1,mishra_soni
"This is the 2nd time we have tried to contact u. U have won the £400 prize. 2 claim is easy, just call 087104711148 NOW! Only 10p per minute. BT-national-rate",smishing,1,mishra_soni
HI BABE IM AT HOME NOW WANNA DO SOMETHING? XX,ham,0,mishra_soni
I think steyn surely get one wicket:),ham,0,mishra_soni
Actually I decided I was too hungry so I haven't left yet :V,ham,0,mishra_soni
"Sounds gd... Haha... Can... Wah, u yan jiu so fast liao...",ham,0,mishra_soni
Babes I think I got ur brolly I left it in English wil bring it in 2mrw 4 u luv Franxx,ham,0,mishra_soni
"Today is ""I LOVE U"" day. Send dis to all ur ""VALUED FRNDS"" evn me. If 3 comes back u'll gt married d person u luv! GOOD LUCK!!!",ham,0,mishra_soni
"Aight, I'll ask a few of my roommates",ham,0,mishra_soni
Love you sushma..love u lot..,ham,0,mishra_soni
"Say this slowly.? GOD,I LOVE YOU &amp; I NEED YOU,CLEAN MY HEART WITH YOUR BLOOD.Send this to Ten special people &amp; u c miracle tomorrow, do it,pls,pls do it...",ham,0,mishra_soni
Can you talk with me..,ham,0,mishra_soni
Happy birthday... May ur wishes come true and stay blessed...,ham,0,mishra_soni
Oops i thk i dun haf enuff... I go check then tell ü..,ham,0,mishra_soni
Also hi wesley how've you been,ham,0,mishra_soni
Come aftr &lt;DECIMAL&gt; ..now i m cleaning the house,ham,0,mishra_soni
Hey so this sat are we going for the intro pilates only? Or the kickboxing too?,ham,0,mishra_soni
I doubt you could handle 5 times per night in any case...,ham,0,mishra_soni
Ha! I wouldn't say that I just didn't read anything into way u seemed. I don't like 2 be judgemental....i save that for fridays in the pub!,ham,0,mishra_soni
There is os called ubandu which will run without installing in hard disk...you can use that os to copy the important files in system and give it to repair shop..,ham,0,mishra_soni
"Japanese Proverb: If one Can do it, U too Can do it, If none Can do it,U must do it Indian version: If one Can do it, LET HIM DO it.. If none Can do it,LEAVE it!! And finally Kerala version: If one can do it, Stop him doing it.. If none can do it, Make a strike against it ...",ham,0,mishra_soni
PRIVATE! Your 2003 Account Statement for <fone no> shows 800 un-redeemed S. I. M. points. Call 08715203656 Identifier Code: 42049 Expires 26/10/04,smishing,1,mishra_soni
Yes... I trust u to buy new stuff ASAP so I can try it out,ham,0,mishra_soni
I've been searching for the right words to thank you for this breather. I promise i wont take your help for granted and will fulfil my promise. You have been wonderful and a blessing at all times.,ham,0,mishra_soni
Umma. Did she say anything,ham,0,mishra_soni
Come to my home for one last time i wont do anything. Trust me.,ham,0,mishra_soni
BABE !!! I miiiiiiissssssssss you ! I need you !!! I crave you !!! :-( ... Geeee ... I'm so sad without you babe ... I love you ...,ham,0,mishra_soni
"This is one of the days you have a billion classes, right?",ham,0,mishra_soni
"I need an 8th but I'm off campus atm, could I pick up in an hour or two?",ham,0,mishra_soni
HELLO U.CALL WEN U FINISH WRK.I FANCY MEETIN UP WIV U ALL TONITE AS I NEED A BREAK FROM DABOOKS. DID 4 HRS LAST NITE+2 TODAY OF WRK!,ham,0,mishra_soni
So how's the weather over there?,ham,0,mishra_soni
I am in office:)whats the matter..msg me now.i will call you at break:).,ham,0,mishra_soni
Jus finish my lunch on my way home lor... I tot u dun wan 2 stay in sch today...,ham,0,mishra_soni
You're not sure that I'm not trying to make xavier smoke because I don't want to smoke after being told I smoke too much?,ham,0,mishra_soni
Yes da. Any plm at ur office,ham,0,mishra_soni
Okay but i thought you were the expert,ham,0,mishra_soni
Sure! I am driving but will reach my destination soon.,ham,0,mishra_soni
So how many days since then?,ham,0,mishra_soni
No no. I will check all rooms befor activities that s required,ham,0,mishra_soni
I wanted to wish you a Happy New Year and I wanted to talk to you about some legal advice to do with when Gary and I split but in person. I'll make a trip to Ptbo for that. I hope everything is good with you babe and I love ya :),ham,0,mishra_soni
Hope you are not scared!,ham,0,mishra_soni
"Say this slowly.? GOD,I LOVE YOU, I NEED YOU.",ham,0,mishra_soni
Dear where you will be when i reach there,ham,0,mishra_soni
Sorry da:)i was thought of calling you lot of times:)lil busy.i will call you at noon..,ham,0,mishra_soni
I fetch yun or u fetch?,ham,0,mishra_soni
I wish! I don't think its gonna snow that much. But it will be more than those flurries we usually get that melt before they hit the ground. Eek! We haven't had snow since &lt;#&gt; before I was even born!,ham,0,mishra_soni
Then we gotta do it after that,ham,0,mishra_soni
So why didnt you holla?,ham,0,mishra_soni
Yeah right! I'll bring my tape measure fri!,ham,0,mishra_soni
"Dear,Me at cherthala.in case u r coming cochin pls call bfore u start.i shall also reach accordingly.or tell me which day u r coming.tmorow i am engaged ans its holiday.",ham,0,mishra_soni
WE WILL HOLD YOUR PAYTM AMOUNT AFTER SOMETIME COMPLETE YOUR PAYTM KYC PAYTM OFFICE PH 6200992462,smishing,1,mishra_soni
"Hi. Wk been ok - on hols now! Yes on for a bit of a run. Forgot that i have hairdressers appointment at four so need to get home n shower beforehand. Does that cause prob for u?""",ham,0,mishra_soni
"It‘s £6 to get in, is that ok?",ham,0,mishra_soni
Ü thk of wat to eat tonight.,ham,0,mishra_soni
HMM yeah if your not too grooved out! And im looking forward to my pound special :),ham,0,mishra_soni
Thats cool. i am a gentleman and will treat you with dignity and respect.,ham,0,mishra_soni
"I feel like a dick because I keep sleeping through your texts and facebook messages. Sup, you in town?",ham,0,mishra_soni
"Frnd s not juz a word.....not merely a relationship.....its a silent promise which says ... "" I will be with YOU "" Wherevr.. Whenevr.. Forevr... Gudnyt dear..",ham,0,mishra_soni
You made my day. Do have a great day too.,ham,0,mishra_soni
Nope. I just forgot. Will show next week,ham,0,mishra_soni
"By the way, 'rencontre' is to meet again. Mountains dont....",ham,0,mishra_soni
Its like that hotel dusk game i think. You solve puzzles in a area thing,ham,0,mishra_soni
Just seeing your missed call my dear brother. Do have a gr8 day.,ham,0,mishra_soni
What do u want when i come back?.a beautiful necklace as a token of my heart for you.thats what i will give but ONLY to MY WIFE OF MY LIKING.BE THAT AND SEE..NO ONE can give you that.dont call me.i will wait till i come.,ham,0,mishra_soni
You said to me before i went back to bed that you can't sleep for anything.,ham,0,mishra_soni
"The sign of maturity is not when we start saying big things.. But actually it is, when we start understanding small things... *HAVE A NICE EVENING* BSLVYL",ham,0,mishra_soni
What is the plural of the noun research?,ham,0,mishra_soni
Yup... Ok i go home look at the timings then i msg ü again... Xuhui going to learn on 2nd may too but her lesson is at 8am,ham,0,mishra_soni
I (Career Tel) have added u as a contact on INDYAROCKS.COM to send FREE SMS. To remove from phonebook - sms NO to &lt;#&gt;,ham,0,mishra_soni
U coming 2 pick me?,ham,0,mishra_soni
"Madam,regret disturbance.might receive a reference check from DLF Premarica.kindly be informed.Rgds,Rakhesh,Kerala.",ham,0,mishra_soni
Dude im no longer a pisces. Im an aquarius now.,ham,0,mishra_soni
Am I the only one who doesn't stalk profiles?,ham,0,mishra_soni
Just wait till end of march when el nino gets himself. Oh.,ham,0,mishra_soni
Really good:)dhanush rocks once again:),ham,0,mishra_soni
Oh ho. Is this the first time u use these type of words? But its not appreciated,ham,0,mishra_soni
I had a good time too. Its nice to do something a bit different with my weekends for a change. See ya soon,ham,0,mishra_soni
Sounds like a plan! Cardiff is still here and still cold! I'm sitting on the radiator!,ham,0,mishra_soni
That is wondar full flim.,ham,0,mishra_soni
Nope watching tv at home... Not going out. V bored...,ham,0,mishra_soni
Carlos is taking his sweet time as usual so let me know when you and patty are done/want to smoke and I'll tell him to haul ass,ham,0,mishra_soni
Many times we lose our best ones bcoz we are,ham,0,mishra_soni
Oh oh... Den muz change plan liao... Go back have to yan jiu again...,ham,0,mishra_soni
"Its ok, if anybody asks abt me, u tel them..:-P",ham,0,mishra_soni
Hey mr whats the name of that bill brison book the one about language and words,ham,0,mishra_soni
I dunno they close oredi not... Ü v ma fan...,ham,0,mishra_soni
I wnt to buy a car urgently..,ham,0,mishra_soni
Shall i come to pick that?,ham,0,mishra_soni
U horrible gal... U knew dat i was going out wif him yest n u still come n ask me...,ham,0,mishra_soni
"Arngd marriage is while u r walkin unfortuntly a snake bites u. bt love marriage is dancing in frnt of d snake &amp; sayin Bite me, bite me.",ham,0,mishra_soni
Are you available for soiree on June 3rd?,ham,0,mishra_soni
Am surfing online store. For offers do you want to buy any thing.,ham,0,mishra_soni
Cuz ibored. And don wanna study,ham,0,mishra_soni
The hair cream has not been shipped.,ham,0,mishra_soni
Did you get any gift? This year i didnt get anything. So bad,ham,0,mishra_soni
Hey sexy buns! What of that day? No word from you this morning on YM ... :-( ... I think of you,ham,0,mishra_soni
"Doing nothing, then u not having dinner w us?",ham,0,mishra_soni
"Lemme know when I can swing by and pick up, I'm free basically any time after 1 all this semester",ham,0,mishra_soni
One small prestige problem now.,ham,0,mishra_soni
I actually did for the first time in a while. I went to bed not too long after i spoke with you. Woke up at 7. How was your night?,ham,0,mishra_soni
"Well am officially in a philosophical hole, so if u wanna call am at home ready to be saved!",ham,0,mishra_soni
Check mail.i have mailed varma and kept copy to you regarding membership.take care.insha allah.,ham,0,mishra_soni
Omg you can make a wedding chapel in frontierville? Why do they get all the good stuff?,ham,0,mishra_soni
Dnt worry...use ice pieces in a cloth pack.also take 2 tablets.,ham,0,mishra_soni
Meet after lunch la...,ham,0,mishra_soni
PRIVATE! Your 2003 Account Statement for shows 1000 un-redeemed S.I.M. points. Call 08715203685 Identifier Code:4xx26 Expires 13/10/04,smishing,1,mishra_soni
Probably a couple hours tops,ham,0,mishra_soni
Hope you are having a great day.,ham,0,mishra_soni
So I pay first lar... Then when is da stock comin...,ham,0,mishra_soni
"Loan for any amount £500 - £75,000. Homeowners + Tenants welcome. Have you been previously refused? We can still help. Call Free 0800 1956669 or text back 'help'",smishing,1,mishra_soni
Did u download the fring app?,ham,0,mishra_soni
What happen to her tell the truth,ham,0,mishra_soni
"Wait that's still not all that clear, were you not sure about me being sarcastic or that that's why x doesn't want to live with us",ham,0,mishra_soni
IMPORTANT INFORMATION 4 ORANGE USER 0796XXXXXX. TODAY IS UR LUCKY DAY!2 FIND OUT WHY LOG ONTO http://www.urawinner.com,smishing,1,mishra_soni
I've been searching for the right words to thank you for this brother. I promise i wont take your help for granted and will fulfill my promise. You have been helping at all times.,ham,0,mishra_soni
And do you have any one that can teach me how to ship cars.,ham,0,mishra_soni
"Dear Voucher Holder, 2 claim this weeks offer, at your PC go to http://www.e-tlp.co.uk/expressoffer Ts&Cs app",smishing,1,mishra_soni
I got a call from a landline number. . . I am asked to come to anna nagar . . . I will go in the afternoon,ham,0,mishra_soni
Am in film ill call you later.,ham,0,mishra_soni
"How about clothes, jewelry, and trips?",ham,0,mishra_soni
Talk to g and x about that,ham,0,mishra_soni
"Gosh that , what a pain. Spose I better come then.",ham,0,mishra_soni
Oh god i am happy to see your message after 3 days,ham,0,mishra_soni
"Hmm, too many of them unfortunately... Pics obviously arent hot cakes. Its kinda fun tho",ham,0,mishra_soni
Many more happy returns of the day. I wish you happy birthday.,ham,0,mishra_soni
"Hi Shanil,Rakhesh here.thanks,i have exchanged the uncut diamond stuff.leaving back. Excellent service by Dino and Prem.",ham,0,mishra_soni
"Sorry, went to bed early, nightnight",ham,0,mishra_soni
Yes but I don't care cause I know its there!,ham,0,mishra_soni
Huh means computational science... Y they like dat one push here n there...,ham,0,mishra_soni
You do your studies alone without anyones help. If you cant no need to study.,ham,0,mishra_soni
Then ur sis how?,ham,0,mishra_soni
"That way transport is less problematic than on sat night. By the way, if u want to ask n to join my bday, feel free. But need to know definite nos as booking on fri.",ham,0,mishra_soni
"Awesome, plan to get here any time after like &lt;#&gt; , I'll text you details in a wee bit",ham,0,mishra_soni
Hui xin is in da lib.,ham,0,mishra_soni
Boo I'm on my way to my moms. She's making tortilla soup. Yummmm,ham,0,mishra_soni
Hi babe its me thanks for coming even though it didnt go that well!i just wanted my bed! Hope to see you soon love and kisses xxx,ham,0,mishra_soni
Have you finished work yet? :),ham,0,mishra_soni
"Your iPhone ID is due to expire today, Please tap https://is.gd/AppVerify to update and prevent loss of services and Apps.",smishing,1,mishra_soni
"Mmmmm ... I loved waking to your words this morning ! I miss you too, my Love. I hope your day goes well and you are happy. I wait for us to be together again",ham,0,mishra_soni
Wat makes some people dearer is not about de happiness dat u feel when u meet them but about d pain u feel when u miss dem!!!,ham,0,mishra_soni
Think + da. You wil do.,ham,0,mishra_soni
"Just gettin a bit arty with my collages at the mo, well tryin 2 ne way! Got a roast in a min lovely i shall enjoy that!",ham,0,mishra_soni
"Damn, can you make it tonight or do you want to just wait til tomorrow",ham,0,mishra_soni
X2 &lt;#&gt; . Are you going to get that,ham,0,mishra_soni
"LOOK AT AMY URE A BEAUTIFUL, INTELLIGENT WOMAN AND I LIKE U A LOT. I KNOW U DON’T LIKE ME LIKE THAT SO DON’T WORRY.",ham,0,mishra_soni
Ha... Both of us doing e same thing. But i got tv 2 watch. U can thk of where 2 go tonight or u already haf smth in mind...,ham,0,mishra_soni
My sort code is and acc no is . The bank is natwest. Can you reply to confirm i've sent this to the right person!,ham,0,mishra_soni
As per your request 'Maangalyam (Thirupathe)' has been set as your callertune for all Callers. Press *9 to copy your friends Callertune,ham,0,mishra_soni
R ü comin back for dinner?,ham,0,mishra_soni
"Sorry, I'll call later in meeting any thing related to trade please call Arul. &lt;#&gt;",ham,0,mishra_soni
Hi missed your Call and my mumHas beendropping red wine all over theplace! what is your adress?,ham,0,mishra_soni
Good Morning my Dear........... Have a great &amp; successful day.,ham,0,mishra_soni
"We're all getting worried over here, derek and taylor have already assumed the worst",ham,0,mishra_soni
I went to project centre,ham,0,mishra_soni
Pls speak to that customer machan.,ham,0,mishra_soni
Oh yeah clearly it's my fault,ham,0,mishra_soni
Sure but since my parents will be working on Tuesday I don't really need a cover story,ham,0,mishra_soni
"Sorry, I'll call later hope u understand..",ham,0,mishra_soni
Reading gud habit.. Nan bari hudgi yorge pataistha ertini kano:-),ham,0,mishra_soni
I am not sure about breakfast menu. . . I know only about noon menu,ham,0,mishra_soni
Why she wants to talk to me,ham,0,mishra_soni
Good day to You too.Pray for me.Remove the teeth as its painful maintaining other stuff.,ham,0,mishra_soni
FREE camera phones with linerental from 4.49/month with 750 cross ntwk mins. 1/2 price txt bundle deals also avble. Call 08001950382,smishing,1,mishra_soni
Ok. Very good. Its all about making that money.,ham,0,mishra_soni
Someone has conacted our dating service and entered your phone because they fancy you!To find out who it is call from landline 09111030116. PoBox12n146tf15,smishing,1,mishra_soni
Dear PAYTM customer your Paytm KYC has expired. Contact customer care No-8536074310 immediately. your account will Block within 24 hr. Thank you PAYTM TEAM.,smishing,1,mishra_soni
Wewa is 130. Iriver 255. All 128 mb.,ham,0,mishra_soni
"Hmmm ... I thought we said 2 hours slave, not 3 ... You are late ... How should I punish you ?",ham,0,mishra_soni
U having lunch alone? I now so bored...,ham,0,mishra_soni
DO U WANT 2 MEET UP 2MORRO,ham,0,mishra_soni
Yes ammae....life takes lot of turns you can only sit and try to hold the steering...,ham,0,mishra_soni
Pls go ahead with watts. I just wanted to be sure. Do have a great weekend. Abiola,ham,0,mishra_soni
Yar else i'll thk of all sorts of funny things.,ham,0,mishra_soni
Surly ill give it to you:-) while coming to review.,ham,0,mishra_soni
Nope i waiting in sch 4 daddy...,ham,0,mishra_soni
"Didn't try, g and I decided not to head out",ham,0,mishra_soni
Pls she needs to dat slowly or she will vomit more.,ham,0,mishra_soni
Where are you ? You said you would be here when I woke ... :-(,ham,0,mishra_soni
What time you coming down later?,ham,0,mishra_soni
Then get some cash together and I'll text jason,ham,0,mishra_soni
"I have 2 sleeping bags, 1 blanket and paper and phone details. Anything else?",ham,0,mishra_soni
"Honeybee Said: *I'm d Sweetest in d World* God Laughed &amp; Said: *Wait,U Havnt Met d Person Reading This Msg* MORAL: Even GOD Can Crack Jokes! GM+GN+GE+GN:)",ham,0,mishra_soni
"Hi this is yijue, can i meet u at 11 tmr?",ham,0,mishra_soni
Ok. No wahala. Just remember that a friend in need ...,ham,0,mishra_soni
Then u drive lor.,ham,0,mishra_soni
Ok tell me later,ham,0,mishra_soni
Hi its Kate it was lovely to see you tonight and ill phone you tomorrow. I got to sing and a guy gave me his card! xxx,ham,0,mishra_soni
"So anyways, you can just go to your gym or whatever, my love *smiles* I hope your ok and having a good day babe ... I miss you so much already",ham,0,mishra_soni
Hey gorgeous man. My work mobile number is. Have a good one babe. Squishy Mwahs.,ham,0,mishra_soni
Quite lor. But dun tell him wait he get complacent...,ham,0,mishra_soni
I just really need shit before tomorrow and I know you won't be awake before like 6,ham,0,mishra_soni
Was the farm open?,ham,0,mishra_soni
"URGENT! Your mobile No *********** WON a £2,000 Bonus Caller Prize on 02/06/03! This is the 2nd attempt to reach YOU! Call 09066362220 ASAP! BOX97N7QP, 150ppm",smishing,1,mishra_soni
Lol! Nah wasn't too bad thanks. Its good to b home but its been quite a reality check. Hows ur day been? Did u do anything with website?,ham,0,mishra_soni
Yeah you should. I think you can use your gt atm now to register. Not sure but if there's anyway i can help let me know. But when you do be sure you are ready.,ham,0,mishra_soni
Good evening! this is roger. How are you?,ham,0,mishra_soni
I will come to ur home now,ham,0,mishra_soni
Carry on not disturbing both of you,ham,0,mishra_soni
7 at esplanade.. Do ü mind giving me a lift cos i got no car today..,ham,0,mishra_soni
Sac will score big hundred.he is set batsman:-),ham,0,mishra_soni
You have exited the specified 1 mile radius on three separate occasions today. A penalty notice has been issued to your address held on the electoral roll. More info & appeals can be filed at gov.uk/cvpenalty Stay at home. Protect the NHS. Save lives.,smishing,1,mishra_soni
Carlos'll be here in a minute if you still need to buy,ham,0,mishra_soni
No..its ful of song lyrics..,ham,0,mishra_soni
"WINNER!7827156256 is chosen for $2500 CASH prize, call+38977148576 now",smishing,1,mishra_soni
Do you work all this week ?,ham,0,mishra_soni
Please tell me you have some of that special stock you were talking about,ham,0,mishra_soni
The 2 oz guy is being kinda flaky but one friend is interested in picking up $ &lt;#&gt; worth tonight if possible,ham,0,mishra_soni
Gam gone after outstanding innings.,ham,0,mishra_soni
"OH RITE. WELL IM WITH MY BEST MATE PETE, WHO I WENT OUT WITH 4 A WEEK+ NOW WERE 2GEVA AGAIN. ITS BEEN LONGER THAN A WEEK.",ham,0,mishra_soni
Hey what happen de. Are you alright.,ham,0,mishra_soni
Dear how you. Are you ok?,ham,0,mishra_soni
Lol yeah at this point I guess not,ham,0,mishra_soni
I couldn't say no as he is a dying man and I feel sad for him so I will go and I just wanted you to know I would probably be gone late into your night,ham,0,mishra_soni
I send the print outs da.,ham,0,mishra_soni
Oh yeah I forgot. U can only take 2 out shopping at once.,ham,0,mishra_soni
I'm fine. Hope you are good. Do take care.,ham,0,mishra_soni
Doing my masters. When will you buy a bb cos i have for sale and how's bf,ham,0,mishra_soni
"Mum, i've sent you many many messages since i got here. I just want to know that you are actually getting them. Do enjoy the rest of your day.",ham,0,mishra_soni
Hey come online! Use msn... We are all there,ham,0,mishra_soni
Was doing my test earlier. I appreciate you. Will call you tomorrow.,ham,0,mishra_soni
ok. I am a gentleman and will treat you with dignity and respect.,ham,0,mishra_soni
I dont thnk its a wrong discussion...,ham,0,mishra_soni
Here got ur favorite oyster... N got my favorite sashimi... Ok lar i dun say already... Wait ur stomach start rumbling...,ham,0,mishra_soni
"For you information, IKEA is spelled with all caps. That is not yelling. when you thought i had left you, you were sitting on the bed among the mess when i came in. i said we were going after you got home from class. please don't try and bullshit me. It makes me want to listen to you less.",ham,0,mishra_soni
"I sent you the prices and do you mean the &lt;#&gt; g,",ham,0,mishra_soni
Oh yeah! And my diet just flew out the window,ham,0,mishra_soni
I love working from home :),ham,0,mishra_soni
"I can't right this second, gotta hit people up first",ham,0,mishra_soni
Gettin rdy to ship comp,ham,0,mishra_soni
Just now saw your message.it k da:),ham,0,mishra_soni
Ok then i come n pick u at engin?,ham,0,mishra_soni
Did you catch the bus ? Are you frying an egg ? Did you make a tea? Are you eating your mom's left over dinner ? Do you feel my Love ?,ham,0,mishra_soni
Many many happy returns of d day my dear sweet heart.. HAPPY BIRTHDAY dear,ham,0,mishra_soni
"Alright we'll bring it to you, see you in like &lt;#&gt; mins",ham,0,mishra_soni
"Me also da, i feel yesterday night wait til 2day night dear.",ham,0,mishra_soni
How many times i told in the stage all use to laugh. You not listen aha.,ham,0,mishra_soni
Captain vijaykanth is doing comedy in captain tv..he is drunken :),ham,0,mishra_soni
Hope you are having a good week. Just checking in,ham,0,mishra_soni
"Good afternoon loverboy ! How goes you day ? Any luck come your way? I think of you, sweetie and send my love across the sea to make you smile and happy",ham,0,mishra_soni
"I’m cool ta luv but v.tired 2 cause i have been doin loads of planning all wk, we have got our social services inspection at the nursery! Take care & spk sn x.",ham,0,mishra_soni
How u doin baby girl ?? hope u are okay every time I call ure phone is off! I miss u get in touch,ham,0,mishra_soni
Ok... The theory test? when are ü going to book? I think it's on 21 may. Coz thought wanna go out with jiayin. But she isnt free,ham,0,mishra_soni
A link to your picture has been sent. You can also use http://alto18.co.uk/wave/wave.asp?o=44345,smishing,1,mishra_soni
I will cme i want to go to hos 2morow. After that i wil cme. This what i got from her dear what to do. She didnt say any time,ham,0,mishra_soni
"Nationwide has noticed your debit card was recently used on 25-10-2015 13.04.43, at APPLE ONLINE STORE for 1976.00 GBP. If not you please urgently call fraud preventaion on 03303800232 or intl +443303800231. Do not reply by SMS http://www.Nationwide.co.uk/",smishing,1,mishra_soni
"Mila, age23, blonde, new in UK. I look sex with UK guys. if u like fun with me. Text MTALK to 69866.18 . Help08718728876",smishing,1,mishra_soni
Urgent! Please call 09061213237 from a landline. £5000 cash or a 4* holiday await collection. T &Cs SAE PO Box 177 M227XY. 16+,smishing,1,mishra_soni
That's ok. I popped in to ask bout something and she said you'd been in. Are you around tonght wen this girl comes?,ham,0,mishra_soni
I'm doing da intro covers energy trends n pros n cons... Brief description of nuclear fusion n oso brief history of iter n jet got abt 7 n half pages..,ham,0,mishra_soni
December only! Had your mobile 11mths+? You are entitled to update to the latest colour camera mobile for Free! Call The Mobile Update Co FREE on 08002986906,smishing,1,mishra_soni
IM FINE BABES AINT BEEN UP 2 MUCH THO! SAW SCARY MOVIE YEST ITS QUITE FUNNY! WANT 2MRW AFTERNOON? AT TOWN OR MALL OR SUMTHIN?xx,ham,0,mishra_soni
"Wn u r hurt by d prsn who s close 2 u, do fight wit dem. Coz somtimes dis fight saves a relation bt being quiet leaves nothin in a relation.. Gud eveB-)",ham,0,mishra_soni
Thanks love. But am i doing torch or bold.,ham,0,mishra_soni
Not a lot has happened here. Feels very quiet. Beth is at her aunts and charlie is working lots. Just me and helen in at the mo. How have you been?,ham,0,mishra_soni
Hi dis is yijue i would be happy to work wif ü all for gek1510...,ham,0,mishra_soni
"She said,'' do u mind if I go into the bedroom for a minute ? '' ''OK'', I sed in a sexy mood. She came out 5 minuts latr wid a cake...n My Wife,children were there with her .",ham,0,mishra_soni
Cos i want it to be your thing,ham,0,mishra_soni
"Life is nothing wen v get everything. But ""life is everything wen v miss something "". Real value of people wil be realized only in their absence.... gud mrng",ham,0,mishra_soni
"Had the money issue weigh me down but thanks to you, I can breathe easier now. I.ll make sure you dont regret it. Thanks.",ham,0,mishra_soni
You will be in the place of that man U hv to perform..,ham,0,mishra_soni
Ok no prob... I'll come after lunch then...,ham,0,mishra_soni
We owe you for the last tax year. Please follow our secure link http:Ow.ly/ozvo308t.Jxz for more information.,smishing,1,mishra_soni
In that case I guess I'll see you at campus lodge,ham,0,mishra_soni
I want to sent 30 mesages today. Sorry,ham,0,mishra_soni
Lol great now im getting hungry.,ham,0,mishra_soni
"I got like $ &lt;#&gt; , I can get some more later though. Get whatever you feel like",ham,0,mishra_soni
"As a valued customer, I am pleased to advise you that following recent review of your Mobile No. you are awarded with a Rs.7,00,000 Bonus Prize, call 8927307655",smishing,1,mishra_soni
This is ur face test ( 1 2 3 4 5 6 7 8 9 &lt;#&gt; ) select any number i will tell ur face astrology.... am waiting. quick reply...,ham,0,mishra_soni
"That means you got an A in epi, she.s fine. She.s here now.",ham,0,mishra_soni
That's y u haf 2 keep me busy...,ham,0,mishra_soni
"naughty little thought: 'its better to flirt, flirt n flirt, rather than loving someone n gettin hurt, hurt n hurt...:-) Gud nyt",ham,0,mishra_soni
Are you still playing with gautham?,ham,0,mishra_soni
When i have stuff to sell i.ll tell you,ham,0,mishra_soni
"ow u dey.i paid 60,400thousad.i told u would call .",ham,0,mishra_soni
Tell rob to mack his gf in the theater,ham,0,mishra_soni
Yup ok...,ham,0,mishra_soni
"No we put party 7 days a week and study lightly, I think we need to draw in some custom checkboxes so they know we're hardcore",ham,0,mishra_soni
Mm not entirely sure i understood that text but hey. Ho. Which weekend?,ham,0,mishra_soni
Thts god's gift for birds as humans hav some natural gift frm god..,ham,0,mishra_soni
Are you plans with your family set in stone ?,ham,0,mishra_soni
"K, if u bored up just come to my home..",ham,0,mishra_soni
No..but heard abt tat..,ham,0,mishra_soni
Probably money worries. Things are coming due and i have several outstanding invoices for work i did two and three months ago.,ham,0,mishra_soni
Oh ok.. Wat's ur email?,ham,0,mishra_soni
"Hi the way I was with u 2day, is the normal way&this is the real me. UR unique&I hope I know u 4 the rest of mylife. Hope u find wot was lost.",ham,0,mishra_soni
"Claim a 200 shopping spree, just call 08717895698 now! Have you won! MobStoreQuiz10ppm",smishing,1,mishra_soni
When did you get to the library,ham,0,mishra_soni
Well its not like you actually called someone a punto. That woulda been worse.,ham,0,mishra_soni
"44 7732584351, Do you want a New Nokia 3510i colour phone DeliveredTomorrow? With 300 free minutes to any mobile + 100 free texts + Free Camcorder reply or call 08000930705.",smishing,1,mishra_soni
A lot of this sickness thing going round. Take it easy. Hope u feel better soon. Lol,ham,0,mishra_soni
Erutupalam thandiyachu,ham,0,mishra_soni
"Please call our customer service representative on 7044518857 between 10am-9pm as you have W0N a guaranteed cash prize of Rs.5,00,000. FL1PKART TEAM",smishing,1,mishra_soni
Wat time u finish ur lect today?,ham,0,mishra_soni
Hi baby ive just got back from work and i was wanting to see u allday! I hope i didnt piss u off on the phone today. If u are up give me a call xxx,ham,0,mishra_soni
Ok great .,ham,0,mishra_soni
Call me when u're done...,ham,0,mishra_soni
Well. Im computerless. Time to make some oreo truffles,ham,0,mishra_soni
Still in the area of the restaurant. Ill try to come back soon,ham,0,mishra_soni
What you thinked about me. First time you saw me in class.,ham,0,mishra_soni
Ok . . now i am in bus. . If i come soon i will come otherwise tomorrow for sure..,ham,0,mishra_soni
I dont know exactly could you ask chechi.,ham,0,mishra_soni
Your account has been refilled successfully by INR &lt;DECIMAL&gt; . Your KeralaCircle prepaid account balance is Rs &lt;DECIMAL&gt; . Your Transaction ID is KR &lt;#&gt; .,ham,0,mishra_soni
Where's my boytoy? I miss you ... What happened?,ham,0,mishra_soni
CDs 4u: Congratulations ur awarded £500 of CD gift vouchers or £125 gift guaranteed & Freeentry 2 £100 wkly draw xt MUSIC to 87066 TnCs www.ldew.com1win150ppmx3age16,smishing,1,mishra_soni
I am joining today formally.Pls keep praying.will talk later.,ham,0,mishra_soni
Cheers for the card ... Is it that time of year already?,ham,0,mishra_soni
If he wll start searching he will get job in few days.,ham,0,mishra_soni
My sis is catching e show in e afternoon so i'm not watching w her. So c u wan 2 watch today or tmr lor.,ham,0,mishra_soni
YOU ARE CHOSEN TO RECEIVE A £350 AWARD! Pls call claim number 09066364311 to collect your award which you are selected to receive as a valued mobile customer.,smishing,1,mishra_soni
So i asked how's anthony. Dad. And your bf,ham,0,mishra_soni
Merry christmas to u too annie!,ham,0,mishra_soni
"Aight, I'll hit you up when I get some cash",ham,0,mishra_soni
"Come to me right now, Ahmad",ham,0,mishra_soni
Hi darlin im on helens fone im gonna b up the princes 2 nite please come up tb love Kate,ham,0,mishra_soni
"Ah, well that confuses things, doesnt it? I thought was friends with now. Maybe i did the wrong thing but i already sort of invited -tho he may not come cos of money.",ham,0,mishra_soni
I can take you at like noon,ham,0,mishra_soni
"Cool, I'll text you in a few",ham,0,mishra_soni
Hello boytoy ! Geeee ... I'm missing you today. I like to send you a tm and remind you I'm thinking of you ... And you are loved ... *loving kiss*,ham,0,mishra_soni
"Not yet chikku..going to room nw, i'm in bus..",ham,0,mishra_soni
"No, I was trying it all weekend ;V",ham,0,mishra_soni
"Sorry, I'll call later..I have some urgent work..",ham,0,mishra_soni
Great. So should i send you my account number.,ham,0,mishra_soni
"Dear customer your PAY2TMKYC has been expired, It s will be bl0cked within 24 hour, please contact customer! Care ph 8536074310 immediately to verify",smishing,1,mishra_soni
"34000 of pple marry with their lovers... becz they hav gud undrstndng dat avoids problems. i sent dis 2 u, u wil get gud news on friday by d person you like. And tomorrow will be the best day of your life. Dont break this chain. If you break you will suffer. send this to &lt;#&gt; frnds in &lt;#&gt; mins whn u read...",ham,0,mishra_soni
Me too baby! I promise to treat you well! I bet you will take good care of me...,ham,0,mishra_soni
"Hey babe! I saw you came online for a second and then you disappeared, what happened ?",ham,0,mishra_soni
"I will call you later, I don't have network.",ham,0,mishra_soni
Sad story of a Man - Last week was my b'day. My Wife did'nt wish me. My Parents forgot n so did my Kids . I went to work. Even my Colleagues did not wish.,ham,0,mishra_soni
"The problem I have felt is you have the time to do it, but you choose not to.",ham,0,mishra_soni
Bbq this sat at mine from 6ish. Ur welcome 2 come,ham,0,mishra_soni
"Yeah I should be able to, I'll text you when I'm ready to meet up",ham,0,mishra_soni
"Aight no rush, I'll ask jay",ham,0,mishra_soni
No. Did you multimedia message them or e-mail?,ham,0,mishra_soni
How come guoyang go n tell her? Then u told her?,ham,0,mishra_soni
Well there's still a bit left if you guys want to tonight,ham,0,mishra_soni
Will ü b going to esplanade fr home?,ham,0,mishra_soni
"Keep ur problems in ur heart, b'coz nobody will fight for u. Only u &amp; u have to fight for ur self &amp; win the battle. -VIVEKANAND- G 9t.. SD",ham,0,mishra_soni
Wat time ü finish?,ham,0,mishra_soni
Am in gobi arts college,ham,0,mishra_soni
K.k:)i'm going to tirunelvali this week to see my uncle ..i already spend the amount by taking dress .so only i want money.i will give it on feb 1,ham,0,mishra_soni
"Nt only for driving even for many reasons she is called BBD..thts it chikku, then hw abt dvg cold..heard tht vinobanagar violence hw is the condition..and hw ru ? Any problem?",ham,0,mishra_soni
I will come tomorrow di,ham,0,mishra_soni
What u talking bout early morning? It's almost noon where your at!,ham,0,mishra_soni
Then wat r u doing now? Busy wif work?,ham,0,mishra_soni
Hai priya are you right. What doctor said pa. Where are you.,ham,0,mishra_soni
IMPORTANT MESSAGE. This is a final contact attempt. You have important messages waiting out our customer claims dept. Expires 13/4/04. Call 08717507382 NOW!,smishing,1,mishra_soni
Boooo you always work. Just quit.,ham,0,mishra_soni
Tell me pa. How is pain de.,ham,0,mishra_soni
"I am in tirupur da, once you started from office call me.",ham,0,mishra_soni
"I've got ten bucks, jay is being noncomittal",ham,0,mishra_soni
1Apple/Day=No Doctor. 1Tulsi Leaf/Day=No Cancer. 1Lemon/Day=No Fat. 1Cup Milk/day=No Bone Problms 3 Litres Watr/Day=No Diseases Snd ths 2 Whom U Care..:-),ham,0,mishra_soni
Tomarrow i want to got to court. At &lt;DECIMAL&gt; . So you come to bus stand at 9.,ham,0,mishra_soni
I got a call from a landline number. . . I am asked to come to malviya nagar. . . I will go in the evening,ham,0,mishra_soni
I'm expressing my gratitude brother. I promise i wont take your help for granted. You have been helping at all times.,ham,0,mishra_soni
you'hv completed a transaction for AUD 788.93 on 06/02/17 03-27-31 pm. Please follow the link if it is not done by you http://commbank.netban,smishing,1,mishra_soni
How are you with moneY...as in to you...money aint a thing....how are you sha!,ham,0,mishra_soni
I WILL CAL YOU SIR. In meeting,ham,0,mishra_soni
"Isn't frnd a necesity in life? imagine urself witout a frnd.. hw'd u feel at ur colleg? wat'll u do wth ur cell? wat abt functions? thnk abt events espe'll cared, missed &amp; irritated u? 4wrd it to all those dear-loving frnds wthout whom u cant live.. I jst did it.. Takecare..:) GOODMORNING",ham,0,mishra_soni
IMPORTANT INFORMATION 4 ORANGE USER 0796XXXXXX. TODAY IS UR LUCKY DAY!2 FIND OUT WHY LOG ONTO http://www.urawinner.com THERE'S A FANTASTIC PRIZEAWAITING YOU!,smishing,1,mishra_soni
"Urgent! call 09066350750 from your landline. Your complimentary 4* Ibiza Holiday or 10,000 cash await collection SAE T&Cs PO BOX 434 SK3 8WP 150 ppm 18+",smishing,1,mishra_soni
"Todays Vodafone numbers ending 8023 are selected to receive a Rs.2,00,000 award. If you have a match please call 8927307655 quoting claim code 6001 standard rates apply",smishing,1,mishra_soni
Glad to see your reply.,ham,0,mishra_soni
"Hello, my love ! How went your day ? Are you alright ? I think of you, my sweet and send a jolt to your heart to remind you ... I LOVE YOU! Can you hear it ? I screamed it across the sea for all the world to hear. Ahmad al Hallaq is loved ! and owned ! *possessive passionate kiss*",ham,0,mishra_soni
"Dear,shall mail tonite.busy in the street,shall update you tonite.things are looking ok.varunnathu edukkukayee raksha ollu.but a good one in real sense.",ham,0,mishra_soni
*deep sigh* ... I miss you :-( ... I am really surprised you haven't gone to the net cafe yet to get to me ... Don't you miss me?,ham,0,mishra_soni
My sister cleared two round in birla soft yesterday.,ham,0,mishra_soni
Urgent! Please call 09061743810 from landline. Your ABTA complimentary 4* Tenerife Holiday or #5000 cash await collection SAE T&Cs Box 326 CW25WX 150 ppm,smishing,1,mishra_soni
Its not that time of the month nor mid of the time?,ham,0,mishra_soni
For taking part in our mobile survey yesterday! You can now have 500 texts 2 use however you wish. 2 get txts just send TXT to 80160 T&C www.txt43.com 1.50p,smishing,1,mishra_soni
What is your record for one night? :),ham,0,mishra_soni
My exam is for february 4. Wish you a great day.,ham,0,mishra_soni
How are you holding up?,ham,0,mishra_soni
"I know where the &lt;#&gt; is, I'll be there around 5",ham,0,mishra_soni
"Sorry, I don t knw",ham,0,mishra_soni
Yes i have. So that's why u texted. Pshew...missing you so much,ham,0,mishra_soni
I got lousy sleep. I kept waking up every 2 hours to see if my cat wanted to come in. I worry about him when its cold :(,ham,0,mishra_soni
Then dun wear jeans lor...,ham,0,mishra_soni
When are you going to ride your bike?,ham,0,mishra_soni
Now get step 2 outta the way. Congrats again.,ham,0,mishra_soni
I am great! How are you?,ham,0,mishra_soni
And is there a way you can send shade's stuff to her. And she has been wonderful too.,ham,0,mishra_soni
PRIVATE! Your 2003 Account Statement for shows 800 un-redeemed S. I. M. points. Call 08715203694 Identifier Code: 40533 Expires 31/10/04,smishing,1,mishra_soni
"Nah it's straight, if you can just bring bud or drinks or something that's actually a little more useful than straight cash",ham,0,mishra_soni
How much did ur hdd casing cost.,ham,0,mishra_soni
Huh so fast... Dat means u havent finished painting?,ham,0,mishra_soni
I am in escape theatre now. . Going to watch KAVALAN in a few minutes,ham,0,mishra_soni
"I got arrested for possession at, I shit you not, &lt;TIME&gt; pm",ham,0,mishra_soni
Ma head dey swell oh. Thanks for making my day,ham,0,mishra_soni
Macha dont feel upset.i can assume your mindset.believe me one evening with me and i have some wonderful plans for both of us.LET LIFE BEGIN AGAIN.call me anytime,ham,0,mishra_soni
Was the actual exam harder than NBME,ham,0,mishra_soni
And stop being an old man. You get to build snowman snow angels and snowball fights.,ham,0,mishra_soni
Ok. How many should i buy.,ham,0,mishra_soni
"Sad story of a Man - Last week was my b'day. My Wife did'nt wish me. My Parents forgot n so did my Kids . I went to work. Even my Colleagues did not wish. As I entered my cabin my PA said, '' Happy B'day Boss !!''. I felt special.",ham,0,mishra_soni
Yes its possible but dint try. Pls dont tell to any one k,ham,0,mishra_soni
"G says you never answer your texts, confirm/deny",ham,0,mishra_soni
200 FREE minutes to any mobile + 100 FREE text + FREE camcorder Reply or Call 8000930705,smishing,1,mishra_soni
"Hi frnd, which is best way to avoid missunderstding wit our beloved one's?",ham,0,mishra_soni
You call times job today ok umma and ask them to speed up,ham,0,mishra_soni
Shall i come to get pickle,ham,0,mishra_soni
U gd lor go shopping i got stuff to do. U wan 2 watch infernal affairs a not? Come lar...,ham,0,mishra_soni
"Okies... I'll go yan jiu too... We can skip ard oso, go cine den go mrt one, blah blah blah...",ham,0,mishra_soni
PRIVATE! Your 2003 Account Statement for shows 800 un-redeemed S. I. M. points. Call 08715203652 Identifier Code: 42810 Expires 29/10/0,smishing,1,mishra_soni
Too late. I said i have the website. I didn't i have or dont have the slippers,ham,0,mishra_soni
That's my honeymoon outfit. :),ham,0,mishra_soni
"at Customer place, i wil cal u sir.",ham,0,mishra_soni
Message from . I am at Truro Hospital on ext. You can phone me here. as I have a phone by my side,ham,0,mishra_soni
Why must we sit around and wait for summer days to celebrate. Such a magical sight when the worlds dressed in white. Oooooh let there be snow.,ham,0,mishra_soni
Good evening! How are you?,ham,0,mishra_soni
I‘ll have a look at the frying pan in case it‘s cheap or a book perhaps. No that‘s silly a frying pan isn‘t likely to be a book,ham,0,mishra_soni
I dont want to hear philosophy. Just say what happen,ham,0,mishra_soni
Yup i'm elaborating on the safety aspects and some other issues..,ham,0,mishra_soni
"So many people seems to be special at first sight, But only very few will remain special to you till your last sight.. Maintain them till life ends.. take Care",ham,0,mishra_soni
"chile, please! It's only a &lt;DECIMAL&gt; hour drive for me. I come down all the time and will be subletting feb-april for audition season.",ham,0,mishra_soni
Howz that persons story..have u read that?,ham,0,mishra_soni
Am on a train back from northampton so i'm afraid not!,ham,0,mishra_soni
I'm on the bus. Love you,ham,0,mishra_soni
K.k.this month kotees birthday know?,ham,0,mishra_soni
If you have belive me. Come to my home.,ham,0,mishra_soni
All will come alive.better correct any good looking figure there itself..,ham,0,mishra_soni
K...k...yesterday i was in cbe .,ham,0,mishra_soni
GRAN ONLYFOUND OUT AFEW DAYS AGO.CUSOON HONI,ham,0,mishra_soni
Yesterday its with me only . Now am going home.,ham,0,mishra_soni
Hey are you angry with me. Reply me dr.,ham,0,mishra_soni
"Babe ! How goes that day ? What are you doing ? Where are you ? I sip my cappuccino and think of you, my love ... I send a kiss to you from across the sea",ham,0,mishra_soni
"Sez, hows u & de arab boy? Hope u r all good give my love 2 evry1 love ya eshxxxxxxxxxxx",ham,0,mishra_soni
Yar... I tot u knew dis would happen long ago already.,ham,0,mishra_soni
Haven't received,ham,0,mishra_soni
Do u knw dis no. &lt;#&gt; ?,ham,0,mishra_soni
We have pizza if u want,ham,0,mishra_soni
great loxahatchee xmas tree burning update: you can totally see stars here,ham,0,mishra_soni
That sucks. So what do you got planned for your yo valentine? I am your yo valentine aren't I?,ham,0,mishra_soni
Take care and sleep well.you need to learn to change in life.you only need to get CONVINCED on that.i will wait but no more conversations between us.GET CONVINCED by that time.Your family is over for you in many senses.respect them but not overemphasise.or u have no role in my life.,ham,0,mishra_soni
Ah poop. Looks like ill prob have to send in my laptop to get fixed cuz it has a gpu problem,ham,0,mishra_soni
Sorry that was my uncle. I.ll keep in touch,ham,0,mishra_soni
Call FREEPHONE 0800 542 0578 now!,smishing,1,mishra_soni
"Poyyarikatur,kolathupalayam,unjalur post,erode dis, &lt;#&gt; .",ham,0,mishra_soni
Ok. I.ll do you right later.,ham,0,mishra_soni
"Dear, I am waiting for your call I will be busy later on..",ham,0,mishra_soni
Are you this much buzy AS YOU SHOW,ham,0,mishra_soni
What year. And how many miles.,ham,0,mishra_soni
I said its okay. Sorry,ham,0,mishra_soni
How. Its a little difficult but its a simple way to enter this place,ham,0,mishra_soni
Cant think of anyone with * spare room off * top of my head,ham,0,mishra_soni
Dunno he jus say go lido. Same time 930.,ham,0,mishra_soni
Can't take any major roles in community outreach. You rock mel,ham,0,mishra_soni
I am back. Good journey! Let me know if you need any of the receipts. Shall i tell you like the pendent?,ham,0,mishra_soni
I am not having her number sir,ham,0,mishra_soni
Thanks for understanding. I've been trying to tell sura that.,ham,0,mishra_soni
Well keep in mind I've only got enough gas for one more round trip barring a sudden influx of cash,ham,0,mishra_soni
Come to mahal bus stop.. &lt;DECIMAL&gt;,ham,0,mishra_soni
"Have a lovely night and when you wake up to see this message, i hope you smile knowing all is as should be. Have a great morning",ham,0,mishra_soni
Ok. Every night take a warm bath drink a cup of milk and you'll see a work of magic. You still need to loose weight. Just so that you know,ham,0,mishra_soni
"Tonight? Yeah, I'd be down for that",ham,0,mishra_soni
Doesn't g have class early tomorrow and thus shouldn't be trying to smoke at &lt;#&gt;,ham,0,mishra_soni
K..k..any special today?,ham,0,mishra_soni
Text & meet someone sexy today. U can find a date or even flirt its up to U. Join 4 just 10p. REPLY with NAME & AGE eg Sam 25. 18 -msg recd@thirtyeight pence,smishing,1,mishra_soni
"Aight, let me know when you're gonna be around usf",ham,0,mishra_soni
Got c... I lazy to type... I forgot U in lect... I saw a pouch but like not v nice...,ham,0,mishra_soni
Hiya. How was last night? I've been naughty and bought myself clothes and very little ... Ready for more shopping tho! What kind of time do you wanna meet?,ham,0,mishra_soni
Eatin my lunch...,ham,0,mishra_soni
Eh u send wrongly lar...,ham,0,mishra_soni
"Not really dude, have no friends i'm afraid :(",ham,0,mishra_soni
XMAS REWARD IS WAITING FOR YOU! Our computer has randomly picked you from our loyal mobile customers to receive a £400 reward. Just call 09066380644,smishing,1,mishra_soni
Hi juan. Im coming home on fri hey. Of course i expect a welcome party and lots of presents. Ill phone u when i get back. Loads of love nicky x x x x x x x x x,ham,0,mishra_soni
"By the way, make sure u get train to worc foregate street not shrub hill. Have fun night x",ham,0,mishra_soni
"Awesome, be there in a minute",ham,0,mishra_soni
So i could kiss and feel you next to me...,ham,0,mishra_soni
"Yeah, we got one lined up for us",ham,0,mishra_soni
Pls ask macho how much is budget for bb bold 2 is cos i saw a new one for &lt;#&gt; dollars.,ham,0,mishra_soni
Ok.. Ü finishing soon?,ham,0,mishra_soni
"Cool, what time you think you can get here?",ham,0,mishra_soni
"A boy was late 2 home. His father: ""WELCOME""",ham,0,mishra_soni
"Good afternoon on this glorious anniversary day, my sweet J !! I hope this finds you happy and content, my Prey. I think of you and send a teasing kiss from across the sea coaxing images of fond souveniers ... You Cougar-Pen",ham,0,mishra_soni
"K, wat s tht incident?",ham,0,mishra_soni
I am busy on Sunday as I HAVE A DATE ON SUNDAY WITH LITCI!!,ham,0,mishra_soni
74355 XMAS iscoming & ur awarded either £500 CD gift vouchers & free entry 2 r £100 weekly draw txt MUSIC to 87066 TnC,smishing,1,mishra_soni
Who u talking about?,ham,0,mishra_soni
Ya that one is slow as poo,ham,0,mishra_soni
"Don't worry, * is easy once have ingredients!",ham,0,mishra_soni
He also knows about lunch menu only da. . I know,ham,0,mishra_soni
"House-Maid is the murderer, because the man was murdered on 26th January.. As public holiday all govt.instituitions are closed,including post office..",ham,0,mishra_soni
"I don't think I can get away for a trek that long with family in town, sorry",ham,0,mishra_soni
Mind blastin.. No more Tsunamis will occur from now on.. Rajnikant stopped swimming in Indian Ocean..:-D,ham,0,mishra_soni
CERI U REBEL! SWEET DREAMZ ME LITTLE BUDDY!! C YA 2MORO! WHO NEEDS BLOKES,ham,0,mishra_soni
"I'm in a meeting, call me later at evening",ham,0,mishra_soni
Amazing : If you rearrange these letters it gives the same meaning... Dormitory = Dirty room Astronomer = Moon starer The eyes = They see Election results = Lies lets recount Mother-in-law = Woman Hitler Eleven plus two =Twelve plus one Its Amazing... !:-),ham,0,mishra_soni
Oh ya ya. I remember da. .,ham,0,mishra_soni
"Dear V0DAF0NE Customer,You are a 5,00,000 winner of Guaranteed Caller Prize, this is our Final attempt to contact you! To Claim Call 6299257179 Now!",smishing,1,mishra_soni
He needs to stop going to bed and make with the dealing,ham,0,mishra_soni
I thank you so much for all you do with selflessness. I love you plenty.,ham,0,mishra_soni
"Coffee cake, i guess...",ham,0,mishra_soni
From here after The performance award is calculated every two month.not for current one month period..,ham,0,mishra_soni
Ok no prob. Take ur time.,ham,0,mishra_soni
Hi Petey!noi’m ok just wanted 2 chat coz avent spoken 2 u 4 a long time-hope ur doin alrite.have good nit at js love ya am.x,ham,0,mishra_soni
U r too much close to my heart. If u go away i will be shattered. Plz stay with me.,ham,0,mishra_soni
Fine. Do you remember me.,ham,0,mishra_soni
Your account has been credited with 500 FREE Text Messages. To activate call 08718738034,smishing,1,mishra_soni
"I shall book chez jules for half eight, if that's ok with you?",ham,0,mishra_soni
Im just wondering what your doing right now?,ham,0,mishra_soni
Or just do that 6times,ham,0,mishra_soni
Ok ok take care. I can understand.,ham,0,mishra_soni
O we cant see if we can join denis and mina? Or does denis want alone time,ham,0,mishra_soni
"No dice, art class 6 thru 9 :( thanks though. Any idea what time I should come tomorrow?",ham,0,mishra_soni
You intrepid duo you! Have a great time and see you both soon.,ham,0,mishra_soni
"Best line said in Love: . ""I will wait till the day I can forget u Or The day u realize that u cannot forget me.""... Gn",ham,0,mishra_soni
Ya even those cookies have jelly on them,ham,0,mishra_soni
"Short But Cute: ""Be a good person, but dont try to prove it.."" .Good morning",ham,0,mishra_soni
I'm going for bath will msg you next &lt;#&gt; min..,ham,0,mishra_soni
"Nationwide has noticed your debit card was recently used on 22-10-2016 15:04:43, at APPLE ONLINE STORE FOR 1500.00 GBP. If not you please urgently call fraud prevention on 03303800231 or intl +443303800231. Do not reply by sms http://ww.Nationwide.co.uk/",smishing,1,mishra_soni
picking them up from various points,ham,0,mishra_soni
Is that on the telly? No its Brdget Jones!,ham,0,mishra_soni
"Some friends want me to drive em someplace, probably take a while",ham,0,mishra_soni
Where @,ham,0,mishra_soni
Am i that much bad to avoid like this?,ham,0,mishra_soni
Waaaat?? Lololo ok next time then!,ham,0,mishra_soni
You call him now ok i said call him,ham,0,mishra_soni
Dear Customer your pyatm wallet Has been booked and hold Your amount please complete your kyc contact customer care 8927307655,smishing,1,mishra_soni
I thk 530 lor. But dunno can get tickets a not. Wat u doing now?,ham,0,mishra_soni
"Storming msg: Wen u lift d phne, u say ""HELLO"" Do u knw wt is d real meaning of HELLO?? . . . It's d name of a girl..! . . . Yes.. And u knw who is dat girl?? ""Margaret Hello"" She is d girlfrnd f Grahmbell who invnted telphone... . . . G o o d n i g h t . . .@",ham,0,mishra_soni
He's an adult and would learn from the experience. There's no real danger. I just dont like peeps using drugs they dont need. But no comment,ham,0,mishra_soni
I told your number to gautham..,ham,0,mishra_soni
Small problem in auction:)punj now asking tiwary,ham,0,mishra_soni
All e best 4 ur exam later.,ham,0,mishra_soni
WE WILL HOLD YOUR PAYTM AMOUNT AFTER SOMETIME COMPLETE YOUR PAYTM KYC PAYTM OFFICE PH 8536074310,smishing,1,mishra_soni
"As I entered my cabin my PA said, '' Happy B'day Boss !!''. I felt special. She askd me 4 lunch. After lunch she invited me to her apartment. We went there.",ham,0,mishra_soni
"Honeybee Said: *I'm d Sweetest in d World* God Laughed AND Said: *Wait,U Havnt Met d Person Reading This Msg*",ham,0,mishra_soni
No i'm not gonna be able to. || too late notice. || i'll be home in a few weeks anyway. || what are the plans,ham,0,mishra_soni
"I am .. On the snowboarding trip. I was wondering if your planning to get everyone together befor we go..a meet and greet kind of affair? Cheers,",ham,0,mishra_soni
Aiyo a bit pai seh ü noe... Scared he dun rem who i am then die... Hee... But he become better lookin oredi leh...,ham,0,mishra_soni
Did u turn on the heater? The heater was on and set to &lt;#&gt; degrees.,ham,0,mishra_soni
Please attend the phone:),ham,0,mishra_soni
Ok but knackered. Just came home and went to sleep! Not good at this full time work lark.,ham,0,mishra_soni
"I HAVE A DATE ON SUNDAY WITH WILL, Hope U understand!!",ham,0,mishra_soni
"… we r stayin here an extra week, back next wed. How did we do in the rugby this weekend? Hi to and and , c u soon """,ham,0,mishra_soni
If you don't respond imma assume you're still asleep and imma start calling n shit,ham,0,mishra_soni
Oh... Kay... On sat right?,ham,0,mishra_soni
"Oops, I'll let you know when my roommate's done",ham,0,mishra_soni
"Its good, we'll find a way",ham,0,mishra_soni
Hi. || Do u want | to join me with sts later? || Meeting them at five. || Call u after class.,ham,0,mishra_soni
Have you emigrated or something? Ok maybe 5.30 was a bit hopeful...,ham,0,mishra_soni
Yo you around? A friend of mine's lookin to pick up later tonight,ham,0,mishra_soni
i felt so...not any conveying reason.. Ese he... What about me?,ham,0,mishra_soni
Gr8. So how do you handle the victoria island traffic. Plus when's the album due,ham,0,mishra_soni
Me n him so funny...,ham,0,mishra_soni
Yes watching footie but worried we're going to blow it - Phil Neville?,ham,0,mishra_soni
"URGENT. Important information for 02 user. Today is your lucky day! 2 find out why , log onto http://www.urawinner.com there is a fantastic surprise awaiting you !",smishing,1,mishra_soni
"Cool, text me when you head out",ham,0,mishra_soni
No da..today also i forgot..,ham,0,mishra_soni
Huh so early.. Then ü having dinner outside izzit?,ham,0,mishra_soni
"Yeah work is fine, started last week, all the same stuff as before, dull but easy and guys are fun!",ham,0,mishra_soni
"My planning usually stops at ""find hella weed, smoke hella weed""",ham,0,mishra_soni
Just forced myself to eat a slice. I'm really not hungry tho. This sucks. Mark is getting worried. He knows I'm sick when I turn down pizza. Lol,ham,0,mishra_soni
Your dad is back in ph?,ham,0,mishra_soni
somewhere out there beneath the pale moon light someone think in of u some where out there where dreams come true... goodnite &amp; sweet dreams,ham,0,mishra_soni
"Yetunde, i'm sorry but moji and i seem too busy to be able to go shopping. Can you just please find some other way to get what you wanted us to get. Please forgive me. You can reply free via yahoo messenger.",ham,0,mishra_soni
Hi! You just spoke to TANUSHA. We'd like to know if you were satisfied with the experience. Reply Toll Free with Yes or No.,ham,0,mishra_soni
U 2.,ham,0,mishra_soni
"Sorry man, accidentally left my phone on silent last night and didn't check it til I got up",ham,0,mishra_soni
Don't fret. I'll buy the ovulation test strips and send them to you. You wont get them til like march. Can you send me your postal address.u'll be alright.Okay.,ham,0,mishra_soni
"Yes..but they said its IT.,",ham,0,mishra_soni
Anytime...,ham,0,mishra_soni
"Aight that'll work, thanks",ham,0,mishra_soni
Eh u remember how 2 spell his name... Yes i did. He have been naughty until I have met him.,ham,0,mishra_soni
either way works for me. I am &lt;#&gt; years old. Hope that doesnt bother you.,ham,0,mishra_soni
I want kfc its Tuesday. Only buy 2 meals ONLY 2. No gravy. Only 2 Mark. 2!,ham,0,mishra_soni
I'm at bruce &amp; fowler now but I'm in my mom's car so I can't park (long story),ham,0,mishra_soni
Never try alone to take the weight of a tear that comes out of ur heart and falls through ur eyes... Always remember a STUPID FRIEND is here to share... BSLVYL,ham,0,mishra_soni
Can not use foreign stamps in this country.,ham,0,mishra_soni
Try neva mate!!,ham,0,mishra_soni
"Ok thats cool. Its , just off either raglan rd or edward rd. Behind the cricket ground. Gimme ring when ur closeby see you tuesday.",ham,0,mishra_soni
I am sorry...I am not having her number sir,ham,0,mishra_soni
Don't make life too stressfull.. Always find time to Laugh.. It may not add years to your Life! But surely adds more life to ur years!! Gud ni8..swt dreams..,ham,0,mishra_soni
Collect your VALENTINE'S weekend to PARIS inc Flight & Hotel + £200 Prize guaranteed! Text: PARIS to No: 69101. www.rtf.sphosting.com,smishing,1,mishra_soni
"URGENT! Last weekend's draw shows that you have won £1000 cash or a Spanish holiday! CALL NOW 09050000332 to claim. T&C: RSTM, SW7 3SS. 150ppm",smishing,1,mishra_soni
"Lol, oh you got a friend for the dog ?",ham,0,mishra_soni
"Thanks for your Ringtone Order, Reference T91. You will be charged GBP 4 per week. You can unsubscribe at anytime by calling customer services on 09057039994",smishing,1,mishra_soni
Yup... From what i remb... I think should be can book...,ham,0,mishra_soni
We are both fine. Thanks,ham,0,mishra_soni
Pls call me da. What happen.,ham,0,mishra_soni
The battery is for mr adewale my uncle. Aka Egbon,ham,0,mishra_soni
Up to ü... Ü wan come then come lor... But i din c any stripes skirt...,ham,0,mishra_soni
Got it. Seventeen pounds for seven hundred ml – hope ok.,ham,0,mishra_soni
Thank god they are in bed!,ham,0,mishra_soni
My love ! How come it took you so long to leave for Zaher's? I got your words on ym and was happy to see them but was sad you had left. I miss you,ham,0,mishra_soni
How i noe... She's in da car now... Later then c lar... I'm wearing shorts...,ham,0,mishra_soni
"CAN I PLEASE COME UP NOW IMIN TOWN.DONTMATTER IF URGOIN OUTL8R,JUST REALLYNEED 2DOCD.PLEASE DONTPLEASE DONTIGNORE MYCALLS,U NO THECD ISV.IMPORTANT TOME 4 2MORO",ham,0,mishra_soni
Don no da:)whats you plan?,ham,0,mishra_soni
I accidentally brought em home in the box,ham,0,mishra_soni
Okay name ur price as long as its legal! Wen can I pick them up? Y u ave x ams xx,ham,0,mishra_soni
Someone who came in contact with you tested positive or has shown symptoms for COVID-19 & recommends you self-isolate/get tested. More at COVID-19 anon.com/alert,smishing,1,mishra_soni
But you were together so you should be thinkin about him,ham,0,mishra_soni
Dear (paytm)customer your paytm KYC has been suspended PAY-TM office PH 7044518857 Your Paytm A/C will block within 24hr Thank you.,smishing,1,mishra_soni
Even u dont get in trouble while convincing..just tel him once or twice and just tel neglect his msgs dont c and read it..just dont reply,ham,0,mishra_soni
Didn't you get hep b immunisation in nigeria.,ham,0,mishra_soni
Ultimately tor motive tui achieve korli.,ham,0,mishra_soni
CHEERS LOU! YEAH WAS A GOODNITE SHAME U NEVA CAME! C YA GAILxx,ham,0,mishra_soni
You have been specially selected to receive a 2000 pound award! Call 08712402050 BEFORE the lines close. Cost 10ppm. 16+. T&Cs apply. AG Promo,smishing,1,mishra_soni
You see the requirements please,ham,0,mishra_soni
U buy newspapers already?,ham,0,mishra_soni
Who's there say hi to our drugdealer,ham,0,mishra_soni
Just got outta class gonna go gym.,ham,0,mishra_soni
Don know. I did't msg him recently.,ham,0,mishra_soni
Lol your always so convincing.,ham,0,mishra_soni
"Call me when you/carlos is/are here, my phone's vibrate is acting up and I might not hear texts",ham,0,mishra_soni
Leaving to qatar tonite in search of an opportunity.all went fast.pls add me in ur prayers dear.Rakhesh,ham,0,mishra_soni
"K will do, addie &amp; I are doing some art so I'll be here when you get home",ham,0,mishra_soni
"HEY THERE BABE, HOW U DOIN? WOT U UP 2 2NITE LOVE ANNIE X.",ham,0,mishra_soni
"who is the murderer, coz the man was murdered on 26th January.. As public holiday",ham,0,mishra_soni
"Mmmmmm ... I love you,so much, Ahmad ... I can't wait for this year to begin as every second takes me closer to being at your side. Happy New Year, my love!!",ham,0,mishra_soni
"Awesome, that gonna be soon or later tonight?",ham,0,mishra_soni
So no messages. Had food?,ham,0,mishra_soni
Nice.nice.how is it working? Tell me once u r done,ham,0,mishra_soni
Hey i will be late... i'm at amk. Need to drink tea or coffee,ham,0,mishra_soni
Don know..he is watching film in computer..,ham,0,mishra_soni
You got called a tool?,ham,0,mishra_soni
Where is that one day training:-),ham,0,mishra_soni
K I'll be sure to get up before noon and see what's what,ham,0,mishra_soni
Honestly i've just made a lovely cup of tea and promptly dropped my keys in it and then burnt my fingers getting them out!,ham,0,mishra_soni
Its sunny in california. The weather's just cool,ham,0,mishra_soni
You are a winner you have been specially selected to receive £1000 cash or a £2000 award. Speak to a live operator to claim call 087147123779am-7pm. Cost 10p,smishing,1,mishra_soni
"Hi Chikku, send some nice msgs",ham,0,mishra_soni
"Total disappointment, when I texted you was the craziest shit got :(",ham,0,mishra_soni
"Whenevr ur sad, Whenevr ur gray, Remembr im here 2 listn 2 watevr u wanna say, Jus walk wid me a little while,&amp; I promise I'll bring back ur smile.:-)",ham,0,mishra_soni
"Nothing much, chillin at home. Any super bowl plan?",ham,0,mishra_soni
Ah you see. You have to be in the lingo. I will let you know wot on earth it is when has finished making it!,ham,0,mishra_soni
Right it wasnt you who phoned it was someone with a number like yours!,ham,0,mishra_soni
We tried to contact you re your reply to our offer of a Video Handset? 750 anytime any networks mi? Reply or call 08000930705 NOW,smishing,1,mishra_soni
"I haven't forgotten you, i might have a couple bucks to send you tomorrow, k? I love ya too",ham,0,mishra_soni
U really pig leh sleep so much. My dad wake me up at 10 smth 2 eat lunch today.,ham,0,mishra_soni
"Aight, lemme know what's up",ham,0,mishra_soni
Do ü noe if ben is going?,ham,0,mishra_soni
No problem baby. Is this is a good time to talk? I called and left a message.,ham,0,mishra_soni
Great! How is the office today?,ham,0,mishra_soni
I don t want to talk with u don t call me..,ham,0,mishra_soni
Not getting anywhere with this damn job hunting over here!,ham,0,mishra_soni
"Congratulations!!! You are Due for a COVID-19 Grant, To Redeem,Contact us Via Email: covid19grant@cokegrant.com",smishing,1,mishra_soni
"Just sent you an email – to an address with incomm in it, is that right?",ham,0,mishra_soni
Yes.. now only saw your message..,ham,0,mishra_soni
Bring home some Wendy =D,ham,0,mishra_soni
Oh ic. I thought you meant mary jane.,ham,0,mishra_soni
Really dun bluff me leh... U sleep early too. Nite...,ham,0,mishra_soni
Remember on that day..,ham,0,mishra_soni
"Collect 100 points& get 14,500 Pokecoins for Pokemon Gol"" by clicking this link now http://goo.gle/xxxx",smishing,1,mishra_soni
Hmm...my uncle just informed me that he's paying the school directly. So pls buy food.,ham,0,mishra_soni
"Oh yes, why is it like torture watching england?",ham,0,mishra_soni
"I'll see, but prolly yeah",ham,0,mishra_soni
Aah bless! How's your arm?,ham,0,mishra_soni
"Sorry, I'll call later..hav eto go..",ham,0,mishra_soni
Happy New year my dear brother. I really do miss you. Just got your number and decided to send you this text wishing you only happiness. Abiola,ham,0,mishra_soni
I see the letter B on my car,ham,0,mishra_soni
PRIVATE! Your 2004 Account Statement for 078498****7 shows 786 unredeemed Bonus Points. To claim call 08719180219 Identifier Code: 45239 Expires 06.05.05,smishing,1,mishra_soni
Just re read it and I have no shame but tell me how he takes it and if he runs I will blame u 4 ever!! Not really 4 ever just a long time,ham,0,mishra_soni
"I get out of class in bsn in like &lt;#&gt; minutes, you know where advising is?",ham,0,mishra_soni
"Watching cartoon, listening music &amp; at eve had to go temple &amp; church.. What about u?",ham,0,mishra_soni
"Not for possession, especially not first offense",ham,0,mishra_soni
Urgent Ur £500 guaranteed award is still unclaimed! Call 09066368327 NOW closingdate04/09/02 claimcode M39M51 £1.50pmmorefrommobile2Bremoved-MobyPOBox734LS27YF,smishing,1,mishra_soni
"You have won ?1,000 cash or a ?2,000 prize! To claim, call09050000327. T&C: RSTM, SW7 3SS. 150ppm",smishing,1,mishra_soni
K...k:)why cant you come here and search job:) .that sounds better...,ham,0,mishra_soni
THING R GOOD THANX GOT EXAMS IN MARCH IVE DONE NO REVISION? IS FRAN STILL WITH BOYF? IVE GOTTA INTERVIW 4 EXETER BIT WORRIED!x,ham,0,mishra_soni
Yup i thk so until e shop closes lor.,ham,0,mishra_soni
You are a winner U have been specially selected 2 receive £1000 cash or a 4* holiday (flights inc) speak to a live operator 2 claim 0871277810810,smishing,1,mishra_soni
I can't make it tonight,ham,0,mishra_soni
Why i come in between you people,ham,0,mishra_soni
"Fighting with the world is easy, YOU either win or lose BUTt fightng with someONE who is close to u is dificult BECAUSE if u lose, u lose AND if u win, u still lose.",ham,0,mishra_soni
K come to nordstrom when you're done,ham,0,mishra_soni
I'm wif him now buying tix lar...,ham,0,mishra_soni
Hi:)did you asked to waheeda fathima about leave?,ham,0,mishra_soni
"Rose for red,red for blood,blood for heart,heart for u. But u for me.... Send tis to all ur friends.. Including me.. If u like me.. If u get back, 1-u r poor in relation! 2-u need some 1 to support 3-u r frnd 2 many 4-some1 luvs u 5+- some1 is praying god to marry u.:-) try it....",ham,0,mishra_soni
"Ok omw now, you at castor?",ham,0,mishra_soni
Wrong phone! This phone! I answer this one but assume the other is people i don't well,ham,0,mishra_soni
Ic. There are a lotta childporn cars then.,ham,0,mishra_soni
"I sent my scores to sophas and i had to do secondary application for a few schools. I think if you are thinking of applying, do a research on cost also. Contact joke ogunrinde, her school is one me the less expensive ones",ham,0,mishra_soni
Congratulations - in this week's competition draw u have won the 1450 prize to claim just call 09050002312 . T&Cs/stop SMS 08718727868.,smishing,1,mishra_soni
Happy birthday... Be happy ..keep smiling...,ham,0,mishra_soni
When're you guys getting back? G said you were thinking about not staying for mcr,ham,0,mishra_soni
"As a valued customer, I am pleased to advise you that following recent review of your Mobile No. you are awarded with a Rs.5,00,000 Bonus Prize, call 8536074310",smishing,1,mishra_soni
No i am not having not any movies in my laptop,ham,0,mishra_soni
Okie great!!,ham,0,mishra_soni
Hello my little party animal! I just thought I'd buzz you as you were with your friends ...*grins*... Reminding you were loved and send a naughty adoring kiss,ham,0,mishra_soni
"You'd laugh, delete the tag and keep going. All the best for your future.",ham,0,mishra_soni
Shb b ok lor... Thanx...,ham,0,mishra_soni
Serious? What like proper tongued her,ham,0,mishra_soni
Cab is available.they pick up and drop at door steps.,ham,0,mishra_soni
Dunno lei ü all decide lor. How abt leona? Oops i tot ben is going n i msg him.,ham,0,mishra_soni
Oh dang! I didn't mean o send that to you! Lol!,ham,0,mishra_soni
Dunno i juz askin cos i got a card got 20% off 4 a salon called hair sense so i tot it's da one ü cut ur hair.,ham,0,mishra_soni
How much would it cost to hire a hitman,ham,0,mishra_soni
"Party's at my place at usf, no charge (but if you can contribute in any way it is greatly appreciated) and yeah, we got room for one more",ham,0,mishra_soni
Wa... U so efficient... Gee... Thanx...,ham,0,mishra_soni
Ü got wat to buy tell us then ü no need to come in again.,ham,0,mishra_soni
56 w jetton ave if you forgot,ham,0,mishra_soni
I'm still pretty weak today .. Bad day ?,ham,0,mishra_soni
Prabha..i'm soryda..realy..frm heart i'm sory,ham,0,mishra_soni
Hey happy birthday...,ham,0,mishra_soni
I'm leaving my house now...,ham,0,mishra_soni
"Yeah, probably but not sure. Ilol let u know, but personally I wuldnt bother, then again if ur goin to then I mite as well!!",ham,0,mishra_soni
I ain't answerin no phone at what is actually a pretty reasonable hour but I'm sleepy,ham,0,mishra_soni
I am getting threats from your sales executive Shifad as i raised complaint against him. Its an official message.,ham,0,mishra_soni
Yeah imma come over cause jay wants to do some drugs,ham,0,mishra_soni
Lol wtf random. Btw is that your lunch break,ham,0,mishra_soni
Your SAM registration has been received! Click here to complete the process http://rghst.xyz/NPHTmtb Reply STOP 2 opt out of future texts,smishing,1,mishra_soni
Mm umma ask vava also to come tell him can play later together,ham,0,mishra_soni
I wud never mind if u dont miss me or if u dont need me.. But u wil really hurt me wen u need me &amp; u dont tell me......... Take care:-),ham,0,mishra_soni
Can do lor...,ham,0,mishra_soni
Din i tell u jus now 420,ham,0,mishra_soni
There is no sense in my foot and penis.,ham,0,mishra_soni
"Better than bb. If he wont use it, his wife will or them doctor",ham,0,mishra_soni
Oh k I know that and I have been watching here,ham,0,mishra_soni
Lol now I'm after that hot air balloon!,ham,0,mishra_soni
I place all ur points on e cultures module already.,ham,0,mishra_soni
Wake me up at &lt;#&gt; am morning:),ham,0,mishra_soni
No da. . Vijay going to talk in jaya tv,ham,0,mishra_soni
WHEN THE FIRST STRIKE IS A RED ONE. THE BIRD + ANTELOPE BEGIN TOPLAY IN THE FIELDOF SELFINDEPENDENCE BELIEVE THIS + THE FLOWER OF CONTENTION WILL GROW.RANDOM!,ham,0,mishra_soni
Yes we were outside for like 2 hours. And I called my whole family to wake them up cause it started at 1 am,ham,0,mishra_soni
Went to ganesh dress shop,ham,0,mishra_soni
"Sorry man my account's dry or I would, if you want we could trade back half or I could buy some shit with my credit card",ham,0,mishra_soni
Detroit. The home of snow. Enjoy it.,ham,0,mishra_soni
"You have come into my life and brought the sun ..Shiny down on me, warming my heart. Putting a constant smile on my face ... Making me feel loved and cared for",ham,0,mishra_soni
My darling sister. How are you doing. When's school resuming. Is there a minimum wait period before you reapply? Do take care,ham,0,mishra_soni
Reckon need to be in town by eightish to walk from * carpark.,ham,0,mishra_soni
What pa tell me.. I went to bath:-),ham,0,mishra_soni
"Perhaps * is much easy give your account identification, so i will tomorrow at UNI",ham,0,mishra_soni
Lol they don't know about my awesome phone. I could click delete right now if I want.,ham,0,mishra_soni
Nooooooo I'm gonna be bored to death all day. Cable and internet outage.,ham,0,mishra_soni
You have won a Nokia 7250i. To take part send Nokia to 86021 now. HG/Suite342/2Lands Row/W1JHL 16+,smishing,1,mishra_soni
Wat makes u thk i'll fall down. But actually i thk i'm quite prone 2 falls. Lucky my dad at home i ask him come n fetch me already.,ham,0,mishra_soni
Have you been practising your curtsey?,ham,0,mishra_soni
"Yeah, that's fine! It's £6 to get in, is that ok?",ham,0,mishra_soni
Joy's father is John. Then John is the ____ of Joy's father. If u ans ths you hav &lt;#&gt; IQ. Tis s IAS question try to answer.,ham,0,mishra_soni
"Dear Voucher Holder, To claim this weeks offer, at you PC please go to http://www.e-tlp.co.uk/reward. Ts&Cs apply.",smishing,1,mishra_soni
"K, jason says he's gonna be around so I'll be up there around &lt;#&gt;",ham,0,mishra_soni
"that would be good … I'll phone you tomo lunchtime, shall I, to organise something?",ham,0,mishra_soni
Nothing spl..wat abt u and whr ru?,ham,0,mishra_soni
Hey I am really * want to chat or see me text to 08718738034,smishing,1,mishra_soni
PS U no ur a grown up now right?,ham,0,mishra_soni
"Someone U know has asked our dating service 2 contact you! Cant guess who? CALL 09058095107 NOW all will be revealed. POBox 7, S3XY 150p",smishing,1,mishra_soni
Then just eat a shit and wait for ur monkey face bitch.......... U asshole..................,ham,0,mishra_soni
+123 Congratulations - in this week's competition draw u have won the £1450 prize to claim just call 09050002311 b4280703. T&Cs/stop SMS 08718727868. Over 18 only 150ppm,smishing,1,mishra_soni
Minimum walk is 3miles a day.,ham,0,mishra_soni
Jay's getting really impatient and belligerent,ham,0,mishra_soni
So i'm doing a list of buyers.,ham,0,mishra_soni
Hahaha..use your brain dear,ham,0,mishra_soni
"Get the door, I'm here",ham,0,mishra_soni
Dis is yijue. I jus saw ur mail. In case huiming havent sent u my num. Dis is my num.,ham,0,mishra_soni
"Thank you, winner notified by sms. Good Luck! No future marketing reply STOP to 84122 customer services 08450542832",smishing,1,mishra_soni
"You are guaranteed the latest Nokia Phone, a 40GB iPod MP3 player or a £500 prize! Txt word: COLLECT to No: 83355! IBHltd LdnW15H 150p/Mtmsgrcvd18+",smishing,1,mishra_soni
Lol that's different. I don't go trying to find every real life photo you ever took.,ham,0,mishra_soni
Get down in gandhipuram and walk to cross cut road. Right side &lt;#&gt; street road and turn at first right.,ham,0,mishra_soni
Now got tv 2 watch meh? U no work today?,ham,0,mishra_soni
Why you keeping me away like this,ham,0,mishra_soni
"Wen u miss someone, the person is definitely special for u..... But if the person is so special, why to miss them, just Keep-in-touch gdeve..",ham,0,mishra_soni
Last chance 2 claim ur £150 worth of discount vouchers-Text YES to 85023 now!SavaMob-member offers mobile T Cs 08717898035. £3.00 Sub. 16 . Remove txt X or STOP,smishing,1,mishra_soni
Wishing you and your family HAPPY NEW Year ..,ham,0,mishra_soni
"Cool, want me to go to kappa or should I meet you outside mu",ham,0,mishra_soni
Well then you have a great weekend!,ham,0,mishra_soni
S:)no competition for him.,ham,0,mishra_soni
"Oh k...i'm watching here:), I know what happened",ham,0,mishra_soni
Call to the number which is available in appointment. And ask to connect the call to waheed fathima.,ham,0,mishra_soni
I'm sorry. I've joined the league of people that dont keep in touch. You mean a great deal to me. You have been a friend at all times even at great personal cost. Do have a great week.|,ham,0,mishra_soni
"Today is ""song dedicated day.."" Which song will u dedicate for me?",ham,0,mishra_soni
With my sis lor... We juz watched italian job.,ham,0,mishra_soni
All boys made fun of me today. Ok i have no problem. I just sent one message just for fun,ham,0,mishra_soni
";-( oh well, c u later",ham,0,mishra_soni
Sending you greetings of joy and happiness. Do have a gr8 evening,ham,0,mishra_soni
You still coming tonight?,ham,0,mishra_soni
"Ask g or iouri, I've told the story like ten times already",ham,0,mishra_soni
Then its most likely called Mittelschmertz. Google it. If you dont have paracetamol dont worry it will go.,ham,0,mishra_soni
"Hey. What happened? U switch off ur cell d whole day. This isnt good. Now if u do care, give me a call tomorrow.",ham,0,mishra_soni
It only does simple arithmetic not percentages.,ham,0,mishra_soni
"Aight, you close by or still down around alex's place?",ham,0,mishra_soni
Ding me on ya break fassyole! Blacko from londn,ham,0,mishra_soni
"Me not waking up until 4 in the afternoon, sup",ham,0,mishra_soni
"Please call our customer service representative on 8536074310 between 10am-9pm as you have W0N a guaranteed cash prize of Rs.10,00,000. FL1PKART TEAM",smishing,1,mishra_soni
How are you doing? Hope you've settled in for the new school year. Just wishin you a gr8 day,ham,0,mishra_soni
I didnt get anything da,ham,0,mishra_soni
Well good morning mr . Hows london treatin' ya treacle?,ham,0,mishra_soni
We tried to call you re your reply to our sms for a video mobile 750 mins UNLIMITED TEXT free camcorder Reply or call now 08000930705 Del Thurs,smishing,1,mishra_soni
You have 1 new voicemail. Please call 08719181513.,smishing,1,mishra_soni
We got a divorce. Lol. She.s here,ham,0,mishra_soni
Do you want a new video handset? 750 anytime any network mins? Half Price Line Rental? Camcorder? Reply or call 08000930705 for delivery tomorrow,smishing,1,mishra_soni
Just sing HU. I think its also important to find someone female that know the place well preferably a citizen that is also smart to help you navigate through. Even things like choosing a phone plan require guidance. When in doubt ask especially girls.,ham,0,mishra_soni
"Dear customer, Due to BVN system upgrade, your ATM CARD has been de-activated by CBN. To re-activate call customer care 08167340838 for help.",smishing,1,mishra_soni
Call me when u finish then i come n pick u.,ham,0,mishra_soni
Captain is in our room:),ham,0,mishra_soni
Shall i start from hear.,ham,0,mishra_soni
Of cos can lar i'm not so ba dao ok... 1 pm lor... Y u never ask where we go ah... I said u would ask on fri but he said u will ask today...,ham,0,mishra_soni
Yes :)it completely in out of form:)clark also utter waste.,ham,0,mishra_soni
$9 Only!Sales on Official Oakley Sunglasses Online Store. 2016 New Styles All Up To 75% OFF. Final Day Flash Sale And Free Returns. Official Oakley Sunglasses Outlets At: http:// www.oakleyoutletsco.com,smishing,1,mishra_soni
Dear Dave this is your final notice to collect your 4* Tenerife Holiday or #5000 CASH award! Call 09061743806 from landline. TCs SAE Box326 CW25WX 150ppm,smishing,1,mishra_soni
Nothing will ever be easy. But don't be looking for a reason not to take a risk on life and love,ham,0,mishra_soni
URGENT! We are trying to contact U. Todays draw shows that you have won a £2000 prize GUARANTEED. Call 09066358361 from land line. Claim Y87. Valid 12hrs only,smishing,1,mishra_soni
ALSO TELL HIM I SAID HAPPY BIRTHDAY,ham,0,mishra_soni
We are supposed to meet to discuss abt our trip... Thought xuhui told you? In the afternoon. Thought we can go for lesson after that,ham,0,mishra_soni
But that's on ebay it might be less elsewhere.,ham,0,mishra_soni
Hi. I'm sorry i missed your call. Can you pls call back.,ham,0,mishra_soni
"Geeee ... I miss you already, you know ? Your all I can think about. I can't wait till next year when we will be together ... *loving kiss*",ham,0,mishra_soni
K..i deleted my contact that why?,ham,0,mishra_soni
Lol I know! They're so dramatic. Schools already closed for tomorrow. Apparently we can't drive in the inch of snow were supposed to get.,ham,0,mishra_soni
Uw ING bankieren app bevat verouderde plugins. klik hieronder om de beveiligde versie te downloaden http://mijn.ing-mobiel.com/update.apk,smishing,1,mishra_soni
! Had your mobile 11mths+? You are entitled to update to the latest colour camera mobile for Free! Call The Mobile Update Co FREE on 08002986906,smishing,1,mishra_soni
If she takes enough to replace her loss her temp will reduce. And if you give her malaria meds now she will just vomit. Its a self limiting illness she has which means in a few days it will completely stop,ham,0,mishra_soni
Aiyo please ü got time meh.,ham,0,mishra_soni
"I think I‘m waiting for the same bus! Inform me when you get there, if you ever get there.",ham,0,mishra_soni
Where are you call me.,ham,0,mishra_soni
Is it your yahoo boys that bring in the perf? Or legal.,ham,0,mishra_soni
Well there's not a lot of things happening in Lindsay on New years *sighs* Some bars in Ptbo and the blue heron has something going,ham,0,mishra_soni
"As a valued customer, I am pleased to advise you that following recent review of your Mob No. you are awarded with a £1500 Bonus Prize, call 09066368470",smishing,1,mishra_soni
Now? I'm going out 4 dinner soon..,ham,0,mishra_soni
"Sir, Waiting for your mail.",ham,0,mishra_soni
URGENT! We are trying to contact you. Last weekends draw shows that you won a £1000 prize GUARANTEED. Call 09064012160. Claim Code K52. Valid 12hrs only. 150ppm,smishing,1,mishra_soni
Hurt me... Tease me... Make me cry... But in the end of my life when i die plz keep one rose on my grave and say STUPID I MISS U.. HAVE A NICE DAY BSLVYL,ham,0,mishra_soni
"Are you sure you don't mean ""get here, we made you hold all the weed""",ham,0,mishra_soni
"We are hoping to get away by 7, from Langport. You still up for town tonight?",ham,0,mishra_soni
WHITE FUDGE OREOS ARE IN STORES,ham,0,mishra_soni
My supervisor find 4 me one lor i thk his students. I havent ask her yet. Tell u aft i ask her.,ham,0,mishra_soni
"Ok. Can be later showing around 8-8:30 if you want + cld have drink before. Wld prefer not to spend money on nosh if you don't mind, as doing that nxt wk.",ham,0,mishra_soni
URGENT! We are trying to contact you. Last weekends draw shows that you have won a £900 prize GUARANTEED. Call 09061701939. Claim code S89. Valid 12hrs only,smishing,1,mishra_soni
"After my work ah... Den 6 plus lor... U workin oso rite... Den go orchard lor, no other place to go liao...",ham,0,mishra_soni
Still chance there. If you search hard you will get it..,ham,0,mishra_soni
You've already got a flaky parent. It'snot supposed to be the child's job to support the parent...not until they're The Ride age anyway. I'm supposed to be there to support you. And now i've hurt you. unintentional. But hurt nonetheless.,ham,0,mishra_soni
Tell them u have a headache and just want to use 1 hour of sick time.,ham,0,mishra_soni
Dont let studying stress you out. L8r.,ham,0,mishra_soni
Slaaaaave ! Where are you ? Must I summon you to me all the time now ? Don't you wish to come to me on your own anymore?,ham,0,mishra_soni
Hello! How r u? Im bored. Inever thought id get bored with the tv but I am. Tell me something exciting has happened there? Anything! =/,ham,0,mishra_soni
Hey next sun 1030 there's a basic yoga course... at bugis... We can go for that... Pilates intro next sat.... Tell me what time you r free,ham,0,mishra_soni
"Cool, I'll text you when I'm on the way",ham,0,mishra_soni
My superior telling that friday is leave for all other department except ours:)so it will be leave for you:)any way call waheed fathima hr and conform it:),ham,0,mishra_soni
Idk. I'm sitting here in a stop and shop parking lot right now bawling my eyes out because i feel like i'm a failure in everything. Nobody wants me and now i feel like i'm failing you.,ham,0,mishra_soni
Better. Made up for Friday and stuffed myself like a pig yesterday. Now I feel bleh. But at least its not writhing pain kind of bleh.,ham,0,mishra_soni
"Well, I meant as opposed to my drunken night of before",ham,0,mishra_soni
Gain the rights of a wife.dont demand it.i am trying as husband too.Lets see,ham,0,mishra_soni
Sounds great! Are you home now?,ham,0,mishra_soni
"Love isn't a decision, it's a feeling. If we could decide who to love, then, life would be mechanical",ham,0,mishra_soni
Quite ok but a bit ex... U better go eat smth now else i'll feel guilty...,ham,0,mishra_soni
Congrats! Nokia 3650 video camera phone is your Call 09066382422 Calls cost 150ppm Ave call 3mins vary from mobiles 16+ Close 300603 post BCM4284 Ldn WC1N3XX,smishing,1,mishra_soni
No go. No openings for that room 'til after thanksgiving without an upcharge.,ham,0,mishra_soni
The wine is flowing and i'm i have nevering..,ham,0,mishra_soni
I'll reach in ard 20 mins ok...,ham,0,mishra_soni
"We are at grandmas. Oh dear, u still ill? I felt Shit this morning but i think i am just hungover! Another night then. We leave on sat.",ham,0,mishra_soni
Crucify is c not s. You should have told me earlier.,ham,0,mishra_soni
70 mins but i had to stop somewhere first.,ham,0,mishra_soni
32.5 m but its not a common car here so its better to buy from china or asia. Or if i find it less expensive. I.ll holla,ham,0,mishra_soni
"You are always putting your business out there. You put pictures of your ass on facebook. You are one of the most open people i've ever met. Why would i think a picture of your room would hurt you, make you feel violated.",ham,0,mishra_soni
PRIVATE! Your 2003 Account Statement for 07808247860 shows 800 un-redeemed S. I. M. points. Call 08719899229 Identifier Code: 40411 Expires 06/11/04,smishing,1,mishra_soni
"I met you as a stranger and choose you as my friend. As long as the world stands, our friendship never ends. Lets be Friends forever!!! Gud nitz...",ham,0,mishra_soni
K.then any other special?,ham,0,mishra_soni
He chickened out. He messaged me he would be late and woould buzz me and then I didn't hear a word from him,ham,0,mishra_soni
It's ok lar. U sleep early too... Nite...,ham,0,mishra_soni
No we sell it all so we'll have tons if coins. Then sell our coins to someone thru paypal. Voila! Money back in life pockets:),ham,0,mishra_soni
Are you wet right now?,ham,0,mishra_soni
Camera - You are awarded a SiPix Digital Camera! call 09061221065 fromm landline. Delivery within 8 days,smishing,1,mishra_soni
Not from this campus. Are you in the library?,ham,0,mishra_soni
Badrith is only for chennai:)i will surely pick for us:)no competition for him.,ham,0,mishra_soni
Ugh its been a long day. I'm exhausted. Just want to cuddle up and take a nap,ham,0,mishra_soni
What not under standing.,ham,0,mishra_soni
No wonder... Cos i dun rem seeing a silver car... But i thk i saw a black one...,ham,0,mishra_soni
No chikku nt yet.. Ya i'm free,ham,0,mishra_soni
"There're some people by mu, I'm at the table by lambda",ham,0,mishra_soni
Wherre's my boytoy ? :-(,ham,0,mishra_soni
I love your ass! Do you enjoy doggy style? :),ham,0,mishra_soni
I take it the post has come then! You must have 1000s of texts now! Happy reading. My one from wiv hello caroline at the end is my favourite. Bless him,ham,0,mishra_soni
Reason is if the team budget is available at last they buy the unsold players for at base rate..,ham,0,mishra_soni
Reminder: You have not downloaded the content you have already paid for. Goto http://doit. mymoby. tv/ to collect your content.,smishing,1,mishra_soni
Designation is software developer and may be she get chennai:),ham,0,mishra_soni
"Sorry my roommates took forever, it ok if I come by now?",ham,0,mishra_soni
I have a sore throat. It's scratches when I talk,ham,0,mishra_soni
"URGENT!! Your 4* Costa Del Sol Holiday or £5000 await collection. Call 09050090044 Now toClaim. SAE, TC s, POBox334, Stockport, SK38xh, Cost£1.50/pm, Max10mins",smishing,1,mishra_soni
I know you mood off today,ham,0,mishra_soni
No dear i do have free messages without any recharge. Hi hi hi,ham,0,mishra_soni
Watching telugu movie..wat abt u?,ham,0,mishra_soni
"Oh, then your phone phoned me but it disconnected",ham,0,mishra_soni
Aft i finish my lunch then i go str down lor. Ard 3 smth lor. U finish ur lunch already?,ham,0,mishra_soni
That's y i said it's bad dat all e gals know u... Wat u doing now?,ham,0,mishra_soni
"Shop till u Drop, IS IT YOU, either 10K, 5K, £500 Cash or £100 Travel voucher, Call now, 09064011000. NTT PO Box CR01327BT fixedline Cost 150ppm mobile vary",smishing,1,mishra_soni
Go where n buy? Juz buy when we get there lar.,ham,0,mishra_soni
Purity of friendship between two is not about smiling after reading the forwarded message..Its about smiling just by seeing the name. Gud evng musthu,ham,0,mishra_soni
On the way to office da..,ham,0,mishra_soni
"Dude. What's up. How Teresa. Hope you have been okay. When i didnt hear from these people, i called them and they had received the package since dec &lt;#&gt; . Just thot you'ld like to know. Do have a fantastic year and all the best with your reading. Plus if you can really really Bam first aid for Usmle, then your work is done.",ham,0,mishra_soni
Please call our customer service representative on 0800 169 6032 between 10am-9pm as you have WON a guaranteed £2000 cash or £6000 prize!,smishing,1,mishra_soni
Dai what this da.. Can i send my resume to this id.,ham,0,mishra_soni
K I'll be there before 4.,ham,0,mishra_soni
Pls send me the correct name da.,ham,0,mishra_soni
Think I could stop by in like an hour or so? My roommate's looking to stock up for a trip,ham,0,mishra_soni
She is annoying... I hate when she does this...She turns what should be a fun trip into an annoying day of what she wants,ham,0,mishra_soni
"A swt thought: ""Nver get tired of doing little things 4 lovable persons.."" Coz..somtimes those little things occupy d biggest part in their Hearts.. Gud ni8",ham,0,mishra_soni
Tired. I haven't slept well the past few nights.,ham,0,mishra_soni
Wat's da model num of ur phone?,ham,0,mishra_soni
Oops my phone died and I didn't even know. Yeah I like it better.,ham,0,mishra_soni
My birthday is on feb &lt;#&gt; da. .,ham,0,mishra_soni
"Sorry, I'll call later buzy in some work..",ham,0,mishra_soni
Wat time do u wan 2 meet me later?,ham,0,mishra_soni
U 447801259231 have a secret admirer who is looking 2 make contact with U-find out who they R*reveal who thinks UR so special-call on 09058094597,smishing,1,mishra_soni
Friends that u can stay on fb chat with,ham,0,mishra_soni
If we win its really no 1 side for long time.,ham,0,mishra_soni
Anything lar...,ham,0,mishra_soni
Hey company elama po mudyadhu.,ham,0,mishra_soni
Sry da..jst nw only i came to home..,ham,0,mishra_soni
PRIVATE! Your 2003 Account Statement for 07815296484 shows 800 un-redeemed S.I.M. points. Call 08718738001 Identifier Code 41782 Expires 18/11/04,smishing,1,mishra_soni
I am going to sleep. I am tired of travel.,ham,0,mishra_soni
You have WON a guaranteed £1000 cash or a £2000 prize. To claim yr prize call our customer service representative on 08714712412 between 10am-7pm Cost 10p,smishing,1,mishra_soni
Yup having my lunch buffet now.. U eat already?,ham,0,mishra_soni
Sent me ur email id soon .I will sent that,ham,0,mishra_soni
Ya very nice. . .be ready on thursday,ham,0,mishra_soni
Prabha..i'm soryda..realy..frm my heart,ham,0,mishra_soni
Watch lor. I saw a few swatch one i thk quite ok. Ard 116 but i need 2nd opinion leh...,ham,0,mishra_soni
Do u know what is real FRIENDSHIP,ham,0,mishra_soni
Why didn't u call on your lunch?,ham,0,mishra_soni
But i juz remembered i gotta bathe my dog today..,ham,0,mishra_soni
Yeah whatever lol,ham,0,mishra_soni
Yar lor... How u noe? U used dat route too?,ham,0,mishra_soni
Pete can you please ring meive hardly gotany credit,ham,0,mishra_soni
2 and half years i missed your friendship:-),ham,0,mishra_soni
Hope you are having a good TIME.,ham,0,mishra_soni
Have you heard about that job? I'm going to that wildlife talk again tonight if u want2come. Its that2worzels and a wizzle or whatever it is?!,ham,0,mishra_soni
Wife.how she knew the time of murder exactly,ham,0,mishra_soni
Sounds great! Im going to sleep now. Have a good night!,ham,0,mishra_soni
"You are being contacted by our dating service by someone you know! To find out who it is, call from a land line 09050000878. PoBox45W2TG150P",smishing,1,mishra_soni
K k :-):-) then watch some films.,ham,0,mishra_soni
Hai dear friends... This is my new &amp; present number..:) By Rajitha Raj (Ranju),ham,0,mishra_soni
Ujhhhhhhh computer shipped out with address to sandiago and parantella lane. Wtf. Poop.,ham,0,mishra_soni
I'm job profile seems like bpo..,ham,0,mishra_soni
How much is torch in 9ja.,ham,0,mishra_soni
Anything is valuable in only 2 situations: First- Before getting it... Second- After loosing it...,ham,0,mishra_soni
"It's ok, at least armand's still around",ham,0,mishra_soni
"Ha ha nan yalrigu heltini..Iyo kothi chikku, u shared many things wit me..so far i didn't told any body and even uttered a word abt u.. If ur trusting me so much how can i tell these to others.. Plz nxt time dont use those words to me..ok, chikku:-);-)B-)",ham,0,mishra_soni
S...i will take mokka players only:),ham,0,mishra_soni
Yes:)from last week itself i'm taking live call.,ham,0,mishra_soni
If you're not in my car in an hour and a half I'm going apeshit,ham,0,mishra_soni
"Yo carlos, a few friends are already asking me about you, you working at all this weekend?",ham,0,mishra_soni
Dude while were makin those weirdy brownies my sister made awesome cookies. I took pics.,ham,0,mishra_soni
Ummmmmaah Many many happy returns of d day my dear sweet heart..,ham,0,mishra_soni
The evo. I just had to download flash. Jealous?,ham,0,mishra_soni
Fffff. Can you text kadeem or are you too far gone,ham,0,mishra_soni
Nobody names their penis a girls name this story doesn't add up at all,ham,0,mishra_soni
You are awarded a SiPix Digital Camera! call 09061221062 from landline. Delivery within 28days. T Cs Box177. M221BP. 2yr warranty. 150ppm.,smishing,1,mishra_soni
Cos daddy arranging time c wat time fetch ü mah...,ham,0,mishra_soni
Natalja (25/F) is inviting you to be her friend. See her: www.SMS.ac/u/nat27081980 STOP? Send STOP FRND to 62468,smishing,1,mishra_soni
Hey pple...$700 or $900 for 5 nights...Excellent location wif breakfast hamper!!!,ham,0,mishra_soni
All day working day:)except saturday and sunday..,ham,0,mishra_soni
Looks like u wil b getting a headstart im leaving here bout 2.30ish but if u r desperate for my company I could head in earlier-we were goin to meet in rummer.,ham,0,mishra_soni
All sounds good. Fingers . Makes it difficult to type,ham,0,mishra_soni
Yeah that'd pretty much be the best case scenario,ham,0,mishra_soni
"Now, whats your house # again ? And do you have any beer there ?",ham,0,mishra_soni
I can't believe how attached I am to seeing you every day. I know you will do the best you can to get to me babe. I will go to teach my class at your midnight,ham,0,mishra_soni
"Todays Vodafone numbers ending 5347 are selected to receive a Rs.2,00,000 award. If you have a match please call 6299257179 quoting claim code 2041 standard rates apply",smishing,1,mishra_soni
"Dear V0DAF0NE Customer,You are a 5,00,000 winner of Guaranteed Caller Prize, this is our Final attempt to contact you! To Claim Call 8927307655 Now!",smishing,1,mishra_soni
Hi mate its RV did u hav a nice hol just a message 3 say hello coz haven’t sent u 1 in ages started driving so stay off roads!RVx,ham,0,mishra_soni
Its a great day. Do have yourself a beautiful one.,ham,0,mishra_soni
"Like &lt;#&gt; , same question",ham,0,mishra_soni
Lol ok ill try to send. Be warned Sprint is dead slow. You'll prolly get it tomorrow,ham,0,mishra_soni
Hi. Happy New Year. I dont mean to intrude but can you pls let me know how much tuition you paid last semester and how much this semester is. Thanks,ham,0,mishra_soni
"Yo my trip got postponed, you still stocked up?",ham,0,mishra_soni
Ard 515 like dat. Y?,ham,0,mishra_soni
How would my ip address test that considering my computer isn't a minecraft server,ham,0,mishra_soni
Hi its in durban are you still on this number,ham,0,mishra_soni
"Haven't found a way to get another app for your phone, eh ? Will you go to the net cafe ? Did you take that job? Geeee I need you babe. I crave to see you ...",ham,0,mishra_soni
Draw va?i dont think so:),ham,0,mishra_soni
Your opinion about me? 1. Over 2. Jada 3. Kusruthi 4. Lovable 5. Silent 6. Spl character 7. Not matured 8. Stylish 9. Simple,ham,0,mishra_soni
"Aight, tomorrow around &lt;#&gt; it is",ham,0,mishra_soni
Usually the body takes care of it buy making sure it doesnt progress. Can we pls continue this talk on saturday.,ham,0,mishra_soni
WE WILL HOLD YOUR PAYTM AMOUNT AFTER SOMETIME COMPLETE YOUR PAYTM KYC PAYTM OFFICE PH 8927307655,smishing,1,mishra_soni
Haf u found him? I feel so stupid da v cam was working.,ham,0,mishra_soni
"Give her something to drink, if she takes it and doesn't vomit then you her temp might drop. If she unmits however let me know.",ham,0,mishra_soni
"I've got &lt;#&gt; , any way I could pick up?",ham,0,mishra_soni
I love u 2 babe! R u sure everything is alrite. Is he being an idiot? Txt bak girlie,ham,0,mishra_soni
"Could you not read me, my Love ? I answered you",ham,0,mishra_soni
Ok how you dear. Did you call chechi,ham,0,mishra_soni
Ok lets wait..,ham,0,mishra_soni
Let me know how it changes in the next 6hrs. It can even be appendix but you are out of that age range. However its not impossible. So just chill and let me know in 6hrs,ham,0,mishra_soni
PRIVATE! Your 2003 Account Statement for shows 800 un-redeemed S. I. M. points. Call 08718738002 Identifier Code: 48922 Expires 21/11/04,smishing,1,mishra_soni
Yup n her fren lor. I'm meeting my fren at 730.,ham,0,mishra_soni
Been up to ne thing interesting. Did you have a good birthday? When are u wrking nxt? I started uni today.,ham,0,mishra_soni
... Are you in the pub?,ham,0,mishra_soni
Yes..gauti and sehwag out of odi series.,ham,0,mishra_soni
Hi..i got the money da:),ham,0,mishra_soni
"Probably gonna be here for a while, see you later tonight &lt;)",ham,0,mishra_soni
I.ll post her out l8r. In class,ham,0,mishra_soni
She told to hr that he want posting in chennai:)because i'm working here:),ham,0,mishra_soni
"Ditto. And you won't have to worry about me saying ANYTHING to you anymore. Like i said last night, you do whatever you want and i'll do the same. Peace.",ham,0,mishra_soni
"Sorry man, my stash ran dry last night and I can't pick up more until sunday",ham,0,mishra_soni
"Ugh y can't u just apologize, admit u were wrong and ask me to take u back?",ham,0,mishra_soni
"Dear Customer,U've been selected to stay in F1VE STAR hotels - FOR T0DAY'S DRAW! Holiday valued at INR 5,00,000.Dial 7679046492 to claim",smishing,1,mishra_soni
"U so lousy, run already come back then half dead... Hee...",ham,0,mishra_soni
That's y we haf to combine n c how lor...,ham,0,mishra_soni
"U've been selected to stay in 1 of 250 top British hotels - FOR NOTHING! Holiday valued at £350! Dial 08712300220 to claim - National Rate Call. Bx526, SW73SS",smishing,1,mishra_soni
Let Ur Heart Be Ur Compass Ur Mind Ur Map Ur Soul Ur Guide And U Will Never loose in world....gnun - Sent via WAY2SMS.COM,ham,0,mishra_soni
You are a great role model. You are giving so much and i really wish each day for a miracle but God as a reason for everything and i must say i wish i knew why but i dont. I've looked up to you since i was young and i still do. Have a great day.,ham,0,mishra_soni
Mom wants to know where you at,ham,0,mishra_soni
"To cancel this order you should visit http/aetacms.com/.cas/auo.html/redirect-aopis.it to review your details. if you need additional help, contact Apple Support.",smishing,1,mishra_soni
I'm done...,ham,0,mishra_soni
"I‘ll leave around four, ok?",ham,0,mishra_soni
"Awesome, text me when you're restocked",ham,0,mishra_soni
"Congratulations! Thanks to a good friend U have WON the £2,000 Xmas prize. 2 claim is easy, just call 08718726971 NOW! Only 10p per minute. BT-national-rate.",smishing,1,mishra_soni
I not free today i haf 2 pick my parents up tonite...,ham,0,mishra_soni
Well obviously not because all the people in my cool college life went home ;_;,ham,0,mishra_soni
Ya but it cant display internal subs so i gotta extract them,ham,0,mishra_soni
"Sorry, I'll call later..I am in a meeting",ham,0,mishra_soni
Lil fever:) now fine:),ham,0,mishra_soni
"As usual..iam fine, happy &amp; doing well..:) what about u?",ham,0,mishra_soni
I got your back! Do you have any dislikes in bed?,ham,0,mishra_soni
Oh sorry please its over,ham,0,mishra_soni
Actually getting ready to leave the house.,ham,0,mishra_soni
"GOV.UK ALERT CORONAVIRUS It has come to our attention that you have been out of the house more than once. Due to this irresponsible behaviour, we are issuing you a formal warning and 250 fine. If this continues, the fine could increase to a maximum of 5000 and/or an arrest. Payment will be taken automatically out of your account. Call 0800345 9999 for any enquiries or to appeal.",smishing,1,mishra_soni
I will come with karnan car. Please wait till 6pm will directly goto doctor.,ham,0,mishra_soni
"Nationwide has noticed your debit card was recently used on 23-05-2012 11:04:43, at APPLE ONLINE STORE for 1920.00 GBP If not you please urgently call fraud prevention on 03303800233 or Intl +443303800231. Do not reply by SMS http://www.nationwide.co.uk/",smishing,1,mishra_soni
hiya hows it going in sunny africa? hope u r avin a good time. give that big old silver back a big kiss from me.,ham,0,mishra_soni
No need to ke qi... Ü too bored izzit y suddenly thk of this...,ham,0,mishra_soni
Send me the new number,ham,0,mishra_soni
Convey my regards to him best wishes..,ham,0,mishra_soni
Ard 530 like dat lor. We juz meet in mrt station then ü dun haf to come out.,ham,0,mishra_soni
"Well, i'm gonna finish my bath now. Have a good...fine night.",ham,0,mishra_soni
You have won a Nokia 7250i. This is what you get when you win our FREE auction. To take part send Nokia to 86021 now. HG/Suite342/2Lands Row/W1JHL 16+,smishing,1,mishra_soni
Ok which your another number,ham,0,mishra_soni
Ok darlin i supose it was ok i just worry too much.i have to do some film stuff my mate and then have to babysit again! But you can call me there.xx,ham,0,mishra_soni
"It‘s reassuring, in this crazy world.",ham,0,mishra_soni
Imagine Life WITHOUT ME... see.. How fast u are searching me?Don't worry.. l'm always there To disturb U.. Goodnoon..:),ham,0,mishra_soni
Sorry i'm not free...,ham,0,mishra_soni
Just haven't decided where yet eh ?,ham,0,mishra_soni
hi baby im sat on the bloody bus at the mo and i wont be home until about 7:30 wanna do somethin later? call me later ortxt back jess xx,ham,0,mishra_soni
Sos! Any amount i can get pls.,ham,0,mishra_soni
Wah lucky man... Then can save money... Hee...,ham,0,mishra_soni
I'm watching lotr w my sis dis aft. So u wan 2 meet me 4 dinner at nite a not?,ham,0,mishra_soni
Pls help me tell sura that i'm expecting a battery from hont. And that if should pls send me a message about how to download movies. Thanks,ham,0,mishra_soni
Nope. Meanwhile she talk say make i greet you.,ham,0,mishra_soni
U GOIN OUT 2NITE?,ham,0,mishra_soni
She is annoying... She turns what should be a fun trip into an annoying day of what she wants,ham,0,mishra_soni
How much i gave to you. Morning.,ham,0,mishra_soni
"Todays Vodafone numbers ending 7148 are selected to receive a Rs.2,00,000 award. If you have a match please call 7679046492 quoting claim code 7834 standard rates apply",smishing,1,mishra_soni
Wait.i will come out.. &lt;#&gt; min:),ham,0,mishra_soni
Long time. You remember me today.,ham,0,mishra_soni
"Hello baby, did you get back to your mom's ? Are you setting up the computer now ? Filling your belly ? How goes it loverboy ? I miss you already ... *sighs*",ham,0,mishra_soni
"What's up bruv, hope you had a great break. Do have a rewarding semester.",ham,0,mishra_soni
I wanted to ask ü to wait 4 me to finish lect. Cos my lect finishes in an hour anyway.,ham,0,mishra_soni
"Yup, leaving right now, be back soon",ham,0,mishra_soni
"Sorry, I'll call later ..In meeting.",ham,0,mishra_soni
From someone not to smoke when every time I've smoked in the last two weeks is because of you calling or texting me that you wanted to smoke,ham,0,mishra_soni
That seems unnecessarily hostile,ham,0,mishra_soni
"Congratulations! Thanks to a good friend U have WON the £2,000 Xmas prize. 2 claim is easy, just call 08718726978 NOW! Only 10p per minute. BT-national-rate",smishing,1,mishra_soni
K..k..i'm also fine:)when will you complete the course?,ham,0,mishra_soni
Aiyah ok wat as long as got improve can already wat...,ham,0,mishra_soni
I absolutely LOVE South Park! I only recently started watching the office.,ham,0,mishra_soni
Some of them told accenture is not confirm. Is it true.,ham,0,mishra_soni
Thank u!,ham,0,mishra_soni
You gonna ring this weekend or wot?,ham,0,mishra_soni
I love to wine and dine my lady!,ham,0,mishra_soni
That day you asked about anand number. Why:-),ham,0,mishra_soni
Saw Guys and Dolls last night with Patrick Swayze it was great,ham,0,mishra_soni
Hey gals.. Anyone of u going down to e driving centre tmr?,ham,0,mishra_soni
Yeah we do totes. When u wanna?,ham,0,mishra_soni
will you like to be spoiled? :),ham,0,mishra_soni
Somebody should go to andros and steal ice,ham,0,mishra_soni
Can not use foreign stamps in this country. Good lecture .,ham,0,mishra_soni
I know I'm lacking on most of this particular dramastorm's details but for the most part I'm not worried about that,ham,0,mishra_soni
HOW ARE U? I HAVE MISSED U! I HAVENT BEEN UP 2 MUCH A BIT BORED WITH THE HOLIDAY WANT 2 GO BAK 2 COLLEGE! SAD ISNT IT?xx,ham,0,mishra_soni
Did he just say somebody is named tampa,ham,0,mishra_soni
Near kalainar tv office.thenampet,ham,0,mishra_soni
"fyi I'm at usf now, swing by the room whenever",ham,0,mishra_soni
"Alright, we're all set here, text the man",ham,0,mishra_soni
We are okay. Going to sleep now. Later,ham,0,mishra_soni
Oh unintentionally not bad timing. Great. Fingers the trains play along! Will give fifteen min warning.,ham,0,mishra_soni
Aight what time you want me to come up?,ham,0,mishra_soni
Friendly reminder- don't forget to confirm your SAM update from the other day! http://rghst.rocks/ GBs630y,smishing,1,mishra_soni
Okay... We wait ah,ham,0,mishra_soni
"Oops I did have it, &lt;#&gt; ?",ham,0,mishra_soni
Hi if ur lookin 4 saucy daytime fun wiv busty married woman Am free all next week Chat now 2 sort time 09099726429 JANINExx Calls£1/minMobsmoreLKPOBOX177HP51FL,smishing,1,mishra_soni
He dint tell anything. He is angry on me that why you told to abi.,ham,0,mishra_soni
No prob. I will send to your email.,ham,0,mishra_soni
For fear of fainting with the of all that housework you just did? Quick have a cuppa,ham,0,mishra_soni
Sun ah... Thk mayb can if dun have anythin on... Thk have to book e lesson... E pilates is at orchard mrt u noe hor...,ham,0,mishra_soni
Nothing but we jus tot u would ask cos u ba gua... But we went mt faber yest... Yest jus went out already mah so today not going out... Jus call lor...,ham,0,mishra_soni
"Someone U know has asked our dating service 2 contact you! Cant Guess who? CALL 09058097189 NOW all will be revealed. POBox 6, LS15HB 150p",smishing,1,mishra_soni
I'm good. Have you registered to vote?,ham,0,mishra_soni
"Dear Customer Your order of 42.84 Euro has been approved if you didnt purchased anything or it you believe an unauthorized person has accessed your account, please access the link below http:/95.141.32.7:81/orders.aspx",smishing,1,mishra_soni
"Dear customer your PAY2TMKYC has been expired, It s will be bl0cked within 24 hour, please contact customer! Care ph 7044518857 immediately to verify",smishing,1,mishra_soni
Sorry. || mail? ||,ham,0,mishra_soni
Hey darlin.. i can pick u up at college if u tell me wen & where 2 mt.. love Pete xx,ham,0,mishra_soni
Good morning princess! How are you? Take care .keep in touch..,ham,0,mishra_soni
Yes princess! I want to catch you with my big strong hands...,ham,0,mishra_soni
Aiyah then i wait lor. Then u entertain me. Hee...,ham,0,mishra_soni
"We made it! Eta at taunton is 12:30 as planned, hope that‘s still okday?! Good to see you! :-xx",ham,0,mishra_soni
Update_Now - 12Mths Half Price Orange line rental: 400mins...Call MobileUpd8 on 08000839402 or call2optout=J5Q,smishing,1,mishra_soni
Can you plz tell me the answer. Reeta sent via fullonsms.com,ham,0,mishra_soni
Yes. Rent is very expensive so its the way we save.,ham,0,mishra_soni
"Dont give a monkeys wot they think and i certainly don't mind. Any friend of mine&all that! Just don't sleep wiv , that wud be annoyin!",ham,0,mishra_soni
Its ok..come to my home it vl nice to meet and v can chat..,ham,0,mishra_soni
"I'm not sure, I was just checking out what was happening around the area",ham,0,mishra_soni
"Lets use it next week, princess :)",ham,0,mishra_soni
"You might want to pull out more just in case and just plan on not spending it if you can, I don't have much confidence in derek and taylor's money management",ham,0,mishra_soni
How do friends help us in problems? They give the most stupid suggestion that Lands us into another problem and helps us forgt the previous problem,ham,0,mishra_soni
goldviking (29/M) is inviting you to be his friend. Reply YES-762 or NO-762 See him: www.SMS.ac/u/goldviking STOP? Send STOP FRND to 62468,smishing,1,mishra_soni
Promotion Number: 8714714 - UR awarded a City Break and a £200 Summer Shopping spree. 08718738034,smishing,1,mishra_soni
"And very importantly, all we discuss is between u and i only.",ham,0,mishra_soni
Ugh hopefully the asus ppl dont randomly do a reformat.,ham,0,mishra_soni
"Machan you go to gym tomorrow, i wil come late goodnight.",ham,0,mishra_soni
"I wonder how you got online, my love ? Had you gone to the net cafe ? Did you get your phone recharged ? Were you on a friends net ? I think of you, boytoy",ham,0,mishra_soni
"A famous quote : when you develop the ability to listen to 'anything' unconditionally without losing your temper or self confidence, it means you are ......... 'MARRIED'",ham,0,mishra_soni
No shoot me. I'm in the docs waiting room. :/,ham,0,mishra_soni
"Urgent UR awarded a complimentary trip to EuroDisinc Trav, Aco&Entry41 Or £1000. To claim txt DIS to 87121 18+6*£1.50(moreFrmMob. ShrAcomOrSglSuplt)10, LS1 3AJ",smishing,1,mishra_soni
"1.20 that call cost. Which i guess isnt bad. Miss ya, need ya, want ya, love ya",ham,0,mishra_soni
Purity of friendship between two is not about smiling after reading the forwarded message..Its about smiling just by seeing the name. Gud evening and stay blessed,ham,0,mishra_soni
K:)k:)good:)study well.,ham,0,mishra_soni
"Oh, my love, it's soooo good to hear from you. Omg I missed you so much today. I'm sorry your having problems with the provider but thank you for tming me",ham,0,mishra_soni
"Today's Offer! Claim ur £150 worth of discount vouchers! Text YES to 85023 now! SavaMob, member offers mobile! T Cs 08717898035. £3.00 Sub. 16 . Unsub reply X",smishing,1,mishra_soni
Babe ? I lost you ... :-(,ham,0,mishra_soni
Ok im not sure what time i finish tomorrow but i wanna spend the evening with you cos that would be vewy vewy lubly! Love me xxx,ham,0,mishra_soni
"Oh really? perform, write a paper, go to a movie AND be home by midnight, huh?",ham,0,mishra_soni
Yes. I come to nyc for audiitions and am trying to relocate.,ham,0,mishra_soni
"This is the 2nd time we have tried 2 contact u. U have won the 750 Pound prize. 2 claim is easy, call 08712101358 NOW! Only 10p per min.",smishing,1,mishra_soni
Once free call me sir.,ham,0,mishra_soni
Am not working but am up to eyes in philosophy so will text u later when a bit more free for chat...,ham,0,mishra_soni
Dont pick up d call when something important is There to tell. Hrishi,ham,0,mishra_soni
"Sorry chikku, my cell got some problem thts y i was nt able to reply u or msg u..",ham,0,mishra_soni
"The guy at the car shop who was flirting with me got my phone number from the paperwork and called and texted me. I'm nervous because of course now he may have my address. Should i call his boss and tell him, knowing this may get him fired?",ham,0,mishra_soni
I AM AT A PARTY WITH ALEX NICHOLS,ham,0,mishra_soni
I dont know ask to my brother. Nothing problem some thing that. Just i told .,ham,0,mishra_soni
Dont kick coco when he's down,ham,0,mishra_soni
Not thought bout it... || Drink in tap & spile at seven. || Is that pub on gas st off broad st by canal. || Ok?,ham,0,mishra_soni
"Sorry, it's a lot of friend-of-a-friend stuff, I'm just now about to talk to the actual guy who wants to buy",ham,0,mishra_soni
"Alright, I'll head out in a few minutes, text me where to meet you",ham,0,mishra_soni
I'm at home. Please call,ham,0,mishra_soni
Maybe?! Say hi to and find out if got his card. Great escape or wetherspoons?,ham,0,mishra_soni
These won't do. Have to move on to morphine,ham,0,mishra_soni
Do u ever get a song stuck in your head for no reason and it won't go away til u listen to it like 5 times?,ham,0,mishra_soni
I'm gonna say no. Sorry. I would but as normal am starting to panic about time. Sorry again! Are you seeing on Tuesday?,ham,0,mishra_soni
Thk some of em find wtc too far... Weiyi not goin... E rest i dunno yet... R ur goin 4 dinner den i might b able to join...,ham,0,mishra_soni
I was just callin to say hi. Take care bruv!,ham,0,mishra_soni
For my family happiness..,ham,0,mishra_soni
"She was supposed to be but couldn't make it, she's still in town though",ham,0,mishra_soni
"Oh, yes, I've just been a little under the weather so i've kind of been coccooning at home",ham,0,mishra_soni
She's fine. Sends her greetings,ham,0,mishra_soni
Oh k.i think most of wi and nz players unsold.,ham,0,mishra_soni
Hi.what you think about match?,ham,0,mishra_soni
Oh ok..,ham,0,mishra_soni
I'm ok. Will do my part tomorrow,ham,0,mishra_soni
"Sorry, I'll call later..in a meeting..",ham,0,mishra_soni
excellent. I spent &lt;#&gt; years in the Air Force. Iraq and afghanistan. I am stable and honest. do you like traveling?,ham,0,mishra_soni
No drama Pls.i have had enough from you and family while i am struggling in the hot sun in a strange place.No reason why there should be an ego of not going 'IF NOT INVITED' when actually its necessity to go.wait for very serious reppurcussions.,ham,0,mishra_soni
"Hey, I missed you tm of last night as my phone was on the charge ... *smiles* ... I am meeting a friend shortly",ham,0,mishra_soni
Ü come lt 25 n pass to me lar,ham,0,mishra_soni
"Please call our customer service representative on FREEPHONE 0808 145 5645 between 9am-11pm as you have WON a guaranteed INR 5,00,000 cash prize!",smishing,1,mishra_soni
Man this bus is so so so slow. I think you're gonna get there before me,ham,0,mishra_soni
You know what hook up means right?,ham,0,mishra_soni
Stupid.it is not possible,ham,0,mishra_soni
HI DARLIN I HOPE YOU HAD A NICE NIGHT I WISH I HAD COME CANT WAIT TO SEE YOU LOVE FRAN PS,ham,0,mishra_soni
Take some small dose tablet for fever,ham,0,mishra_soni
We live in the next &lt;#&gt; mins,ham,0,mishra_soni
I borrow ur bag ok.,ham,0,mishra_soni
YOU ARE CHOSEN TO RECEIVE A £350 AWARD! Pls call claim number 09066364312 to collect your award which you are selected to receive as a valued mobile customer.,smishing,1,mishra_soni
So lets make it saturday or monday as per convenience.,ham,0,mishra_soni
Our Prasanth ettans mother passed away last night. Just pray for her soul,ham,0,mishra_soni
I hate what she does... She turns what should be a fun trip into an annoying day of quarrels and whatever she want her house looks like..,ham,0,mishra_soni
Yes princess! I want to make you happy...,ham,0,mishra_soni
Yes. that will be fine. Love you. Be safe.,ham,0,mishra_soni
Leave it de:-). Start Prepare for next:-)..,ham,0,mishra_soni
Of course. I guess god's just got me on hold right now.,ham,0,mishra_soni
5 nights...We nt staying at port step liao...Too ex,ham,0,mishra_soni
I dont thnk its a wrong calling between us,ham,0,mishra_soni
Free Msg: Ringtone!From: http://tms. widelive.com/index. wml?id=1b6a5ecef91ff9*37819&first=true18:0430-JUL-05,smishing,1,mishra_soni
"Buzz! Hey, my Love ! I think of you and hope your day goes well. Did you sleep in ? I miss you babe. I long for the moment we are together again*loving smile*",ham,0,mishra_soni
I can make lasagna for you... vodka...,ham,0,mishra_soni
"2 celebrate my b’day, y else?",ham,0,mishra_soni
At the funeral home with Audrey and dad,ham,0,mishra_soni
Hey!!! I almost forgot ... Happy B-day babe ! I love ya!!,ham,0,mishra_soni
Same. Wana plan a trip sometme then,ham,0,mishra_soni
I wish things were different. I wonder when i will be able to show you how much i value you. Pls continue the brisk walks no drugs without askin me please and find things to laugh about. I love you dearly.,ham,0,mishra_soni
Okay lor... Wah... like that def they wont let us go... Haha... What did they say in the terms and conditions?,ham,0,mishra_soni
PICK UR FONE UP NOW U DUMB?,ham,0,mishra_soni
Bognor it is! Should be splendid at this time of year.,ham,0,mishra_soni
They are just making it easy to pay back. I have &lt;#&gt; yrs to say but i can pay back earlier. You get?,ham,0,mishra_soni
Miss call miss call khelate kintu opponenter miss call dhorte lage. Thats d rule. One with great phone receiving quality wins.,ham,0,mishra_soni
Yeh. Indians was nice. Tho it did kane me off a bit he he. We shud go out 4 a drink sometime soon. Mite hav 2 go 2 da works 4 a laugh soon. Love Pete x x,ham,0,mishra_soni
T-Mobile customer you may now claim your FREE CAMERA PHONE upgrade & a pay & go sim card for your loyalty. Call on 0845 021 3680.Offer ends 28thFeb.T&C's apply,smishing,1,mishra_soni
Thanx 4 sending me home...,ham,0,mishra_soni
No calls..messages..missed calls,ham,0,mishra_soni
"Goodmorning, today i am late for 3 min.",ham,0,mishra_soni
Pls dont restrict her from eating anythin she likes for the next two days.,ham,0,mishra_soni
"Babe, I need your advice",ham,0,mishra_soni
Hello beautiful r u ok? I've kinda ad a row wiv and he walked out the pub?? I wanted a night wiv u Miss u,ham,0,mishra_soni
"Si.como no?!listened2the plaid album-quite gd&the new air1 which is hilarious-also bought”braindance”a comp.ofstuff on aphex’s ;abel,u hav2hear it!c u sn xxxx",ham,0,mishra_soni
It vl bcum more difficult..,ham,0,mishra_soni
Hi kindly give us back our documents which we submitted for loan from STAPATI,ham,0,mishra_soni
Leave it. U will always be ignorant.,ham,0,mishra_soni
Ok lor thanx... Ü in school?,ham,0,mishra_soni
http//tms. widelive.com/index. wml?id=820554ad0a1705572711&first=true¡C C Ringtone¡,smishing,1,mishra_soni
There r many model..sony ericson also der.. &lt;#&gt; ..it luks good bt i forgot modl no,ham,0,mishra_soni
Dear we got &lt;#&gt; dollars hi hi,ham,0,mishra_soni
"Goodnight, sleep well da please take care pa. Please.",ham,0,mishra_soni
Are you willing to go for apps class.,ham,0,mishra_soni
Ho ho - big belly laugh! See ya tomo,ham,0,mishra_soni
Wah... Okie okie... Muz make use of e unlimited... Haha...,ham,0,mishra_soni
"7 wonders in My WORLD 7th You 6th Ur style 5th Ur smile 4th Ur Personality 3rd Ur Nature 2nd Ur SMS and 1st ""Ur Lovely Friendship""... Wish u a happy birth day",ham,0,mishra_soni
"Wen ur lovable bcums angry wid u, dnt take it seriously.. Coz being angry is d most childish n true way of showing deep affection..",ham,0,mishra_soni
Weightloss! No more girl friends. Make loads of money on ebay or something. And give thanks to God.,ham,0,mishra_soni
Otherwise had part time job and tuition..now its difficult,ham,0,mishra_soni
You'd like that wouldn't you? Jerk!,ham,0,mishra_soni
ME 2 BABE I FEEL THE SAME LETS JUST 4GET ABOUT IT+BOTH TRY +CHEER UP+NOT FIT SOO MUCHXXLOVE U LOCAXX,ham,0,mishra_soni
"I can't, I don't have her number!",ham,0,mishra_soni
No problem. We will be spending a lot of quality time together...,ham,0,mishra_soni
"Painful words- ""I thought being Happy was the most toughest thing on Earth... But, the toughest is acting Happy with all unspoken pain inside..""",ham,0,mishra_soni
G.W.R,ham,0,mishra_soni
"Oops - am at my mum's in somerset... Bit far! Back tomo, see you soon x",ham,0,mishra_soni
Your board is working fine. The issue of overheating is also reslove. But still software inst is pending. I will come around 8'o clock.,ham,0,mishra_soni
No. She's currently in scotland for that.,ham,0,mishra_soni
You dont know you jabo me abi.,ham,0,mishra_soni
Nice line said by a broken heart- Plz don't cum 1 more times infront of me... Other wise once again I ll trust U... Good 9t:),ham,0,mishra_soni
Tension ah?what machi?any problem?,ham,0,mishra_soni
"LOL .. *grins* .. I'm not babe, but thanks for thinking of me!",ham,0,mishra_soni
Send me your resume:-),ham,0,mishra_soni
"Carlos is down but I have to pick it up from him, so I'll swing by usf in a little bit",ham,0,mishra_soni
"Call me. I m unable to cal. Lets meet bhaskar, and deep",ham,0,mishra_soni
Ugh it I'm resubbing to eve,ham,0,mishra_soni
I'm stuck in da middle of da row on da right hand side of da lt...,ham,0,mishra_soni
So do you have samus shoulders yet,ham,0,mishra_soni
Its on in engalnd! But telly has decided it won't let me watch it and mia and elliot were kissing! Damn it!,ham,0,mishra_soni
Great News! Call FREEFONE 08006344447 to claim your guaranteed £1000 CASH or £2000 gift. Speak to a live operator NOW!,smishing,1,mishra_soni
I'm serious. You are in the money base,ham,0,mishra_soni
"K, my roommate also wants a dubsack and another friend may also want some so plan on bringing extra, I'll tell you when they know for sure",ham,0,mishra_soni
"Motivate Behind every darkness, there is a shining light waiting for you to find it... Behind every best friend, there is always trust and love... BSLVYL",ham,0,mishra_soni
I was wondering if it would be okay for you to call uncle john and let him know that things are not the same in nigeria as they r here. That &lt;#&gt; dollars is 2years sent and that you know its a strain but i plan to pay back every dime he gives. Every dime so for me to expect anything from you is not practical. Something like that.,ham,0,mishra_soni
K..k..i'm also fine:)when will you complete the course? Then u can come here and search for job,ham,0,mishra_soni
For The First Time In The History 'Need' 'Comfort' And 'Luxury' Are Sold At Same Price In India..!! Onion-Rs. &lt;#&gt; Petrol-Rs. &lt;#&gt; Beer-Rs. &lt;#&gt; SHESIL &lt;#&gt;,ham,0,mishra_soni
"A boy was late 2 home. His father: ""POWER OF FRNDSHIP""",ham,0,mishra_soni
"Alright, see you in a bit",ham,0,mishra_soni
"No shit, but I wasn't that surprised, so I went and spent the evening with that french guy I met in town here and we fooled around a bit",ham,0,mishra_soni
Yup its ok..,ham,0,mishra_soni
S s..first time..dhoni rocks...,ham,0,mishra_soni
Yup song bro. No creative. Neva test quality. He said check review online.,ham,0,mishra_soni
She's borderline but yeah whatever.,ham,0,mishra_soni
"Sorry, I'll call later..have an urgent meeting..",ham,0,mishra_soni
Your brother is a genius,ham,0,mishra_soni
"Watching cartoon, listening music ; at evening, have to go temple..",ham,0,mishra_soni
"Congrats 2 mobile 3G Videophones R yours. call 09063458120 now! videochat wid ur mates, play java games, Dload polypH music, noline rentl.",smishing,1,mishra_soni
Eh ur laptop got no stock lei... He say mon muz come again to take a look c got a not...,ham,0,mishra_soni
I don't know but I'm raping dudes at poker,ham,0,mishra_soni
Guess he wants alone time. We could just show up and watch when they do..,ham,0,mishra_soni
God bless.get good sleep my dear...i will pray!,ham,0,mishra_soni
"Chinatown got porridge, claypot rice, yam cake, fishhead beehoon... Either we eat cheap den go cafe n tok or go nydc or somethin...",ham,0,mishra_soni
"I'm gonna be home soon and i don't want to talk about this stuff anymore tonight, k? Ileave this topic for now.",ham,0,mishra_soni
I am in bus on the way to calicut,ham,0,mishra_soni
"Storming msg: Wen u lift d phne, u say ""HELLO"" Do u knw wt is d real meaning of HELLO?? . . . It's d name of a girl..! . . . Yes.. And u knw who is dat girl?? ""Margaret Hello"" She is d girlfrnd f Grahmbell who invnted telphone... . .",ham,0,mishra_soni
I'm working technical support :)voice process.,ham,0,mishra_soni
Pls clarify back if an open return ticket that i have can be preponed for me to go back to kerala.,ham,0,mishra_soni
Pls convey my birthday wishes to Nimya.. Today is her birthday,ham,0,mishra_soni
Horrible bf... I now v hungry...,ham,0,mishra_soni
Hello. Damn this christmas thing. I think i have decided to keep this mp3 that doesnt work.,ham,0,mishra_soni
They released vday shirts and when u put it on it makes your bottom half naked instead of those white underwear.,ham,0,mishra_soni
"The guy (kadeem) hasn't been selling since the break, I know one other guy but he's paranoid and doesn't like selling without me there and I can't be up there til late tonight",ham,0,mishra_soni
Hey what's up charles sorry about the late reply.,ham,0,mishra_soni
Oh ok i didnt know what you meant. Yep i am baby jontin,ham,0,mishra_soni
I'm meeting Darren...,ham,0,mishra_soni
I wanna watch that movie,ham,0,mishra_soni
K.k:)advance happy pongal.,ham,0,mishra_soni
"ATM BLOCK:Dear customer, Due to our system upgrade your ATM card has just been De-Activated. To Re-Activate call customer care for help 07068796424 now.",smishing,1,mishra_soni
Jus finished avatar nigro,ham,0,mishra_soni
"What do you do, my dog ? Must I always wait till the end of your day to have word from you ? Did you run out of time on your cell already?",ham,0,mishra_soni
I finished my lunch already. U wake up already?,ham,0,mishra_soni
"Omw back to tampa from west palm, you hear what happened?",ham,0,mishra_soni
I forgot 2 ask ü all smth.. There's a card on da present lei... How? Ü all want 2 write smth or sign on it?,ham,0,mishra_soni
Was gr8 to see that message. So when r u leaving? Congrats dear. What school and wat r ur plans.,ham,0,mishra_soni
Nvm take ur time.,ham,0,mishra_soni
Lmao ok I wont be needing u to do my hair anymore.,ham,0,mishra_soni
ILL B DOWN SOON,ham,0,mishra_soni
Send this to ur friends and receive something about ur voice..... How is my speaking expression? 1.childish 2.naughty 3.Sentiment 4.rowdy 5.ful of attitude 6.romantic 7.shy 8.Attractive 9.funny &lt;#&gt; .irritating &lt;#&gt; .lovable. reply me..,ham,0,mishra_soni
How much r ü willing to pay?,ham,0,mishra_soni
Hey cutie. How goes it? Here in WALES its kinda ok. There is like hills and shit but i still avent killed myself.,ham,0,mishra_soni
I cant pick the phone right now. I will call u later,ham,0,mishra_soni
I dont have any of your file in my bag..i was in work when you called me.i 'll tell you if i find anything in my room.,ham,0,mishra_soni
Mm that time you dont like fun,ham,0,mishra_soni
Wat time r ü going to xin's hostel?,ham,0,mishra_soni
Gibbs unsold.mike hussey,ham,0,mishra_soni
Height of recycling: Read twice- People spend time for earning money and the same money is spent for spending time!;-) Good morning.. keep smiling:-),ham,0,mishra_soni
"Sorry, I'll call later..hope u knw..",ham,0,mishra_soni
U predict wat time U'll finish buying?,ham,0,mishra_soni
"SMS. ac Blind Date 4U!: Rodds1 is 21/m from Aberdeen, United Kingdom. Check Him out http://img. sms. ac/W/icmb3cktz8r7!-4 no Blind Dates send HIDE",smishing,1,mishra_soni
"Yeah I think my usual guy's still passed out from last night, if you get ahold of anybody let me know and I'll throw down",ham,0,mishra_soni
What i mean is do they come chase you out when its over or is it stated you can watch as many movies as you want.,ham,0,mishra_soni
Anything lor but toa payoh got place 2 walk meh...,ham,0,mishra_soni
"Thats a bit weird, even ?- where is the do supposed to be happening? But good idea, sure they will be in pub!",ham,0,mishra_soni
I have to take exam with march 3,ham,0,mishra_soni
And maybe some pressies,ham,0,mishra_soni
URGENT! We are trying to contact you. Last weekends draw shows that you have won a £900 prize GUARANTEED. Call 09061701851. Claim code K61. Valid 12hours only,smishing,1,mishra_soni
If anyone calls for a treadmill say you'll buy it. Make sure its working. I found an ad on Craigslist selling for $ &lt;#&gt; .,ham,0,mishra_soni
Have you got Xmas radio times. If not i will get it now,ham,0,mishra_soni
Do you want 750 anytime any network mins 150 text and a NEW VIDEO phone for only five pounds per week call 08002888812 or reply for delivery tomorrow,smishing,1,mishra_soni
"Urgent Message for CIBC Account Holder, Kindly login to confirm your login information Login to our secure server to check your information http://cibc.mobileupdate.granpianostudio.com/cibcfullz/Internet Support",smishing,1,mishra_soni
No da. I am happy that we sit together na,ham,0,mishra_soni
Those ducking chinchillas,ham,0,mishra_soni
You are a winner U have been specially selected 2 receive £2000 cash or a 4* holiday (flights inc) speak to a live operator 2 claim 0871277810910,smishing,1,mishra_soni
I think you should go the honesty road. Call the bank tomorrow. Its the tough decisions that make us great people.,ham,0,mishra_soni
Ok... But they said i've got wisdom teeth hidden inside n mayb need 2 remove.,ham,0,mishra_soni
Nothing just getting msgs by dis name wit different no's..,ham,0,mishra_soni
"Derp. Which is worse, a dude who always wants to party or a dude who files a complaint about the three drug abusers he lives with",ham,0,mishra_soni
Nothing lor... A bit bored too... Then y dun u go home early 2 sleep today...,ham,0,mishra_soni
"Beautiful Truth against Gravity.. Read carefully: ""Our heart feels light when someone is in it.. But it feels very heavy when someone leaves it",ham,0,mishra_soni
"Urgent! call 09066350760 from your landline. Your complimentary 4* Ibiza Holiday or 20,000 cash await collection SAE T&Cs PO BOX 434 SK3 8WP 150 ppm 18+",smishing,1,mishra_soni
meet you in corporation st outside gap … you can see how my mind is working!,ham,0,mishra_soni
"Hey sorry I didntgive ya a a bellearlier hunny,just been in bedbut mite go 2 thepub l8tr if uwana mt up?loads a luv Jenxxx.",ham,0,mishra_soni
Dude got a haircut. Now its breezy up there,ham,0,mishra_soni
S:)s.nervous &lt;#&gt; :),ham,0,mishra_soni
He says hi and to get your back to uganda,ham,0,mishra_soni
Ok c ü then.,ham,0,mishra_soni
Aiyah sorry lor... I watch tv watch until i forgot 2 check my phone.,ham,0,mishra_soni
If i start sending blackberry torch to nigeria will you find buyer for me?like 4a month. And tell dad not to buy bb from anyone oh.,ham,0,mishra_soni
You are now unsubscribed all services. Get tons of sexy babes or hunks straight to your phone! go to http://gotbabes.co.uk. No subscriptions.,smishing,1,mishra_soni
My house here e sky quite dark liao... If raining then got excuse not 2 run already rite... Hee...,ham,0,mishra_soni
Lol! U drunkard! Just doing my hair at d moment. Yeah still up 4 tonight. Wats the plan?,ham,0,mishra_soni
What i told before i tell. Stupid hear after i wont tell anything to you. You dad called to my brother and spoken. Not with me.,ham,0,mishra_soni
Are u coming to the funeral home,ham,0,mishra_soni
I sent them. Have u got that?,ham,0,mishra_soni
Don't look back at the building because you have no coat and i don't want you to get more sick. Just hurry home and wear a coat to the gym!!!,ham,0,mishra_soni
I thk 50 shd be ok he said plus minus 10.. Did ü leave a line in between paragraphs?,ham,0,mishra_soni
"Plz note: if anyone calling from a mobile Co. &amp; asks u to type # &lt;#&gt; or # &lt;#&gt; . Do not do so. Disconnect the call,coz it iz an attempt of 'terrorist' to make use of the sim card no. Itz confirmd by nokia n motorola n has been verified by CNN IBN.",ham,0,mishra_soni
I;m reaching in another 2 stops.,ham,0,mishra_soni
Where can download clear movies. Dvd copies.,ham,0,mishra_soni
I've reached home finally...,ham,0,mishra_soni
First answer my question.,ham,0,mishra_soni
Do you want a New Nokia 3510i Colour Phone Delivered Tomorrow? With 100 FREE text + FREE camcorder Reply or Call 08000930705,smishing,1,mishra_soni
I will vote for wherever my heart guides me,ham,0,mishra_soni
Will do. Have a good day,ham,0,mishra_soni
Sorry completely forgot * will pop em round this week if your still here?,ham,0,mishra_soni
HEY DAS COOL... IKNOW ALL 2 WELLDA PERIL OF STUDENTFINANCIAL CRISIS!SPK 2 U L8R.,ham,0,mishra_soni
It so happens that there r 2waxsto do wat you want. She can come and ill get her medical insurance. And she'll be able to deliver and have basic care. I'm currently shopping for the right medical insurance for her. So just give me til friday morning. Thats when i.ll see the major person that can guide me to the right insurance.,ham,0,mishra_soni
Carlos says we can pick up from him later so yeah we're set,ham,0,mishra_soni
"Dont pack what you can buy at any store.like cereals. If you must pack food, pack gari or something 9ja that you will miss.",ham,0,mishra_soni
Oh Howda gud gud.. Mathe en samachara chikku:-),ham,0,mishra_soni
I am 6 ft. We will be a good combination!,ham,0,mishra_soni
Kindly send some one to our flat before &lt;DECIMAL&gt; today.,ham,0,mishra_soni
This is all just creepy and crazy to me.,ham,0,mishra_soni
PRIVATE! Your 2003 Account Statement for shows 800 un-redeemed S. I. M. points. Call 08719899230 Identifier Code: 41685 Expires 07/11/04,smishing,1,mishra_soni
"K, makes sense, btw carlos is being difficult so you guys are gonna smoke while I go pick up the second batch and get gas",ham,0,mishra_soni
He's just gonna worry for nothing. And he won't give you money its no use.,ham,0,mishra_soni
You know my old Dom I told you about yesterday ? His name is Roger? He got in touch with me last night and wants me to meet him today at 2 pm,ham,0,mishra_soni
Yeah I can still give you a ride,ham,0,mishra_soni
"Actually nvm, got hella cash, we still on for &lt;#&gt; ish?",ham,0,mishra_soni
Ok... I din get ur msg...,ham,0,mishra_soni
I cant pick the phone right now. Urgent?,ham,0,mishra_soni
Oh all have to come ah?,ham,0,mishra_soni
You have won a guaranteed 32000 award or maybe even £1000 cash to claim ur award call free on 0800 ..... (18+). Its a legitimat efreefone number wat do u think???,smishing,1,mishra_soni
I like dis sweater fr mango but no more my size already so irritating.,ham,0,mishra_soni
Aiya we discuss later lar... Pick ü up at 4 is it?,ham,0,mishra_soni
Honeybee Said: *I'm d Sweetest in d World* God Said: U Havnt Met d Person Reading This Msg,ham,0,mishra_soni
Tomarrow final hearing on my laptop case so i cant.,ham,0,mishra_soni
Hi di is yijue we're meeting at 7 pm at esaplanade tonight.,ham,0,mishra_soni
Yup. Wun believe wat? U really neva c e msg i sent shuhui?,ham,0,mishra_soni
I think i am disturbing her da,ham,0,mishra_soni
"This is the 2nd attempt to contract U, you have won this weeks top prize of either £1000 cash or £200 prize. Just call 09066361921",smishing,1,mishra_soni
U still havent got urself a jacket ah?,ham,0,mishra_soni
have * good weekend.,ham,0,mishra_soni
"Goodmorning, today i am late for 1hr.",ham,0,mishra_soni
Lol where do u come up with these ideas?,ham,0,mishra_soni
"Feb &lt;#&gt; is ""I LOVE U"" day. Send dis to all ur ""VALUED FRNDS"" evn me. If 3 comes back u'll gt married d person u luv! If u ignore dis u will lose ur luv 4 Evr",ham,0,mishra_soni
R U &SAM P IN EACHOTHER. IF WE MEET WE CAN GO 2 MY HOUSE,ham,0,mishra_soni
Do you always celebrate NY's with your family ?,ham,0,mishra_soni
Haven't heard anything and he's not answering my texts so I'm guessing he flaked. That said the jb is fantastic,ham,0,mishra_soni
"Urgent Urgent! We have 800 FREE flights to Europe to give away, call B4 10th Sept & take a friend 4 FREE. Call now to claim on 09050000555. BA128NNFWFLY150ppm",smishing,1,mishra_soni
I just saw ron burgundy captaining a party boat so yeah,ham,0,mishra_soni
"Congrats! 1 year special cinema pass for 2 is yours. call 09061209466 now! C Suprman V, Matrix3, StarWars3, etc all 4 FREE! bx420-ip4-5we. 150pm.",smishing,1,mishra_soni
Btw regarding that we should really try to see if anyone else can be our 4th guy before we commit to a random dude,ham,0,mishra_soni
You will go to walmart. I.ll stay.,ham,0,mishra_soni
K:)k..its good:)when are you going?,ham,0,mishra_soni
Ok lor... Sony ericsson salesman... I ask shuhui then she say quite gd 2 use so i considering...,ham,0,mishra_soni
So is there anything specific I should be doing with regards to jaklin or what because idk,ham,0,mishra_soni
Ok give me 5 minutes I think I see her. BTW you're my alibi. You were cutting my hair the whole time.,ham,0,mishra_soni
"Fighting with the world is easy, u either win or lose bt fightng with some1 who is close to u is dificult if u lose - u lose if u win - u still lose.",ham,0,mishra_soni
Asking do u knw them or nt? May be ur frnds or classmates?,ham,0,mishra_soni
"When people see my msgs, They think Iam addicted to msging... They are wrong, Bcoz They don\'t know that Iam addicted to my sweet Friends..!! BSLVYL",ham,0,mishra_soni
I need... Coz i never go before,ham,0,mishra_soni
No break time one... How... I come out n get my stuff fr ü?,ham,0,mishra_soni
"Beautiful Truth against Gravity.. Read carefully: ""Our heart feels light when someone is in it.. But it feels very heavy when someone leaves it.."" GOOD NIGHT",ham,0,mishra_soni
HEY GIRL. HOW R U? HOPE U R WELL ME AN DEL R BAK! AGAIN LONG TIME NO C! GIVE ME A CALL SUM TIME FROM LUCYxx,ham,0,mishra_soni
"Good afternoon sunshine! How dawns that day ? Are we refreshed and happy to be alive? Do we breathe in the air and smile ? I think of you, my love ... As always",ham,0,mishra_soni
By monday next week. Give me the full gist,ham,0,mishra_soni
Great. Never been better. Each day gives even more reasons to thank God,ham,0,mishra_soni
"Got ur mail Dileep.thank you so muchand look forward to lots of support...very less contacts here,remember one venugopal you mentioned.tomorrow if not late,i shall try to come up till there.goodnight dear.",ham,0,mishra_soni
1 I don't have her number and 2 its gonna be a massive pain in the ass and i'd rather not get involved if that's possible,ham,0,mishra_soni
I'm gonna rip out my uterus.,ham,0,mishra_soni
Where are the garage keys? They aren't on the bookshelf,ham,0,mishra_soni
Camera - You are awarded a SiPix Digital Camera! call 09061221067 fromm landline. Delivery within 28 days.,smishing,1,mishra_soni
S but mostly not like that.,ham,0,mishra_soni
Not heard from U4 a while. Call 4 rude chat private line 01223585334 to cum. Wan 2C pics of me gettin shagged then text PIX to 8552.,smishing,1,mishra_soni
He telling not to tell any one. If so treat for me hi hi hi,ham,0,mishra_soni
Ffffffffff. Alright no way I can meet up with you sooner?,ham,0,mishra_soni
Can you call me plz. Your number shows out of coveragd area. I have urgnt call in vasai &amp; have to reach before 4'o clock so call me plz,ham,0,mishra_soni
"1) Go to write msg 2) Put on Dictionary mode 3)Cover the screen with hand, 4)Press &lt;#&gt; . 5)Gently remove Ur hand.. Its interesting..:)",ham,0,mishra_soni
WE WILL HOLD YOUR PAYTM AMOUNT AFTER SOMETIME COMPLETE YOUR PAYTM KYC PAYTM OFFICE PH 7908807538,smishing,1,mishra_soni
"A few people are at the game, I'm at the mall with iouri and kaila",ham,0,mishra_soni
Haven't left yet so probably gonna be here til dinner,ham,0,mishra_soni
I like you peoples very much:) but am very shy pa.,ham,0,mishra_soni
No problem with the renewal. I.ll do it right away but i dont know his details.,ham,0,mishra_soni
"Gud gud..k, chikku tke care.. sleep well gud nyt",ham,0,mishra_soni
I'm vivek:)i got call from your number.,ham,0,mishra_soni
Do u noe wat time e place dat sells 4d closes?,ham,0,mishra_soni
"I just got home babe, are you still awake ?",ham,0,mishra_soni
I love you both too :-),ham,0,mishra_soni
Congrats ! Treat pending.i am not on mail for 2 days.will mail once thru.Respect mother at home.check mails.,ham,0,mishra_soni
How are you. Wish you a great semester,ham,0,mishra_soni
ALRITE SAM ITS NIC JUST CHECKIN THAT THIS IS UR NUMBER-SO IS IT?T.B*,ham,0,mishra_soni
It's ok i noe u're busy but i'm really too bored so i msg u. I oso dunno wat colour she choose 4 me one.,ham,0,mishra_soni
"Sorry, I'll came to ur place later..",ham,0,mishra_soni
XMAS iscoming & ur awarded either £500 CD gift vouchers & free entry 2 r £100 weekly draw txt MUSIC to 87066 TnC www.Ldew.com1win150ppmx3age16subscription,smishing,1,mishra_soni
"YOU 07801543489 are guaranteed the latests Nokia Phone, a 40GB iPod MP3 player or a £500 prize! Txt word:COLLECT to No:83355! TC-LLC NY-USA 150p/Mt msgrcvd18+",smishing,1,mishra_soni
Great to hear you are settling well. So what's happenin wit ola?,ham,0,mishra_soni
"You've won tkts to the EURO2004 CUP FINAL or £800 CASH, to collect CALL 09058099802",smishing,1,mishra_soni
Do I? I thought I put it back in the box,ham,0,mishra_soni
Take something for pain. If it moves however to any side in the next 6hrs see a doctor.,ham,0,mishra_soni
"So you think i should actually talk to him? Not call his boss in the morning? I went to this place last year and he told me where i could go and get my car fixed cheaper. He kept telling me today how much he hoped i would come back in, how he always regretted not getting my number, etc.",ham,0,mishra_soni
You will be in the place of that man so be alert,ham,0,mishra_soni
"Solve d Case : A Man Was Found Murdered On 13 jan AfterNoon. 1,His wife called Police. 2,Police questioned everyone. 3,Wife: Sir,I was sleeping, when the murder took place. 4.Cook: I was cooking. 5.Gardener: I was picking vegetables. 6.House-Maid: I went 2 d post office. 7.Children: We went 2 play. 8.Neighbour: We went 2 a marriage. who is the murderer?",ham,0,mishra_soni
I'm reaching home in 5 min.,ham,0,mishra_soni
"I can make it up there, squeezed &lt;#&gt; bucks out of my dad",ham,0,mishra_soni
"Urgent! call 09061749602 from Landline. Your complimentary 4* Tenerife Holiday or £10,000 cash await collection SAE T&Cs BOX 528 HP20 1YF 150ppm 18+",smishing,1,mishra_soni
"Update_Now - Xmas Offer! Latest Motorola, SonyEricsson & Nokia & FREE Bluetooth! Double Mins & 1000 Txt on Orange. Call MobileUpd8 on 08000839402 or call2optout/F4Q=",smishing,1,mishra_soni
Then u better go sleep.. Dun disturb u liao.. U wake up then msg me lor..,ham,0,mishra_soni
alright tyler's got a minor crisis and has to be home sooner than he thought so be here asap,ham,0,mishra_soni
"I can't keep going through this. It was never my intention to run you out, but if you choose to do that rather than keep the room clean so *I* don't have to say no to visitors, then maybe that's the best choice. Yes, I wanted you to be embarassed, so maybe you'd feel for once how I feel when i have a friend who wants to drop buy and i have to say no, as happened this morning. I've tried everything. I don't know what else to do.",ham,0,mishra_soni
If you still havent collected the dough pls let me know so i can go to the place i sent it to get the control number,ham,0,mishra_soni
"sure, but make sure he knows we ain't smokin yet",ham,0,mishra_soni
Me too. Mark is taking forever to pick up my prescription and the pain is coming back.,ham,0,mishra_soni
Went to pay rent. So i had to go to the bank to authorise the payment.,ham,0,mishra_soni
That's one of the issues but california is okay. No snow so its manageable,ham,0,mishra_soni
Bloomberg -Message center +447797706009 Why wait? Apply for your future http://careers. bloomberg.com,smishing,1,mishra_soni
Have a great trip to India. And bring the light to everyone not just with the project but with everyone that is lucky to see you smile. Bye. Abiola,ham,0,mishra_soni
No pic. Please re-send.,ham,0,mishra_soni
"Sorry, I have some work..",ham,0,mishra_soni
"For ur chance to win a £250 wkly shopping spree TXT: SHOP to 80878. T's&C's custcare 08715705022, 1x150p/wk",smishing,1,mishra_soni
I think it's all still in my car,ham,0,mishra_soni
And several to you sir.,ham,0,mishra_soni
Lol no. U can trust me.,ham,0,mishra_soni
Why don't you wait 'til at least wednesday to see if you get your .,ham,0,mishra_soni
Then i buy.,ham,0,mishra_soni
"Aight, I should be there by 8 at the latest, probably closer to 7. Are jay and tyler down or should we just do two trips?",ham,0,mishra_soni
"As usual..iam fine, happy &amp; doing well..:) How r u?",ham,0,mishra_soni
how are you? I miss you!,ham,0,mishra_soni
Omg if its not one thing its another. My cat has worms :/ when does this bad day end?,ham,0,mishra_soni
Ay wana meet on sat?ü wkg on sat?,ham,0,mishra_soni
"Yo, call me when you get the chance, a friend of mine wanted me to ask you about a big order",ham,0,mishra_soni
"Almost there, see u in a sec",ham,0,mishra_soni
Ok.ok ..then..what is ur todays plan,ham,0,mishra_soni
Good Morning my Dear Shijutta........... Have a great &amp; successful day.,ham,0,mishra_soni
Thanks for your message. I really appreciate your sacrifice. I'm not sure of the process of direct pay but will find out on my way back from the test tomorrow. I'm in class now. Do have a wonderful day.,ham,0,mishra_soni
I REALLY NEED 2 KISS U I MISS U MY BABY FROM UR BABY 4EVA,ham,0,mishra_soni
Y ü wan to go there? C doctor?,ham,0,mishra_soni
Hasn't that been the pattern recently crap weekends?,ham,0,mishra_soni
Going to take your babe out ?,ham,0,mishra_soni
"Someone has contacted our dating service and entered your phone becausethey fancy you! To find out who it is call from a landline 09058098002. PoBox1, W14RG 150p",smishing,1,mishra_soni
Rofl. Its true to its name,ham,0,mishra_soni
K.i did't see you.:)k:)where are you now?,ham,0,mishra_soni
"Happy new year to u and ur family...may this new year bring happiness , stability and tranquility to ur vibrant colourful life:):)",ham,0,mishra_soni
"Sorry, I'll call later..busy ryt now..",ham,0,mishra_soni
"Nowadays people are notixiquating the laxinorficated opportunity for bambling of entropication.... Have you ever oblisingately opted ur books for the masteriastering amplikater of fidalfication? It is very champlaxigating, i think it is atrocious.. Wotz Ur Opinion???? Junna",ham,0,mishra_soni
URGENT! This is the 2nd attempt to contact U!U have WON £1000CALL 09071512432 b4 300603t&csBCM4235WC1N3XX.callcost150ppmmobilesvary. max£7. 50,smishing,1,mishra_soni
What u mean u almost done? Done wif sleeping? But i tot u going to take a nap.. Yup i send her liao so i'm picking her up at ard 4 smth lor..,ham,0,mishra_soni
Enjoy urself tmr...,ham,0,mishra_soni
R u over scratching it?,ham,0,mishra_soni
"Whatever, juliana. Do whatever you want.",ham,0,mishra_soni
Hi this is yijue... It's regarding the 3230 textbook it's intro to algorithms second edition... I'm selling it for $50...,ham,0,mishra_soni
Will purchase d stuff today and mail to you. Do you have a po box number?,ham,0,mishra_soni
"Ooh, 4got, i'm gonna start belly dancing in moseley weds 6.30 if u want 2 join me, they have a cafe too.",ham,0,mishra_soni
Po de :-):):-):-):-). No need job aha.,ham,0,mishra_soni
How's ur paper?,ham,0,mishra_soni
HI DARLIN IM MISSIN U HOPE YOU ARE HAVING A GOOD TIME. WHEN ARE U BACK AND WHAT TIME IF U CAN GIVE ME A CALL AT HOME. JESS XX,ham,0,mishra_soni
No probably &lt;#&gt; %.,ham,0,mishra_soni
I'll text now! All creepy like so he won't think that we forgot,ham,0,mishra_soni
I'm freezing and craving ice. Fml,ham,0,mishra_soni
Both :) i shoot big loads so get ready!,ham,0,mishra_soni
Aight sorry I take ten years to shower. What's the plan?,ham,0,mishra_soni
Yes.mum lookin strong:),ham,0,mishra_soni
"Its Ur luck to Love someone. Its Ur fortune to Love the one who Loves U. But, its a miracle to Love a person who can't Love anyone except U... Gud nyt...",ham,0,mishra_soni
"Dear Customer,U've been selected to stay in F1VE STAR hotels - FOR T0DAY'S DRAW! Holiday valued at INR 5,00,000.Dial 8536074310 to claim",smishing,1,mishra_soni
I am literally in bed and have been up for like &lt;#&gt; hours,ham,0,mishra_soni
"Aldrine, rakhesh ex RTM here.pls call.urgent.",ham,0,mishra_soni
"Nah I don't think he goes to usf, he lives around here though",ham,0,mishra_soni
Are you coming to day for class.,ham,0,mishra_soni
"Hello. Sort of out in town already. That . So dont rush home, I am eating nachos. Will let you know eta.",ham,0,mishra_soni
Yes. It's all innocent fun. O:-),ham,0,mishra_soni
"The house is on the water with a dock, a boat rolled up with a newscaster who dabbles in jazz flute behind the wheel",ham,0,mishra_soni
It is not possible,ham,0,mishra_soni
Sindu got job in birla soft ..,ham,0,mishra_soni
"awesome, how do I deal with the gate? Charles told me last night but, uh, yeah",ham,0,mishra_soni
We confirm eating at esplanade?,ham,0,mishra_soni
You have got tallent but you are wasting.,ham,0,mishra_soni
WE WILL HOLD YOUR PAYTM AMOUNT AFTER SOMETIME COMPLETE YOUR PAYTM KYC PAYTM OFFICE PH 7679046492,smishing,1,mishra_soni
Is that what time you want me to come?,ham,0,mishra_soni
You are gorgeous! keep those pix cumming :) thank you!,ham,0,mishra_soni
Last chance 2 claim ur £250 worth of discount vouchers-Text YES to 85022 now!SavaMob-member offers mobile T Cs 08717898036. £3.00 Sub. 16 .,smishing,1,mishra_soni
"Can you pls pls send me a mail on all you know about relatives coming to deliver here? All you know about costs, risks, benefits and anything else. Thanks.",ham,0,mishra_soni
Hi here. have birth at on the to at 8lb 7oz. Mother and baby doing brilliantly.,ham,0,mishra_soni
"URGENT! Your Mobile number has been awarded with a INR.2,00,000 prize GUARANTEED. Call 7908807538 from land line. Claim 3030. Valid 12hrs only",smishing,1,mishra_soni
Mm so you asked me not to call radio,ham,0,mishra_soni
Beauty sleep can help ur pimples too.,ham,0,mishra_soni
Gud mrng dear hav a nice day .do well..stay blessed,ham,0,mishra_soni
I wnt to buy a BMW car urgently..its vry urgent.but hv a shortage of &lt;#&gt; Lacs.there is no source to arng dis amt. &lt;#&gt; lacs..thats my prob,ham,0,mishra_soni
Haha... Yup hopefully we will lose a few kg by mon. after hip hop can go orchard and weigh again,ham,0,mishra_soni
Hey loverboy! I love you !! I had to tell ... I look at your picture ...I want you ... I need you ... I crave you .,ham,0,mishra_soni
This is wishing you a great day. Moji told me about your offer and as always i was speechless. You offer so easily to go to great lengths on my behalf and its stunning. My exam is next friday. After that i will keep in touch more. Sorry.,ham,0,mishra_soni
"Dear customer,Your Apple 1D is due to expire today Prevent this by confiming your Apple ID at ataligaid daal.au",smishing,1,mishra_soni
I'm in a movie... Collect car oredi...,ham,0,mishra_soni
Yes I know the cheesy songs from frosty the snowman :),ham,0,mishra_soni
"Yeah sure, give me a couple minutes to track down my wallet",ham,0,mishra_soni
"Er yeah, i will b there at 15:26, sorry! Just tell me which pub/cafe to sit in and come wen u can",ham,0,mishra_soni
Nt joking seriously i told,ham,0,mishra_soni
You do what all you like,ham,0,mishra_soni
We're finally ready fyi,ham,0,mishra_soni
Your gonna have to pick up a $1 burger for yourself on your way home. I can't even move. Pain is killing me.,ham,0,mishra_soni
Boo. How's things? I'm back at home and a little bored already :-(,ham,0,mishra_soni
"Princess, i like to make love &lt;#&gt; times per night. Hope thats not a problem!",ham,0,mishra_soni
For real when u getting on yo? I only need 2 more tickets and one more jacket and I'm done. I already used all my multis.,ham,0,mishra_soni
"Watching cartoon, listening music ; at evening had to go temple.. What about u?",ham,0,mishra_soni
Do you hide anythiing or keeping distance from me,ham,0,mishra_soni
Havent still waitin as usual... Ü come back sch oredi?,ham,0,mishra_soni
"YOU VE WON! Your 4* Costa Del Sol Holiday or £5000 await collection. Call 09050090044 Now toClaim. SAE, TC s, POBox334, Stockport, SK38xh, Cost£1.50/pm, Max10mins",smishing,1,mishra_soni
Yo do you know anyone &lt;#&gt; or otherwise able to buy liquor? Our guy flaked and right now if we don't get a hold of somebody its just 4 loko all night,ham,0,mishra_soni
"I didnt get ur full msg..sometext is missing, send it again",ham,0,mishra_soni
"Anyway I don't think I can secure anything up here, lemme know if you want me to drive down south and chill",ham,0,mishra_soni
We'll you pay over like &lt;#&gt; yrs so its not too difficult,ham,0,mishra_soni
Buzzzz! *grins* Did I buzz your ass? Buzz your chest ? Buzz your cock ? Where do you keep your phone ? Is the vibrator on ? Did you feel it shake ?,ham,0,mishra_soni
"In the Open Lucky Draw Contest And You Are The Winner 0f Tata Saafari (12,60000). Contact-997330199 -2294871295. More Information https://bit.ly/32ZwcQ5",smishing,1,mishra_soni
"Oh, i will get paid. The most outstanding one is for a commercial i did for Hasbro...in AUGUST! They made us jump through so many hoops to get paid. Still not.",ham,0,mishra_soni
I've got it down to a tea. not sure which flavour,ham,0,mishra_soni
How to Make a girl Happy? It's not at all difficult to make girls happy. U only need to be... 1. A friend 2. Companion 3. Lover 4. Chef . . . &lt;#&gt; . Good listener &lt;#&gt; . Organizer &lt;#&gt; . Good boyfriend &lt;#&gt; . Very clean &lt;#&gt; . Sympathetic &lt;#&gt; . Athletic &lt;#&gt; . Warm . . . &lt;#&gt; . Courageous &lt;#&gt; . Determined &lt;#&gt; . True &lt;#&gt; . Dependable &lt;#&gt; . Intelligent . . . &lt;#&gt; . Psychologist &lt;#&gt; . Pest exterminator &lt;#&gt; . Psychiatrist &lt;#&gt; . Healer . . &lt;#&gt; . Stylist &lt;#&gt; . Driver . . Aaniye pudunga venaam..,ham,0,mishra_soni
I want to send something that can sell fast. &lt;#&gt; k is not easy money.,ham,0,mishra_soni
"wiskey Brandy Rum Gin Beer Vodka Scotch Shampain Wine ""KUDI""yarasu dhina vaazhthukkal. ..",ham,0,mishra_soni
"My life Means a lot to me, Not because I love my life, But because I love the people in my life, The world calls them friends, I call them my World:-).. Ge:-)..",ham,0,mishra_soni
Your free gift is waiting to be collected. Simply call 08718738034,smishing,1,mishra_soni
But my family not responding for anything. Now am in room not went to home for diwali but no one called me and why not coming. It makes me feel like died.,ham,0,mishra_soni
Will have two more cartons off u and is very pleased with shelves,ham,0,mishra_soni
"Sorry, I'll call later..lets meet later..",ham,0,mishra_soni
"It's that time of the week again, ryan",ham,0,mishra_soni
There's someone here that has a year &lt;#&gt; toyota camry like mr olayiwola's own. Mileage is &lt;#&gt; k.its clean but i need to know how much will it sell for. If i can raise the dough for it how soon after landing will it sell. Holla back.,ham,0,mishra_soni
"U wake up already? Wat u doing? U picking us up later rite? I'm taking sq825, reaching ard 7 smth 8 like dat. U can check e arrival time. C ya soon...",ham,0,mishra_soni
"Guy, no flash me now. If you go call me, call me. How madam. Take care oh.",ham,0,mishra_soni
"She said,'' do u mind if I go into the bedroom for a minute ? '' ''OK'', I sed in a sexy mood. She came out 5 minuts latr wid a cake",ham,0,mishra_soni
I dunno lei... Like dun haf...,ham,0,mishra_soni
"Dear Matthew please call 09063440451 from a landline, your complimentary 4*Lux Tenerife holiday or £1000 CASH await collection. ppm150 SAE T&Cs Box334 SK38XH.",smishing,1,mishra_soni
Yes..he is really great..bhaji told kallis best cricketer after sachin in world:).very tough to get out.,ham,0,mishra_soni
U have a secret admirer who is looking 2 make contact with U-find out who they R*reveal who thinks UR so special-call on 09058094599,smishing,1,mishra_soni
I cant pick the phone right now. I will call u back..,ham,0,mishra_soni
Lol for real. She told my dad I have cancer,ham,0,mishra_soni
Horrible u eat macs eat until u forgot abt me already rite... U take so long 2 reply. I thk it's more toot than b4 so b prepared. Now wat shall i eat?,ham,0,mishra_soni
Yunny i'm walking in citylink now ü faster come down... Me very hungry...,ham,0,mishra_soni
Do u still have plumbers tape and a wrench we could borrow?,ham,0,mishra_soni
"ATM BLOCK:Dear customer, Due to our system upgrade your ATM card has just been De-Activated. To Re-Activate call customer care for help 8536074310 now.",smishing,1,mishra_soni
Is that seriously how you spell his name?,ham,0,mishra_soni
"Okay, good, no problem, and thanx!",ham,0,mishra_soni
X course it 2yrs. Just so her messages on messenger lik you r sending me,ham,0,mishra_soni
They just talking thats it de. They wont any other.,ham,0,mishra_soni
Were gonna go get some tacos,ham,0,mishra_soni
I've reached sch already...,ham,0,mishra_soni
Dear got train and seat mine lower seat,ham,0,mishra_soni
Lol enjoy role playing much?,ham,0,mishra_soni
Hello-/@drivby-:0quit edrunk sorry iff pthis makes no senrd-dnot no how ^ dancce 2 drum n basq!ihave fun 2nhite x ros xxxxxxx,ham,0,mishra_soni
"That's fine, I'll bitch at you about it later then",ham,0,mishra_soni
Ok... Thanx... Gd nite 2 ü too...,ham,0,mishra_soni
I meant as an apology from me for texting you to get me drugs at &lt;#&gt; at night,ham,0,mishra_soni
"If you don't, your prize will go to another customer. T&C at www.t-c.biz 18+ 150p/min Polo Ltd Suite 373 London W1J 6HL Please call back if busy",smishing,1,mishra_soni
Company is very good.environment is terrific. All Good..,ham,0,mishra_soni
I always chat with you. In fact i need money can you raise me?,ham,0,mishra_soni
Boo what time u get out? U were supposed to take me shopping today. :(,ham,0,mishra_soni
"Why is that, princess? I bet the brothas are all chasing you!",ham,0,mishra_soni
"That's the trouble with classes that go well - you're due a dodgey one … Expecting mine tomo! See you for recovery, same time, same place",ham,0,mishra_soni
Yo! Howz u? girls never rang after india. L,ham,0,mishra_soni
No i am not having any movies in my laptop download,ham,0,mishra_soni
Watching tv lor...,ham,0,mishra_soni
K..k.:)congratulation ..,ham,0,mishra_soni
"Good morning, im suffering from fever and dysentry ..will not be able to come to office today.",ham,0,mishra_soni
says the &lt;#&gt; year old with a man and money. I'm down to my last &lt;#&gt; . Still waiting for that check.,ham,0,mishra_soni
"Congrats! 1 year special cinema pass for 2 is yours. call 09061209465 now! C Suprman V, Matrix3, StarWars3, etc all 4 FREE!",smishing,1,mishra_soni
And now electricity just went out fml.,ham,0,mishra_soni
"Congrats, Your Product Order at Paytm Mall Pvt. Ltd. Is accepted. Message Your Name Company and account number to PH 7679046492",smishing,1,mishra_soni
"Aight , I'll get it later",ham,0,mishra_soni
P just made your holidays more fun. Buy any HP pavilion notebook & get a Kodak camera. Shoot it. Share it. T&C apply. HP World: WOC Rd 9986686555 / 991697439,smishing,1,mishra_soni
Still in customer place,ham,0,mishra_soni
If I was I wasn't paying attention,ham,0,mishra_soni
"Nope. Since ayo travelled, he has forgotten his guy",ham,0,mishra_soni
Ee msg na poortiyagi odalebeku: Hanumanji 7 name 1-Hanuman 2-Bajarangabali 3-Maruti 4-Pavanaputra 5-Sankatmochan 6-Ramaduth 7-Mahaveer ee 7 name &lt;#&gt; janarige ivatte kalisidare next saturday olage ondu good news keluviri...! Maretare inde 1 dodda problum nalli siguviri idu matra &lt;#&gt; % true.. Don't neglet.,ham,0,mishra_soni
i dnt wnt to tlk wid u,ham,0,mishra_soni
I will take care of financial problem.i will help:),ham,0,mishra_soni
URGENT! Your Mobile number has been awarded with a £2000 prize GUARANTEED. Call 09061790121 from land line. Claim 3030. Valid 12hrs only 150ppm,smishing,1,mishra_soni
"A Boy loved a gal. He propsd bt she didnt mind. He gv lv lttrs, Bt her frnds threw thm. Again d boy decided 2 aproach d gal , dt time a truck was speeding towards d gal. Wn it was about 2 hit d girl,d boy ran like hell n saved her. She asked 'hw cn u run so fast?' D boy replied ""Boost is d secret of my energy"" n instantly d girl shouted ""our energy"" n Thy lived happily 2gthr drinking boost evrydy Moral of d story:- I hv free msgs:D;): gud ni8",ham,0,mishra_soni
I am on the way to tirupur.,ham,0,mishra_soni
"Depends on quality. If you want the type i sent boye, faded glory, then about 6. If you want ralphs maybe 2",ham,0,mishra_soni
"Dunno, my dad said he coming home 2 bring us out 4 lunch. Yup i go w u lor. I call u when i reach school lor...",ham,0,mishra_soni
Yeah my usual guy's out of town but there're definitely people around I know,ham,0,mishra_soni
I will reach ur home in &lt;#&gt; minutes,ham,0,mishra_soni
Want to finally have lunch today?,ham,0,mishra_soni
Id have to check but there's only like 1 bowls worth left,ham,0,mishra_soni
Ok thanx...,ham,0,mishra_soni
Guessin you ain't gonna be here before 9?,ham,0,mishra_soni
Do you know when dad will be back?,ham,0,mishra_soni
Oh ho. this the first time u use these type of words..I didn t expected this...,ham,0,mishra_soni
It should take about &lt;#&gt; min,ham,0,mishra_soni
"Say this slowly.? GOD,I LOVE YOU and I NEED YOU,CLEAN MY HEART WITH YOUR BLOOD.Send this to Ten special people, u c miracle tomorrow..",ham,0,mishra_soni
Ok... Take ur time n enjoy ur dinner...,ham,0,mishra_soni
"Pity, * was in mood for that. So...any other suggestions?",ham,0,mishra_soni
"Oh... I was thkin of goin yogasana at 10 den no nd to go at 3 den can rush to parco 4 nb... Okie lor, u call me when ready...",ham,0,mishra_soni
So what about you. What do you remember,ham,0,mishra_soni
Send his number and give reply tomorrow morning for why you said that to him like that ok,ham,0,mishra_soni
Lara said she can loan me &lt;#&gt; .,ham,0,mishra_soni
URGENT! We are trying to contact U. Todays draw shows that you have won a £800 prize GUARANTEED. Call 09050003092 from land line. Claim C52. Valid 12hrs only,smishing,1,mishra_soni
December only! Had your mobile 11mths+? You are entitled to update to the latest colour camera mobile for Free! Call on 08002986905,smishing,1,mishra_soni
Its a part of checking IQ .just did that for fun..,ham,0,mishra_soni
Yup i've finished c ü there...,ham,0,mishra_soni
Yeah I'll try to scrounge something up,ham,0,mishra_soni
Hey... What time is your driving on fri? We go for evaluation on fri?,ham,0,mishra_soni
It's é only $140 ard...É rest all ard $180 at least...Which is é price 4 é 2 bedrm ($900),ham,0,mishra_soni
Yes fine,ham,0,mishra_soni
They did't play one day last year know even though they have very good team.. Like india.,ham,0,mishra_soni
I anything lor. Just let me know..,ham,0,mishra_soni
"My Parents, My Kidz, My Friends n My Colleagues. All screaming.. SURPRISE !! and I was sleeping!!",ham,0,mishra_soni
Lol your right. What diet? Everyday I cheat anyway. I'm meant to be a fatty :(,ham,0,mishra_soni
Huh but i cant go 2 ur house empty handed right?,ham,0,mishra_soni
I'm in town now so i'll jus take mrt down later.,ham,0,mishra_soni
Thanx a lot 4 ur help!,ham,0,mishra_soni
am up to my eyes in philosophy,ham,0,mishra_soni
when you and derek done with class?,ham,0,mishra_soni
"Fun fact: although you would think armand would eventually build up a tolerance or some shit considering how much he smokes, he gets up in like 2 hits",ham,0,mishra_soni
"Ya, told..she was asking wats matter?",ham,0,mishra_soni
jay says he'll put in &lt;#&gt;,ham,0,mishra_soni
Ok i am on the way to home hi hi,ham,0,mishra_soni
"Dear Sir,Salam Alaikkum.Pride and Pleasure meeting you today at the Tea Shop.We are pleased to send you our contact number at Qatar.Rakhesh an Indian.Pls save our Number.Respectful Regards.",ham,0,mishra_soni
You are awarded a SiPix Digital Camera! call 09061221068 fromm landline. Delivery within 10 days.,smishing,1,mishra_soni
"Your K.Y.C has been updated successfully, you will get 1205 cashback in your wallet, To get cashback click here Link http://8629a7f1.ngrok.io",smishing,1,mishra_soni
Text her. If she doesnt reply let me know so i can have her log in,ham,0,mishra_soni
Hows the pain dear?y r u smiling?,ham,0,mishra_soni
55 that's all? Guess that's easy enough,ham,0,mishra_soni
In which place i can get rooms cheap:-),ham,0,mishra_soni
What time should I tell my friend to be around?,ham,0,mishra_soni
K:)i will give my kvb acc details:),ham,0,mishra_soni
How long does it take to get it.,ham,0,mishra_soni
Oh k. . I will come tomorrow,ham,0,mishra_soni
Please reserve ticket on saturday eve from chennai to thirunelvali and again from tirunelvali to chennai on sunday eve...i already see in net..no ticket available..i want to book ticket through tackle ..,ham,0,mishra_soni
Dear PAYTM customer your Paytm KYC has expired. Contact customer care No-7908807538 immediately. your account will Block within 24 hr. Thank you PAYTM TEAM.,smishing,1,mishra_soni
Oh k.k..where did you take test?,ham,0,mishra_soni
The bus leaves at &lt;#&gt;,ham,0,mishra_soni
Already am squatting is the new way of walking,ham,0,mishra_soni
Every monday..nxt week vl be completing..,ham,0,mishra_soni
"OH YEAH,AND HAV A GREAT TIME IN NEWQUAY-SEND ME A POSTCARD !1 LOOK AFTER ALL THE GIRLS WHILE IM GONE(U KNOW THE 1IM TALKIN BOUT!)xx",ham,0,mishra_soni
Later i guess. I needa do mcat study too.,ham,0,mishra_soni
But i haf enuff space got like 4 mb...,ham,0,mishra_soni
Men like shorter ladies. Gaze up into his eyes.,ham,0,mishra_soni
Dont flatter yourself... Tell that man of mine two pints of carlin in ten minutes please....,ham,0,mishra_soni
Hi did u decide wot 2 get 4 his bday if not ill prob jus get him a voucher frm virgin or sumfing,ham,0,mishra_soni
R u in this continent?,ham,0,mishra_soni
Pandy joined 4w technologies today.he got job..,ham,0,mishra_soni
We tried to contact you re your reply to our offer of a Video Handset? 750 anytime any networks mins? UNLIMITED TEXT? call 08000930705 NOW,smishing,1,mishra_soni
"Did you say bold, then torch later. Or one torch and 2bold?",ham,0,mishra_soni
"Jus chillaxin, what up",ham,0,mishra_soni
"That's good, because I need drugs",ham,0,mishra_soni
Am slow in using biola's fne,ham,0,mishra_soni
K fyi x has a ride early tomorrow morning but he's crashing at our place tonight,ham,0,mishra_soni
Dear Customer your pyatm wallet Has been booked and hold Your amount please complete your kyc contact customer care 7908807538,smishing,1,mishra_soni
"Yep, the great loxahatchee xmas tree burning of &lt;#&gt; starts in an hour",ham,0,mishra_soni
"Received, understood n acted upon!",ham,0,mishra_soni
Well I might not come then...,ham,0,mishra_soni
That's a shame! Maybe cld meet for few hrs tomo?,ham,0,mishra_soni
Take us out shopping and Mark will distract Isaiah.=D,ham,0,mishra_soni
i thought we were doing a king of the hill thing there.,ham,0,mishra_soni
Yes I posted a couple of pics on fb. There's still snow outside too. I'm just waking up :),ham,0,mishra_soni
Joy's father is John. Then John is the ____ of Joy's father. Answer?,ham,0,mishra_soni
XMAS REWARD IS WAITING FOR YOU! Our computer has randomly picked you from our mobile customers to receive a $ 400 reward. Just call 09066364589,smishing,1,mishra_soni
PRIVATE! Your 2003 Account Statement for 07808 XXXXXX shows 800 un-redeemed S. I. M. points. Call 08719899217 Identifier Code: 41685 Expires 07/11/04,smishing,1,mishra_soni
"Hiya, probably coming home * weekend after next",ham,0,mishra_soni
I don't run away frm u... I walk slowly &amp; it kills me that u don't care enough to stop me...,ham,0,mishra_soni
Wow so healthy. Old airport rd lor. Cant thk of anything else. But i'll b bathing my dog later.,ham,0,mishra_soni
Someone has contacted our dating service and entered your phone because they fancy you! To find out who it is call from a landline 09111032124 . PoBox12n146tf150p,smishing,1,mishra_soni
Natalja (25/F) is inviting you to be her friend. Call 08718738034,smishing,1,mishra_soni
Lol yes. But it will add some spice to your day.,ham,0,mishra_soni
Beautiful truth : Expression of the face could Be seen by everyone... But the depression of heart Could be understood only By the Loved ones.. Gud Ni8;-),ham,0,mishra_soni
URGENT: IRELAND GOV has issued a payment of 350 to all residents as part of its promise to battle COVID 19. Tap here to apply: http://url.ie/17j80,smishing,1,mishra_soni
Well welp is sort of a semiobscure internet thing,ham,0,mishra_soni
Orh i tot u say she now still dun believe.,ham,0,mishra_soni
Yeah no probs - last night is obviously catching up with you... Speak soon,ham,0,mishra_soni
"Dear all, as we know &lt;#&gt; th is the &lt;#&gt; th birthday of our loving Gopalettan. We are planning to give a small gift on that day. Those who like to participate in that you are welcome. Please contact our admin team for more details",ham,0,mishra_soni
"Night night, see you tomorrow",ham,0,mishra_soni
Happy valentines day I know its early but i have hundreds of handsomes and beauties to wish. So i thought to finish off aunties and uncles 1st...,ham,0,mishra_soni
"Do you know why god created gap between your fingers..? So that, One who is made for you comes and fills those gaps by holding your hand with CARE..!",ham,0,mishra_soni
"Aight, we'll head out in a few",ham,0,mishra_soni
"My sister in law, hope you are having a great month. Just saying hey. Abiola",ham,0,mishra_soni
Thought I didn't see you.,ham,0,mishra_soni
Dont you have message offer,ham,0,mishra_soni
HIYA STU WOT U UP 2.IM IN SO MUCH TRUBLE AT HOME AT MOMENT EVONE HATES ME EVEN U! WOT THE HELL AV I DONE NOW? Y WONT U JUST TELL ME TEXT BCK PLEASE LUV DAN,ham,0,mishra_soni
Haha... Really oh no... How? Then will they deduct your lesson tmr?,ham,0,mishra_soni
Do you want a New Nokia 3510i colour phone DeliveredTomorrow? Wit 100 free texts + Free Camcorder reply or call 08000930705,smishing,1,mishra_soni
I luv u soo much u don’t understand how special u r 2 me ring u 2morrow luv u xxx,ham,0,mishra_soni
V skint too but fancied few bevies.waz gona go meet &othrs in spoon but jst bin watchng planet earth&sofa is v comfey; If i dont make it hav gd night,ham,0,mishra_soni
As in different styles?,ham,0,mishra_soni
You are not bothering me but you have to trust my answers. Pls.,ham,0,mishra_soni
Dear :-/ why you mood off. I cant drive so i brother to drive,ham,0,mishra_soni
do u think that any girl will propose u today by seing ur bloody funky face..........................,ham,0,mishra_soni
what I meant to say is cant wait to see u again getting bored of this bridgwater banter,ham,0,mishra_soni
When should I come over?,ham,0,mishra_soni
"SHIT BABE.. THASA BIT MESSED UP.YEH, SHE SHUDVETOLD U. DID URGRAN KNOW?NEWAY, ILLSPEAK 2 U2MORO WEN IM NOT ASLEEP...",ham,0,mishra_soni
Should I head straight there or what,ham,0,mishra_soni
K... Must book a not huh? so going for yoga basic on sunday?,ham,0,mishra_soni
Now am free call me pa.,ham,0,mishra_soni
"Wishing you and your family Merry ""X"" mas in advance..",ham,0,mishra_soni
"Thank You for calling.Forgot to say Happy Onam to you Sirji.I am fine here and remembered you when i met an insurance person.Meet You in Qatar Insha Allah.Rakhesh, ex Tata AIG who joined TISSCO,Tayseer.",ham,0,mishra_soni
At 7 we will go ok na.,ham,0,mishra_soni
"Dear, will call Tmorrow.pls accomodate.",ham,0,mishra_soni
I dont have that much image in class.,ham,0,mishra_soni
"Goodmorning,my grandfather expired..so am on leave today.",ham,0,mishra_soni
"Playin space poker, u?",ham,0,mishra_soni
Just got up. have to be out of the room very soon. …. i hadn't put the clocks back til at 8 i shouted at everyone to get up and then realised it was 7. wahay. another hour in bed.,ham,0,mishra_soni
Aah! A cuddle would be lush! I'd need lots of tea and soup before any kind of fumbling!,ham,0,mishra_soni
WOT U WANNA DO THEN MISSY?,ham,0,mishra_soni
Are you free now?can i call now?,ham,0,mishra_soni
Missed your call cause I was yelling at scrappy. Miss u. Can't wait for u to come home. I'm so lonely today.,ham,0,mishra_soni
U call me alter at 11 ok.,ham,0,mishra_soni
Good morning princess! How are you?,ham,0,mishra_soni
Aight do you still want to get money,ham,0,mishra_soni
It shall be fine. I have avalarr now. Will hollalater,ham,0,mishra_soni
We're done...,ham,0,mishra_soni
O shore are you takin the bus,ham,0,mishra_soni
K k pa Had your lunch aha.,ham,0,mishra_soni
"YOUR CHANCE TO BE ON A REALITY FANTASY SHOW call now = 08707509020 Just 20p per min NTT Ltd, PO Box 1327 Croydon CR9 5WB 0870 is a national = rate call.",smishing,1,mishra_soni
Boy you best get yo ass out here quick,ham,0,mishra_soni
"Ola would get back to you maybe not today but I ve told him you can be his direct link in the US in getting cars he bids for online, you arrange shipping and you get a cut. Or U????? For a partnership where U????? Invest money for shipping and he takes care of the rest!U??Wud b self reliant soon dnt worry",ham,0,mishra_soni
I had it already..sabarish asked me to go..,ham,0,mishra_soni
HI DARLIN ITS KATE ARE U UP FOR DOIN SOMETHIN TONIGHT? IM GOING TO A PUB CALLED THE SWAN OR SOMETHING WITH MY PARENTS FOR ONE DRINK SO PHONE ME IF U CAN,ham,0,mishra_soni
S:)8 min to go for lunch:),ham,0,mishra_soni
S da..al r above &lt;#&gt;,ham,0,mishra_soni
"What are you doing in langport? Sorry, but I'll probably be in bed by 9pm. It sucks being ill at xmas! When do you and go2sri lanka?",ham,0,mishra_soni
Sleeping nt feeling well,ham,0,mishra_soni
"The world is running and i am still.maybe all are feeling the same,so be it.or i have to admit,i am mad.then where is the correction?or let me call this is life.and keep running with the world,may be u r also running.lets run.",ham,0,mishra_soni
"K, I might come by tonight then if my class lets out early",ham,0,mishra_soni
Thank you princess! You are so sexy...,ham,0,mishra_soni
"K I'll head out in a few mins, see you there",ham,0,mishra_soni
Thinking of u ;) x,ham,0,mishra_soni
Can come my room but cannot come my house cos my house still messy... Haha...,ham,0,mishra_soni
Oh you got many responsibilities.,ham,0,mishra_soni
Blank is Blank. But wat is blank? Lol,ham,0,mishra_soni
O ic lol. Should play 9 doors sometime yo,ham,0,mishra_soni
I don't know jack shit about anything or i'd say/ask something helpful but if you want you can pretend that I did and just text me whatever in response to the hypotheticalhuagauahahuagahyuhagga,ham,0,mishra_soni
No it will reach by 9 only. She telling she will be there. I dont know,ham,0,mishra_soni
And pls pls drink plenty plenty water,ham,0,mishra_soni
DO NOT B LATE LOVE MUM,ham,0,mishra_soni
"You are being contacted by our Dating Service by someone you know! To find out who it is, call from your mobile or landline 09064017305 PoBox75LDNS7",smishing,1,mishra_soni
I've been trying to reach him without success,ham,0,mishra_soni
What time do u get out?,ham,0,mishra_soni
I ask if u meeting da ge tmr nite...,ham,0,mishra_soni
"Wen ur lovable bcums angry wid u, dnt take it seriously.. Coz being angry is d most childish n true way of showing deep affection, care n luv!.. kettoda manda... Have nice day da.",ham,0,mishra_soni
PLEASSSSSSSEEEEEE TEL ME V AVENT DONE SPORTSx,ham,0,mishra_soni
"My friend, she's studying at warwick, we've planned to go shopping and to concert tmw, but it may be canceled, havn't seen for ages, yeah we should get together sometime!",ham,0,mishra_soni
I uploaded mine to Facebook,ham,0,mishra_soni
Msgs r not time pass.They silently say that I am thinking of U right now and also making U think of me at least 4 a moment. Gd nt.swt drms @Shesil,ham,0,mishra_soni
What is this 'hex' place you talk of? Explain!,ham,0,mishra_soni
I'm at home. Meet u here,ham,0,mishra_soni
Then mum's repent how?,ham,0,mishra_soni
URGENT! Your Mobile number has been awarded with a £2000 prize GUARANTEED. Call 09061790126 from land line. Claim 3030. Valid 12hrs only 150ppm,smishing,1,mishra_soni
We can go 4 e normal pilates after our intro...,ham,0,mishra_soni
Will do. Was exhausted on train this morning. Too much wine and pie. You sleep well too,ham,0,mishra_soni
"Goodmorning, today i am late for 2hrs. Because of back pain.",ham,0,mishra_soni
Ok i will tell her to stay out. Yeah its been tough but we are optimistic things will improve this month.,ham,0,mishra_soni
"How long has it been since you screamed, princess?",ham,0,mishra_soni
Hi ....My engagement has been fixd on &lt;#&gt; th of next month. I know its really shocking bt....hmm njan vilikkam....t ws al of a sudn;-(.,ham,0,mishra_soni
Where's mummy's boy ? Is he being good or bad ? Is he being positive or negative ? Why is mummy being made to wait? Hmmmm?,ham,0,mishra_soni
happened here while you were adventuring,ham,0,mishra_soni
Ok i've sent u da latest version of da project.,ham,0,mishra_soni
Thanks for picking up the trash.,ham,0,mishra_soni
"1) Go to write msg 2) Put on Dictionary mode 3)Cover the screen with hand, 4)Press &lt;#&gt; . 5)Gently remove Ur hand.. Enjoy!!!",ham,0,mishra_soni
I was at bugis juz now wat... But now i'm walking home oredi... Ü so late then reply... I oso saw a top dat i like but din buy... Where r ü now?,ham,0,mishra_soni
He also knows about lunch menu .I know this thing,ham,0,mishra_soni
at bruce b downs &amp; fletcher now,ham,0,mishra_soni
"Hey elaine, is today's meeting still on?",ham,0,mishra_soni
Mmmm.... I cant wait to lick it!,ham,0,mishra_soni
Ok lor then we go tog lor...,ham,0,mishra_soni
K do I need a login or anything,ham,0,mishra_soni
Still i have not checked it my dear..,ham,0,mishra_soni
Then why you came to hostel.,ham,0,mishra_soni
Oh thanks a lot..i already bought 2 eggs ..,ham,0,mishra_soni
I've been barred from all B and Q stores for life!?This twat in orange dungerees came up to me and asked if I wanted decking? So I got the first punch in!!,ham,0,mishra_soni
How come i din c ü... Yup i cut my hair...,ham,0,mishra_soni
"You have won ?1,000 cash or a ?2,000 prize! To claim, call09050000327",smishing,1,mishra_soni
No. I meant the calculation is the same. That &lt;#&gt; units at &lt;#&gt; . This school is really expensive. Have you started practicing your accent. Because its important. And have you decided if you are doing 4years of dental school or if you'll just do the nmde exam.,ham,0,mishra_soni
As per your request 'Melle Melle (Onnukoodi)' has been set as your callertune for all Callers. Press *9 to copy your friends Callertune,ham,0,mishra_soni
Depends on where u going lor.,ham,0,mishra_soni
Hmm ill have to think about it... ok you're forgiven! =D,ham,0,mishra_soni
Here got lots of hair dresser fr china.,ham,0,mishra_soni
They don't put that stuff on the roads to keep it from getting slippery over there?,ham,0,mishra_soni
Huh? 6 also cannot? Then only how many mistakes?,ham,0,mishra_soni
"Uh, heads up we don't have THAT much left",ham,0,mishra_soni
"Haha I heard that, text me when you're around",ham,0,mishra_soni
Hey... Why dont we just go watch x men and have lunch... Haha,ham,0,mishra_soni
Yup ok I am agreed..,ham,0,mishra_soni
Just sleeping..and surfing,ham,0,mishra_soni
I come n pick ü up... Come out immediately aft ur lesson...,ham,0,mishra_soni
I havent lei.. Next mon can?,ham,0,mishra_soni
I'll probably be around mu a lot,ham,0,mishra_soni
Not to worry. I'm sure you'll get it.,ham,0,mishra_soni
K:)k.are you in college?,ham,0,mishra_soni
Dear how is chechi. Did you talk to her,ham,0,mishra_soni
UR GOING 2 BAHAMAS! CallFREEFONE 08081560665 and speak to a live operator to claim either Bahamas cruise of£2000 CASH 18+only.,smishing,1,mishra_soni
Hey we can go jazz power yoga hip hop kb and yogasana,ham,0,mishra_soni
Ok no problem... Yup i'm going to sch at 4 if i rem correctly...,ham,0,mishra_soni
No need for the drug anymore.,ham,0,mishra_soni
About &lt;#&gt; bucks. The banks fees are fixed. Better to call the bank and find out.,ham,0,mishra_soni
Den wat will e schedule b lk on sun?,ham,0,mishra_soni
Does she usually take fifteen minutes to respond to a yes or no question,ham,0,mishra_soni
I'm home. Doc gave me pain meds says everything is fine.,ham,0,mishra_soni
Tell where you reached,ham,0,mishra_soni
"My friend just got here and says he's upping his order by a few grams (he's got $ &lt;#&gt; ), when can you get here?",ham,0,mishra_soni
You still around? Looking to pick up later,ham,0,mishra_soni
Ha ha cool cool chikku chikku:-):-DB-),ham,0,mishra_soni
Any chance you might have had with me evaporated as soon as you violated my privacy by stealing my phone number from your employer's paperwork. Not cool at all. Please do not contact me again or I will report you to your supervisor.,ham,0,mishra_soni
Okie but i scared u say i fat... Then u dun wan me already...,ham,0,mishra_soni
I've sent ü my part..,ham,0,mishra_soni
Lol I would but my mom would have a fit and tell the whole family how crazy and terrible I am,ham,0,mishra_soni
"Goodmorning, Today i am late for 5min.",ham,0,mishra_soni
"Yalru lyfu astne chikku.. Bt innu mundhe lyf ali halla ke bilo (marriage)program edhae, so lyf is nt yet ovr chikku..ali vargu lyfu meow meow:-D",ham,0,mishra_soni
Hmmm:)how many players selected?,ham,0,mishra_soni
"Hello, my boytoy! I made it home and my constant thought is of you, my love. I hope your having a nice visit but I can't wait till you come home to me ...*kiss*",ham,0,mishra_soni
"A gram usually runs like &lt;#&gt; , a half eighth is smarter though and gets you almost a whole second gram for &lt;#&gt;",ham,0,mishra_soni
I bought the test yesterday. Its something that lets you know the exact day u ovulate.when will get 2u in about 2 to 3wks. But pls pls dont fret. I know u r worried. Pls relax. Also is there anything in ur past history u need to tell me?,ham,0,mishra_soni
I keep ten rs in my shelf to purchase a ball..,ham,0,mishra_soni
I'm so in love with you. I'm excited each day i spend with you. You make me so happy.,ham,0,mishra_soni
Jesus christ bitch I'm trying to give you drugs answer your phone,ham,0,mishra_soni
4mths half price Orange line rental & latest camera phones 4 FREE. Had your phone 11mths+? Call MobilesDirect free on 08000938768 to update now!,smishing,1,mishra_soni
"Dear friends, sorry for the late information. Today is the birthday of our loving Ar.Praveesh. for more details log on to face book and see. Its his number + &lt;#&gt; . Dont miss a delicious treat.",ham,0,mishra_soni
Dont gimme that lip caveboy,ham,0,mishra_soni
"Do you know why god created gap between your fingers..? So that, One who is made for you comes &amp; fills those gaps by holding your hand with LOVE..!",ham,0,mishra_soni
Oh is it? Send me the address,ham,0,mishra_soni
No dear i was sleeping :-P,ham,0,mishra_soni
I hate when she does this. She turns what should be a fun shopping trip into an annoying day of how everything would look in her house.,ham,0,mishra_soni
"Hmph. Go head, big baller.",ham,0,mishra_soni
R u still working now?,ham,0,mishra_soni
K ill drink.pa then what doing. I need srs model pls send it to my mail id pa.,ham,0,mishra_soni
There is a first time for everything :),ham,0,mishra_soni
Hope you are ENJOYING a great day.,ham,0,mishra_soni
Those were my exact intentions,ham,0,mishra_soni
And you! Will expect you whenever you text! Hope all goes well tomo,ham,0,mishra_soni
"Evening * v good if somewhat event laden. Will fill you in, don't you worry … Head * ok but throat * wrecked. See you at six then!",ham,0,mishra_soni
"Yo, you at jp and hungry like a mofo?",ham,0,mishra_soni
Don't forget who owns you and who's private property you are ... And be my good boy always .. *passionate kiss*,ham,0,mishra_soni
Auntie huai juan never pick up her phone,ham,0,mishra_soni
"I'm nt goin, got somethin on, unless they meetin 4 dinner lor... Haha, i wonder who will go tis time...",ham,0,mishra_soni
"Okey dokey, i‘ll be over in a bit just sorting some stuff out.",ham,0,mishra_soni
Dear good morning how you feeling dear,ham,0,mishra_soni
I wont get concentration dear you know you are my mind and everything :-),ham,0,mishra_soni
None of that's happening til you get here though,ham,0,mishra_soni
I want snow. It's just freezing and windy.,ham,0,mishra_soni
I though we shd go out n have some fun so bar in town or something – sound ok?,ham,0,mishra_soni
Do you like shaking your booty on the dance floor?,ham,0,mishra_soni
Or better still can you catch her and let ask her if she can sell &lt;#&gt; for me.,ham,0,mishra_soni
Waiting 4 my tv show 2 start lor... U leh still busy doing ur report?,ham,0,mishra_soni
"How long before you get reply, just defer admission til next semester",ham,0,mishra_soni
We took hooch for a walk toaday and i fell over! Splat! Grazed my knees and everything! Should have stayed at home! See you tomorrow!,ham,0,mishra_soni
Babe ! What are you doing ? Where are you ? Who are you talking to ? Do you think of me ? Are you being a good boy? Are you missing me? Do you love me ?,ham,0,mishra_soni
Love it! Daddy will make you scream with pleasure! I am going to slap your ass with my dick!,ham,0,mishra_soni
Just nw i came to hme da..,ham,0,mishra_soni
In da car park,ham,0,mishra_soni
Now that you have started dont stop. Just pray for more good ideas and anything i see that can help you guys i.ll forward you a link.,ham,0,mishra_soni
"Best msg: It's hard to be with a person, when u know that one more step foward will make u fall in love.. &amp; One step back can ruin ur friendship.. good night:-) ...",ham,0,mishra_soni
It took Mr owl 3 licks,ham,0,mishra_soni
Are you going to write ccna exam this week??,ham,0,mishra_soni
"She said,'' do u mind if I go into the bedroom for a minute ? '' ''OK'', I sed in a sexy mood.",ham,0,mishra_soni
Lol. Well quality aint bad at all so i aint complaining,ham,0,mishra_soni
Except theres a chick with huge boobs.,ham,0,mishra_soni
I'm at work. Please call,ham,0,mishra_soni
Are you the cutest girl in the world or what,ham,0,mishra_soni
"Loan for any purpose £500 - £75,000. Homeowners + Tenants welcome. Have you been previously refused? We can still help. Call Free 0800 1956669",smishing,1,mishra_soni
yay! finally lol. i missed our cinema trip last week :-(,ham,0,mishra_soni
Now project pa. After that only i can come.,ham,0,mishra_soni
Eh u remember how 2 spell his name... Yes i did. He v naughty make until i v wet.,ham,0,mishra_soni
my ex-wife was not able to have kids. Do you want kids one day?,ham,0,mishra_soni
Ok.ok ok..then..whats ur todays plan,ham,0,mishra_soni
"Congrats 2 mobile 3G Videophones R yours. call 09063458130 now! videochat wid ur mates, play java games, Dload polypH music, noline rentl. bx420. ip4. 5we. 150p",smishing,1,mishra_soni
I knew it... U slept v late yest? Wake up so late...,ham,0,mishra_soni
Lol ok. I'll snatch her purse too.,ham,0,mishra_soni
Apart from the one i told you about yesterday?,ham,0,mishra_soni
Majestic mountains to calm beaches. Adventure holidays to quiet getaways. Manali to Ooty. Puri to Munnar. Holiday for 25 years.EMIs frm Rs.2366. T&C. 9895930777,smishing,1,mishra_soni
How come u got nothing to do?,ham,0,mishra_soni
Yeah if we do have to get a random dude we need to change our info sheets to PARTY &lt;#&gt; /7 NEVER STUDY just to be safe,ham,0,mishra_soni
I'm always on yahoo messenger now. Just send the message to me and i.ll get it you may have to send it in the mobile mode sha but i.ll get it. And will reply.,ham,0,mishra_soni
Hmm. Shall i bring a bottle of wine to keep us amused? Just joking! I'll still bring a bottle. Red or white? See you tomorrow,ham,0,mishra_soni
"(No promises on when though, haven't even gotten dinner yet)",ham,0,mishra_soni
U studying in sch or going home? Anyway i'll b going 2 sch later.,ham,0,mishra_soni
I donno its in your genes or something,ham,0,mishra_soni
Ok both our days. So what are you making for dinner tonite? Am I invited?,ham,0,mishra_soni
You are being ripped off! Get your mobile content from www.clubmoby.com call 08717509990 poly/true/Pix/Ringtones/Games six downloads for only 3,smishing,1,mishra_soni
Ugh I don't wanna get out of bed. It's so warm.,ham,0,mishra_soni
"Looks like you found something to do other than smoke, great job!",ham,0,mishra_soni
I'm done. C ü there.,ham,0,mishra_soni
Hey i will be really pretty late... You want to go for the lesson first? I will join you. I'm only reaching tp mrt,ham,0,mishra_soni
have got * few things to do. may be in * pub later.,ham,0,mishra_soni
"ATM BLOCK:Dear customer, Due to our system upgrade your ATM card has just been BL0CKED. To Re-Activate call customer care for help 7908807538 now.",smishing,1,mishra_soni
U in town alone?,ham,0,mishra_soni
"Sorry, I can't help you on this.",ham,0,mishra_soni
Free any day but i finish at 6 on mon n thurs...,ham,0,mishra_soni
"Please call our customer service representative on 8927307655 between 10am-9pm as you have W0N a guaranteed cash prize of Rs.4,00,000. FL1PKART TEAM",smishing,1,mishra_soni
Speak only when you feel your words are better than the silence... Gud mrng:-),ham,0,mishra_soni
Oh...i asked for fun. Haha...take care. ü,ham,0,mishra_soni
Neshanth..tel me who r u?,ham,0,mishra_soni
U still painting ur wall?,ham,0,mishra_soni
Dear Customer your pyatm wallet Has been booked and hold Your amount please complete your kyc contact customer care 8536074310,smishing,1,mishra_soni
Eat jap done oso aft ur lect wat... Ü got lect at 12 rite...,ham,0,mishra_soni
Yes I started to send requests to make it but pain came back so I'm back in bed. Double coins at the factory too. I gotta cash in all my nitros.,ham,0,mishra_soni
Good afternoon starshine! How's my boytoy? Does he crave me yet? *sips cappuccino* I miss you babe *teasing kiss*,ham,0,mishra_soni
You are a winner you have been specially selected to receive £1000 cash or a £2000 award. Speak to a live operator to claim call 087123002209am-7pm. Cost 10p,smishing,1,mishra_soni
HI DARLIN I FINISH AT 3 DO U 1 2 PICK ME UP OR MEET ME? TEXT BACK ON THIS NUMBER LUV KATE XXX,ham,0,mishra_soni
"Lol you forgot it eh ? Yes, I'll bring it in babe",ham,0,mishra_soni
Ron say fri leh. N he said ding tai feng cant make reservations. But he said wait lor.,ham,0,mishra_soni
Purity of friendship between two is not about smiling after reading the forwarded message..Its about smiling just by seeing the name. Happy friendship day,ham,0,mishra_soni
He is there. You call and meet him,ham,0,mishra_soni
"Yup. Anything lor, if u dun wan it's ok...",ham,0,mishra_soni
Ahhh. Work. I vaguely remember that! What does it feel like? Lol,ham,0,mishra_soni
No you'll just get a headache trying to figure it out. U can trust me to do the math. I promise. O:-),ham,0,mishra_soni
"Mila, age23, blonde, new in UK. I look sex with UK guys. if u like fun with me. Text MTALK to 69866.18call 08718728876",smishing,1,mishra_soni
He's in lag. That's just the sad part but we keep in touch thanks to skype,ham,0,mishra_soni
Hey i've booked the pilates and yoga lesson already... Haha,ham,0,mishra_soni
I am back. Bit long cos of accident on a30. Had to divert via wadebridge.I had a brilliant weekend thanks. Speak soon. Lots of love,ham,0,mishra_soni
Did u find out what time the bus is at coz i need to sort some stuff out.,ham,0,mishra_soni
Goodnight da thangam I really miss u dear.,ham,0,mishra_soni
I hope U understand what I am saying..lol.,ham,0,mishra_soni
No need lar. Jus testing e phone card. Dunno network not gd i thk. Me waiting 4 my sis 2 finish bathing so i can bathe. Dun disturb u liao u cleaning ur room.,ham,0,mishra_soni
"I know you are thinkin malaria. But relax, children cant handle malaria. She would have been worse and its gastroenteritis. If she takes enough to replace her loss her temp will reduce. And if you give her malaria meds now she will just vomit. Its a self limiting illness she has which means in a few days it will completely stop",ham,0,mishra_soni
Dear umma she called me now :-),ham,0,mishra_soni
Sounds like there could be a lot of time spent in that chastity device boy ... *grins* ... Or take your beatings like a good dog. Going to lounge in a nice long bath now ?,ham,0,mishra_soni
what you plan to do on Valentines day on 14 feb,ham,0,mishra_soni
"Helloooo... Wake up..! ""Sweet"" ""morning"" ""welcomes"" ""You"" ""Enjoy"" ""This Day"" ""with full of joy"".. ""GUD MRNG"".",ham,0,mishra_soni
"Mila, age23, blonde, new in UK. I look sex with UK guys. if u like fun with me. Text MTALK to 69866.18 . 30pp/txt 1st 5free. £1.50 increments. Help08718728876",smishing,1,mishra_soni
"We have sent JD for Customer Service cum Accounts Executive to ur mail id, For details contact us",ham,0,mishra_soni
Hey i booked the kb on sat already... what other lessons are we going for ah? Keep your sat night free we need to meet and confirm our lodging,ham,0,mishra_soni
No message..no responce..what happend?,ham,0,mishra_soni
I told her I had a Dr appt next week. She thinks I'm gonna die. I told her its just a check. Nothing to be worried about. But she didn't listen.,ham,0,mishra_soni
I have 2 docs appointments next week.:/ I'm tired of them shoving stuff up me. Ugh why couldn't I have had a normal body?,ham,0,mishra_soni
Unless it's a situation where YOU GO GURL would be more appropriate,ham,0,mishra_soni
Where u been hiding stranger?,ham,0,mishra_soni
"Under the sea, there lays a rock. In the rock, there is an envelope. In the envelope, there is a paper. On the paper, there are 3 words... 'GUESS!!",ham,0,mishra_soni
Super da:)good replacement for murali,ham,0,mishra_soni
One of the joys in lifeis waking up each daywith thoughts that somewhereSomeone cares enough tosend a warm morning greeting.. -,ham,0,mishra_soni
"Abeg, make profit. But its a start. Are you using it to get sponsors for the next event?",ham,0,mishra_soni
Jordan got voted out last nite!,ham,0,mishra_soni
You have to pls make a note of all she.s exposed to. Also find out from her school if anyone else was vomiting. Is there a dog or cat in the house? Let me know later.,ham,0,mishra_soni
Thanks honey. Have a great day.,ham,0,mishra_soni
i want to grasp your pretty booty :),ham,0,mishra_soni
Dude how do you like the buff wind.,ham,0,mishra_soni
Thanx 4 2day! U r a goodmate I THINK UR RITE SARY! ASUSUAL!1 U CHEERED ME UP! LOVE U FRANYxxxxx,ham,0,mishra_soni
Haha i think i did too,ham,0,mishra_soni
Slept? I thinkThis time ( &lt;#&gt; pm) is not dangerous,ham,0,mishra_soni
Yeah get the unlimited,ham,0,mishra_soni
Meanwhile in the shit suite: xavier decided to give us &lt;#&gt; seconds of warning that samantha was coming over and is playing jay's guitar to impress her or some shit. Also I don't think doug realizes I don't live here anymore,ham,0,mishra_soni
I'm going 2 orchard now laready me reaching soon. U reaching?,ham,0,mishra_soni
if you aren't here in the next &lt;#&gt; hours imma flip my shit,ham,0,mishra_soni
"WELL DONE! Your 4* Costa Del Sol Holiday or £5000 await collection. Call 09050090033 Now toClaim. SAE, TCs, POBox334, Stockport, SK38xh, Cost£1.50/pm, Max10mins",smishing,1,mishra_soni
I'm on da bus going home...,ham,0,mishra_soni
"Haha yeah I see that now, be there in a sec",ham,0,mishra_soni
"I call you later, don't have network. If urgnt, sms me.",ham,0,mishra_soni
Sary just need Tim in the bollox &it hurt him a lot so he tol me!,ham,0,mishra_soni
Eh u remember how to spell his name... Yes I remember. He was naughty make until i was wet.,ham,0,mishra_soni
"Hmm ok, i'll stay for like an hour cos my eye is really sore!",ham,0,mishra_soni
Hows the champ just leaving glasgow!,ham,0,mishra_soni
Yo chad which gymnastics class do you wanna take? The site says Christians class is full..,ham,0,mishra_soni
"Haha awesome, be there in a minute",ham,0,mishra_soni
K. I will sent it again .sorry for the mistake,ham,0,mishra_soni
MY NEW YEARS EVE WAS OK. I WENT TO A PARTY WITH MY BOYFRIEND. WHO IS THIS SI THEN HEY,ham,0,mishra_soni
I'm at home n ready...,ham,0,mishra_soni
I was about to do it when i texted. I finished a long time ago and showered and er'ything!,ham,0,mishra_soni
I can’t wait for cornwall. Hope tonight isn’t too bad as well but it’s rock night shite. Anyway i’m going for a kip now have a good night. Speak to you soon.,ham,0,mishra_soni
Do u konw waht is rael FRIENDSHIP Im gving yuo an exmpel: Jsut ese tihs msg.. Evrey splleing of tihs msg is wrnog.. Bt sitll yuo can raed it wihtuot ayn mitsake.. GOODNIGHT &amp; HAVE A NICE SLEEP..SWEET DREAMS..,ham,0,mishra_soni
Mm you ask him to come its enough :-),ham,0,mishra_soni
"Er, hello, things didn‘t quite go to plan – is limping slowly home followed by aa and with exhaust hanging off",ham,0,mishra_soni
Hi! This is Roger from CL. How are you?,ham,0,mishra_soni
Nope but i'm going home now then go pump petrol lor... Like going 2 rain soon...,ham,0,mishra_soni
Yup!! Not good,ham,0,mishra_soni
"As a valued customer, I am pleased to advise you that following recent draw of your Mobile No. you are awarded with a Rs.10,00,000 Bonus Prize, call 7044518857",smishing,1,mishra_soni
K.k:)apo k.good movie.,ham,0,mishra_soni
So ü'll be submitting da project tmr rite?,ham,0,mishra_soni
Happy birthday... May u find ur prince charming soon and u stay Happy!!,ham,0,mishra_soni
Crazy ar he's married. Ü like gd looking guys not me. My frens like say he's korean leona's fave but i dun thk he is. Aft some thinking mayb most prob i'll go.,ham,0,mishra_soni
Hey r ü still online? I've finished the formatting...,ham,0,mishra_soni
Sounds like something that someone testing me would sayy,ham,0,mishra_soni
"Aight yo, dats straight dogg",ham,0,mishra_soni
"Cant believe i said so many things to you this morning when all i really wanted to say was good morning, i love you! Have a beautiful morning. See you in the library later.",ham,0,mishra_soni
I hate when she does this. She turns what should be a fun day into an annoying day of quarrels.,ham,0,mishra_soni
"Congratulations, your cv was reviewed and you have been shortlisted. Please complete the job application by dialling 120 *22446#",smishing,1,mishra_soni
Then any special there?,ham,0,mishra_soni
Was playng 9 doors game and gt racing on phone lol,ham,0,mishra_soni
"says that he's quitting at least5times a day so i wudn't take much notice of that. Nah, she didn't mind. Are you gonna see him again? Do you want to come to taunton tonight? U can tell me all about !",ham,0,mishra_soni
"I'm a guy, browsin is compulsory",ham,0,mishra_soni
I wil be there with in &lt;#&gt; minutes. Got any space,ham,0,mishra_soni
"Remember all those whom i hurt during days of satanic imposter in me.need to pay a price,so be it.may destiny keep me going and as u said pray that i get the mind to get over the same.",ham,0,mishra_soni
"Good stuff, will do.",ham,0,mishra_soni
I will reach before ten morning,ham,0,mishra_soni
"As a valued customer, I am pleased to advise you that following recent review of your Mob No. you are awarded with a £1500 Bonus Prize, call 09066364589",smishing,1,mishra_soni
Prepare to be pounded every night...,ham,0,mishra_soni
Sorry da. I gone mad so many pending works what to do.,ham,0,mishra_soni
"Time n Smile r the two crucial things in our life. Sometimes time makes us to forget smile, and sometimes someone's smile makes us to forget time gud noon",ham,0,mishra_soni
No..few hours before.went to hair cut .,ham,0,mishra_soni
If u laugh really loud.. If u talk spontaneously.. If u dont care what others feel.. U are probably with your dear &amp; best friends.. GOODEVENING Dear..:),ham,0,mishra_soni
And popping &lt;#&gt; ibuprofens was no help.,ham,0,mishra_soni
I hope you know I'm still mad at you.,ham,0,mishra_soni
"Bears Pic Nick, and Tom, Pete and ... Dick. In fact, all types try gay chat with photo upload call 08718730666 (10p/min). 2 stop texts call 08712460324",smishing,1,mishra_soni
You available now? I'm like right around hillsborough &amp; &lt;#&gt; th,ham,0,mishra_soni
Howz that persons story..have u heard that?,ham,0,mishra_soni
"URGENT! You have won a 1 week FREE membership in our £100,000 Prize Jackpot! Txt the word: CLAIM to No: 81010 T&C www.dbuk.net",smishing,1,mishra_soni
Teach me apps da. When you come to college.,ham,0,mishra_soni
And I don't plan on staying the night but I prolly won't be back til late,ham,0,mishra_soni
Hi! You just spoke to MANEESHA V. if you were satisfied with the experience. Reply with Yes else No.,ham,0,mishra_soni
"Very hurting n meaningful lines ever: ""I compromised everything for my love, But at d end my love compromised me for everything:-("".. Gud mornin:-)",ham,0,mishra_soni
Call me when you get the chance plz &lt;3,ham,0,mishra_soni
"Probably, want to pick up more?",ham,0,mishra_soni
Let there be snow. Let there be snow. This kind of weather brings ppl together so friendships can grow.,ham,0,mishra_soni
Mmm thats better now i got a roast down me! i’d b better if i had a few drinks down me 2! Good indian?,ham,0,mishra_soni
When u wana see it then,ham,0,mishra_soni
"As usual..iam fine, happy &amp; doing well..:) Howz u?",ham,0,mishra_soni
staff.science.nus.edu.sg/~phyhcmk/teaching/pc1323,ham,0,mishra_soni
I need you to be in my strong arms...,ham,0,mishra_soni
Do you want a New Nokia 3510i Colour Phone Delivered Tomorrow? With 200 FREE minutes to any mobile + 100 FREE texReply or Call 08000930705,smishing,1,mishra_soni
I will reach office around &lt;DECIMAL&gt; . &amp; my mobile have problem. You cann't get my voice. So call you asa i'll free,ham,0,mishra_soni
Ok smart work!!,ham,0,mishra_soni
Juz now havent woke up so a bit blur blur... Can? Dad went out liao... I cant cum now oso...,ham,0,mishra_soni
PRIVATE! Your 2003 Account Statement for shows 800 un-redeemed S.I.M. points. Call 08718738001 Identifier Code: 49557 Expires 26/11/04,smishing,1,mishra_soni
Hello darlin ive finished college now so txt me when u finish if u can love Kate xxx,ham,0,mishra_soni
I love u 2 my little pocy bell I am sorry but I love u,ham,0,mishra_soni
R we going with the &lt;#&gt; bus?,ham,0,mishra_soni
Doc prescribed me morphine cause the other pain meds aren't enough. Waiting for my mom to bring it. That med should kick in fast so I'm gonna try to be on later,ham,0,mishra_soni
Yes i will be there. Glad you made it.,ham,0,mishra_soni
No dear. . Tanu going to talk in surya tv,ham,0,mishra_soni
How much you got for cleaning,ham,0,mishra_soni
Kallis is ready for bat in 2nd innings,ham,0,mishra_soni
Where are you lover ? I need you ...,ham,0,mishra_soni
Shuhui has bought ron's present it's a swatch watch...,ham,0,mishra_soni
Where are you?when wil you reach here?,ham,0,mishra_soni
Do have a nice day today. I love you so dearly.,ham,0,mishra_soni
Ha... Then we must walk to everywhere... Cannot take tram. My cousin said can walk to vic market from our hotel,ham,0,mishra_soni
:),ham,0,mishra_soni
U are subscribed to the best Mobile Content Service in the UK for £3 per ten days until you send STOP to 83435. Helpline 08706091795.,smishing,1,mishra_soni
Prakesh is there know.,ham,0,mishra_soni
"How's my loverboy doing ? What does he do that keeps him from coming to his Queen, hmmm ? Doesn't he ache to speak to me ? Miss me desparately ?",ham,0,mishra_soni
Who were those people ? Were you in a tour ? I thought you were doing that sofa thing you sent me ? Your curious sugar,ham,0,mishra_soni
Do well :)all will for little time. Thing of good times ahead:,ham,0,mishra_soni
I'm home call me,ham,0,mishra_soni
I dont understand your message.,ham,0,mishra_soni
Ok lor... Or u wan me go look 4 u?,ham,0,mishra_soni
How are you babes. Hope your doing ok. I had a shit nights sleep. I fell asleep at 5.I’m knackered and i’m dreading work tonight. What are thou upto tonight. X,ham,0,mishra_soni
"Just checked out, heading out to drop off my stuff now",ham,0,mishra_soni
"Fair enough, anything going on?",ham,0,mishra_soni
"Hello. No news on job, they are making me wait a fifth week! Yeah im up for some woozles and weasels... In exeter still, but be home about 3.",ham,0,mishra_soni
"If we hit it off, you can move in with me :)",ham,0,mishra_soni
You have won a guaranteed £200 award or even £1000 cashto claim UR award call free on 08000407165 (18+) 2 stop getstop on 88222 PHP. RG21 4JX,smishing,1,mishra_soni
So that takes away some money worries,ham,0,mishra_soni
Free 1st week entry 2 TEXTPOD 4 a chance 2 win 40GB iPod or £250 cash every wk. Txt VPOD to 81303 Ts&Cs www.textpod.net custcare 08712405020.,smishing,1,mishra_soni
"I hav almost reached. Call, i m unable to connect u.",ham,0,mishra_soni
If i not meeting ü all rite then i'll go home lor. If ü dun feel like comin it's ok.,ham,0,mishra_soni
Or remind me in a few hrs.,ham,0,mishra_soni
So how's scotland. Hope you are not over showing your JJC tendencies. Take care. Live the dream,ham,0,mishra_soni
I think its far more than that but find out. Check google maps for a place from your dorm.,ham,0,mishra_soni
Doing project w frens lor.,ham,0,mishra_soni
What he said is not the matter. My mind saying some other matter is there.,ham,0,mishra_soni
I wonder if you'll get this text?,ham,0,mishra_soni
Hurry home u big butt. Hang up on your last caller if u have to. Food is done and I'm starving. Don't ask what I cooked.,ham,0,mishra_soni
Chk in ur belovd ms dict,ham,0,mishra_soni
I don wake since. I checked that stuff and saw that its true no available spaces. Pls call the embassy or send a mail to them.,ham,0,mishra_soni
Going to join tomorrow.,ham,0,mishra_soni
U have WoN £100 of Gift Vouchers week starting NOW call now 08718738034,smishing,1,mishra_soni
"Jolly good! By the way, will give u tickets for sat eve 7.30. Speak before then x",ham,0,mishra_soni
"Do 1 thing! Change that sentence into: ""Because i want 2 concentrate in my educational career im leaving here..""",ham,0,mishra_soni
Bishan lar nearer... No need buy so early cos if buy now i gotta park my car...,ham,0,mishra_soni
Yep get with the program. You're slacking.,ham,0,mishra_soni
He says hi and to get your ass back to south tampa (preferably at a kegger),ham,0,mishra_soni
"Was really good to see you the other day dudette, been missing you!",ham,0,mishra_soni
"Sorry, I will call later..I am in a meeting..",ham,0,mishra_soni
Host-based IDPS for linux systems.,ham,0,mishra_soni
Yeah I imagine he would be really gentle. Unlike the other docs who treat their patients like turkeys.,ham,0,mishra_soni
Mum ask ü to buy food home...,ham,0,mishra_soni
Where are you ? What are you doing ? Are yuou working on getting the pc to your mom's ? Did you find a spot that it would work ? I need you,ham,0,mishra_soni
I cant pick the phone right now. Call u back later,ham,0,mishra_soni
I just cooked a rather nice salmon a la you,ham,0,mishra_soni
He like not v shock leh. Cos telling shuhui is like telling leona also. Like dat almost all know liao. He got ask me abt ur reaction lor.,ham,0,mishra_soni
I taught that Ranjith sir called me. So only i sms like that. Becaus hes verifying about project. Prabu told today so only pa dont mistake me..,ham,0,mishra_soni
Just wanted to say holy shit you guys weren't kidding about this bud,ham,0,mishra_soni
"Hi. Hope ur day * good! Back from walk, table booked for half eight. Let me know when ur coming over.",ham,0,mishra_soni
Noice. Text me when you're here,ham,0,mishra_soni
Gokila is talking with you aha:),ham,0,mishra_soni
Hey what how about your project. Started aha da.,ham,0,mishra_soni
Was actually about to send you a reminder today. Have a wonderful weekend,ham,0,mishra_soni
Really do hope the work doesnt get stressful. Have a gr8 day.,ham,0,mishra_soni
So li hai... Me bored now da lecturer repeating last weeks stuff waste time...,ham,0,mishra_soni
Pls give her the food preferably pap very slowly with loads of sugar. You can take up to an hour to give it. And then some water. Very very slowly.,ham,0,mishra_soni
U sure u can't take any sick time?,ham,0,mishra_soni
But i dint slept in afternoon.,ham,0,mishra_soni
What is important is that you prevent dehydration by giving her enough fluids,ham,0,mishra_soni
"As a valued customer, I am pleased to advise you that following recent review of your Mob No. you are awarded with 1500 Bonus Prize, call 09066364589",smishing,1,mishra_soni
How abt making some of the pics bigger?,ham,0,mishra_soni
"I wonder if your phone battery went dead ? I had to tell you, I love you babe",ham,0,mishra_soni
Happy new year. Hope you are having a good semester,ham,0,mishra_soni
Pls what's the full name of joke's school cos fees in university of florida seem to actually be &lt;#&gt; k. Pls holla back,ham,0,mishra_soni
We can make a baby in yo tho,ham,0,mishra_soni
"ATM BLOCK:Dear customer, Due to our system upgrade your ATM card has just been BL0CKED. To Re-Activate call customer care for help 8927307655 now.",smishing,1,mishra_soni
Please sen :)my kind advice :-)please come here and try:-),ham,0,mishra_soni
My friends use to call the same.,ham,0,mishra_soni
"They said if its gonna snow, it will start around 8 or 9 pm tonite! They are predicting an inch of accumulation.",ham,0,mishra_soni
Ok i msg u b4 i leave my house.,ham,0,mishra_soni
:-) yeah! Lol. Luckily i didn't have a starring role like you!,ham,0,mishra_soni
Go fool dont cheat others ok,ham,0,mishra_soni
Ok then i'll let him noe later n ask him call u tmr...,ham,0,mishra_soni
"No idea, I guess we'll work that out an hour after we're supposed to leave since as usual nobody has any interest in figuring shit out before the last second",ham,0,mishra_soni
I've told him that i've returned it. That should i re order it.,ham,0,mishra_soni
Ya:)going for restaurant..,ham,0,mishra_soni
I am in revage theatre now. . Going to watch KALAPANI in a few minutes,ham,0,mishra_soni
Was gr8 to see that message. So when r u leaving? Congrats dear.,ham,0,mishra_soni
I dont thnk its a wrong calling between us..hope u understand,ham,0,mishra_soni
We walked from my moms. Right on stagwood pass right on winterstone left on victors hill. Address is &lt;#&gt;,ham,0,mishra_soni
As per your request 'Melle Melle (Oru Minnaminunginte Nurungu Vettam)' has been set as your callertune for all Callers. Press *9 to copy your friends Callertune,ham,0,mishra_soni
So what do you guys do.,ham,0,mishra_soni
Txt: CALL to No: 86888 & claim your reward of 3 hours talk time to use from your phone now! Subscribe6GBP/mnth inc 3hrs 16 stop?txtStop www.gamb.tv,smishing,1,mishra_soni
Getting tickets 4 walsall tue 6 th march. My mate is getting me them on sat. ill pay my treat. Want 2 go. Txt bak .Terry,ham,0,mishra_soni
Pansy! You've been living in a jungle for two years! Its my driving you should be more worried about!,ham,0,mishra_soni
The guy did some bitching but I acted like i'd be interested in buying something else next week and he gave it to us for free,ham,0,mishra_soni
I HAVE A DATE ON SUNDAY WITH somebody I know!!,ham,0,mishra_soni
"I want to show you the world, princess :) how about europe?",ham,0,mishra_soni
I don't want you to leave. But i'm barely doing what i can to stay sane. fighting with you constantly isn't helping.,ham,0,mishra_soni
Wylie update: my weed dealer carlos went to freedom and had a class with lunsford,ham,0,mishra_soni
Ard 530 lor. I ok then message ü lor.,ham,0,mishra_soni
Rajni....pls do me a favour. Pls convey my Birthday wishes to Nitya.,ham,0,mishra_soni
Lol you won't feel bad when I use her money to take you out to a steak dinner =D,ham,0,mishra_soni
Poor girl can't go one day lmao,ham,0,mishra_soni
Omg I want to scream. I weighed myself and I lost more weight! Woohoo!,ham,0,mishra_soni
U WILL SWITCH YOUR FONE ON DAMMIT!!,ham,0,mishra_soni
Have you started in skye,ham,0,mishra_soni
"Loan for any purpose £500 - £75,000. Homeowners + Tenants welcome. Have you been previously refused? We can still help. Call Free 0800 1956669 or text back 'help'",smishing,1,mishra_soni
Keep yourself safe for me because I need you and I miss you already and I envy everyone that see's you in real life,ham,0,mishra_soni
My tuition is at 330. Hm we go for the 1120 to 1205 one? Do you mind?,ham,0,mishra_soni
Hope you are feeling great. Pls fill me in. Abiola,ham,0,mishra_soni
Dai i downloaded but there is only exe file which i can only run that exe after installing.,ham,0,mishra_soni
"The gas station is like a block away from my house, you'll drive right by it since armenia ends at swann and you have to take howard",ham,0,mishra_soni
Ranjith cal drpd Deeraj and deepak 5min hold,ham,0,mishra_soni
Pls send me your address sir.,ham,0,mishra_soni
"Shop till u Drop, IS IT YOU, either 10K, 5K, £500 Cash or £100 Travel voucher, Call now, 09064011000.",smishing,1,mishra_soni
Yo im right by yo work,ham,0,mishra_soni
have you ever had one foot before?,ham,0,mishra_soni
I sent lanre fakeye's Eckankar details to the mail box,ham,0,mishra_soni
I'm at work. Please call when its possible,ham,0,mishra_soni
My trip was ok but quite tiring lor. Uni starts today but it's ok 4 me cos i'm not taking any modules but jus concentrating on my final yr project.,ham,0,mishra_soni
"BangBabes Ur order is on the way. U SHOULD receive a Service Msg 2 download UR content. If U do not, GoTo wap. bangb. tv on UR mobile internet/service menu",smishing,1,mishra_soni
Now i'm going for lunch.,ham,0,mishra_soni
I'm glad. You are following your dreams.,ham,0,mishra_soni
If I get there before you after your ten billion calls and texts so help me god,ham,0,mishra_soni
"K, wen ur free come to my home and also tel vikky i hav sent mail to him also.. Better come evening il be free today aftr 6pm..:-)",ham,0,mishra_soni
I wont. So wat's wit the guys,ham,0,mishra_soni
I am in hospital dear. . I will call u back later,ham,0,mishra_soni
"Oh... Haha... Den we shld had went today too... Gee, nvm la... Kaiez, i dun mind goin jazz oso... Scared hiphop open cant catch up...",ham,0,mishra_soni
"Nothing. I meant that once the money enters your account here, the bank will remove its flat rate. Someone transfered &lt;#&gt; to my account and &lt;#&gt; dollars got removed. So the banks differ and charges also differ.be sure you trust the 9ja person you are sending account details to cos...",ham,0,mishra_soni
Oh gei. That happend to me in tron. Maybe ill dl it in 3d when its out,ham,0,mishra_soni
Sorry * was at the grocers.,ham,0,mishra_soni
I can do that! I want to please you both inside and outside the bedroom...,ham,0,mishra_soni
Ya! when are ü taking ure practical lessons? I start in june..,ham,0,mishra_soni
She ran off with a younger man. we will make pretty babies together :),ham,0,mishra_soni
"Fuuuuck I need to stop sleepin, sup",ham,0,mishra_soni
"Thanks again for your reply today. When is ur visa coming in. And r u still buying the gucci and bags. My sister things are not easy, uncle john also has his own bills so i really need to think about how to make my own money. Later sha.",ham,0,mishra_soni
great princess! I love giving and receiving oral. Doggy style is my fave position. How about you? I enjoy making love &lt;#&gt; times per night :),ham,0,mishra_soni
"That's cool he'll be here all night, lemme know when you're around",ham,0,mishra_soni
4mths half price Orange line rental & latest camera phones 4 FREE. Had your phone 11mths ? Call MobilesDirect free on 08000938766,smishing,1,mishra_soni
"Sorry, u need to wait",ham,0,mishra_soni
"I'm going home soon and i don't want to talk to u anymore tonight, k? I've cried enough today.",ham,0,mishra_soni
"Science tells that chocolate will melt under the sunlight. Please don't walk under the sunlight. BCoz,I don't want to loss a sweet friend.",ham,0,mishra_soni
Wat time ü wan today?,ham,0,mishra_soni
Fyi I'm gonna call you sporadically starting at like &lt;#&gt; bc we are not not doin this shit,ham,0,mishra_soni
Ü v ma fan...,ham,0,mishra_soni
We left already we at orchard now.,ham,0,mishra_soni
Todays Voda numbers ending with 7634 are selected to receive a £350 reward. If you have a match please call 08712300220 quoting claim code 7684 standard rates apply.,smishing,1,mishra_soni
Today am going to college so am not able to atten the class.,ham,0,mishra_soni
"Tick, tick, tick ... Babe",ham,0,mishra_soni
Now thats going to ruin your thesis!,ham,0,mishra_soni
Dear reached railway. What happen to you,ham,0,mishra_soni
"Dear V0DAF0NE Customer,You are a 5,00,000 winner of Guaranteed Caller Prize, this is our Final attempt to contact you! To Claim Call 7044518857 Now!",smishing,1,mishra_soni
All e best 4 ur driving tmr :-),ham,0,mishra_soni
Is ur lecture over?,ham,0,mishra_soni
Me sef dey laugh you. Meanwhile how's my darling anjie!,ham,0,mishra_soni
I never wanted to do was to hurt you. I am sorry if I have done that,ham,0,mishra_soni
Well boy am I glad G wasted all night at applebees for nothing,ham,0,mishra_soni
That's necessarily respectful,ham,0,mishra_soni
How come she can get it? Should b quite diff to guess rite...,ham,0,mishra_soni
Noooooooo please. Last thing I need is stress. For once in your life be fair.,ham,0,mishra_soni
"I'm going to be home soon and I don't want to talk about this stuff anymore tonight, ok? I've cried enough today.",ham,0,mishra_soni
Ok no prob thanks,ham,0,mishra_soni
"Hi, my love! How goes that day? this morning I woke and dropped my cell on the way down the stairs but it seems alright ... *phews* I miss you !",ham,0,mishra_soni
Dear Voucher Holder 2 claim your 1st class airport lounge passes when using Your holiday voucher call 08704439680. When booking quote 1st class x 2,smishing,1,mishra_soni
Can you plz tell me the ans. BSLVYL sent via fullonsms.com,ham,0,mishra_soni
Yes. Please leave at &lt;#&gt; . So that at &lt;#&gt; we can leave,ham,0,mishra_soni
Convey my best regards to him..thanks,ham,0,mishra_soni
Am on the uworld site. Am i buying the qbank only or am i buying it with the self assessment also?,ham,0,mishra_soni
How's it feel? Mr. Your not my real Valentine just my yo Valentine even tho u hardly play!!,ham,0,mishra_soni
No no:)this is kallis home ground.amla home town is durban:),ham,0,mishra_soni
I want to be inside you every night...,ham,0,mishra_soni
Check wid corect speling i.e. Sarcasm,ham,0,mishra_soni
It has everything to do with the weather. Keep extra warm. Its a cold but nothing serious. Pls lots of vitamin c,ham,0,mishra_soni
Do you want a New Nokia 3510i Colour Phone Delivered Tomorrow? With 200 FREE minutes to any mobile and FREE camcorder Reply or Call 8000930705,smishing,1,mishra_soni
Old Orchard near univ. How about you?,ham,0,mishra_soni
"Me, i dont know again oh",ham,0,mishra_soni
You are a big chic. Common. Declare,ham,0,mishra_soni
To day class is there are no class.,ham,0,mishra_soni
No..he joined today itself.,ham,0,mishra_soni
U 447801259231 have a secret admirer who is looking 2 make contact with U-find out who they R*reveal who thinks UR so special-call on 0905809458,smishing,1,mishra_soni
Audrie lousy autocorrect,ham,0,mishra_soni
Dear Customer your pyatm wallet Has been booked and hold Your amount please complete your kyc contact customer care 6299257179,smishing,1,mishra_soni
"tddnewsletter@emc1.co.uk (More games from TheDailyDraw) Dear Helen, Dozens of Free Games - with great prizesWith..",smishing,1,mishra_soni
Lolnice. I went from a fish to ..water.?,ham,0,mishra_soni
Nah dub but je still buff,ham,0,mishra_soni
We'll join the &lt;#&gt; bus,ham,0,mishra_soni
We have identified some unusual activity on your online banking. Please log in via the secure link http:owly/nPyL308KyWG to avoid account suspension,smishing,1,mishra_soni
"Hello! Just got here, st andrews-boy its a long way! Its cold. I will keep you posted",ham,0,mishra_soni
How long does applebees take,ham,0,mishra_soni
I am in hospital da. . I will return home in evening,ham,0,mishra_soni
I will come in half an hour,ham,0,mishra_soni
Just chill for another 6hrs. If you could sleep the pain is not a surgical emergency so see how it unfolds. Okay,ham,0,mishra_soni
Are you comingdown later?,ham,0,mishra_soni
"Just so that you know,yetunde hasn't sent money yet. I just sent her a text not to bother sending. So its over, you dont have to involve yourself in anything. I shouldn't have imposed anything on you in the first place so for that, i apologise.",ham,0,mishra_soni
As in i want custom officer discount oh.,ham,0,mishra_soni
Compliments to you. Was away from the system. How your side.,ham,0,mishra_soni
"Good morning, my boytoy! How's those yummy lips ? What do you do ? Do you think of me ? Do you crave me ? Do you need me ?",ham,0,mishra_soni
Why don't you go tell your friend you're not sure you want to live with him because he smokes too much then spend hours begging him to come smoke,ham,0,mishra_soni
So when do you wanna gym harri,ham,0,mishra_soni
What Today-sunday..sunday is holiday..so no work..,ham,0,mishra_soni
K.k:)when are you going?,ham,0,mishra_soni
"Ok da, i already planned. I wil pick you.",ham,0,mishra_soni
When is school starting. Where will you stay. What's the weather like. And the food. Do you have a social support system like friends in the school. All these things are important.,ham,0,mishra_soni
Dont show yourself. How far. Put new pictures up on facebook.,ham,0,mishra_soni
Hmm...Bad news...Hype park plaza $700 studio taken...Only left 2 bedrm-$900...,ham,0,mishra_soni
I'm reading the text i just sent you. Its meant to be a joke. So read it in that light,ham,0,mishra_soni
No no. I will check all rooms befor activities,ham,0,mishra_soni
"Under the sea, there lays a rock. In the rock, there is an envelope. In the envelope, there is a paper. On the paper, there are 3 words... '",ham,0,mishra_soni
I am sorry it hurt you.,ham,0,mishra_soni
"I'll get there at 3, unless you guys want me to come some time sooner",ham,0,mishra_soni
Takin a shower now but yeah I'll leave when I'm done,ham,0,mishra_soni
Nvm... I'm going to wear my sport shoes anyway... I'm going to be late leh.,ham,0,mishra_soni
Hi dude hw r u da realy mising u today,ham,0,mishra_soni
"Dear Customer,U've been selected to stay in F1VE STAR hotels - FOR T0DAY'S DRAW! Holiday valued at INR 5,00,000.Dial 7044518857 to claim",smishing,1,mishra_soni
How did you find out in a way that didn't include all of these details,ham,0,mishra_soni
Thought we could go out for dinner. I'll treat you! Seem ok?,ham,0,mishra_soni
Dun b sad.. It's over.. Dun thk abt it already. Concentrate on ur other papers k.,ham,0,mishra_soni
What happen dear. Why you silent. I am tensed,ham,0,mishra_soni
Kinda. First one gets in at twelve! Aah. Speak tomo,ham,0,mishra_soni
IM GONNA MISS U SO MUCH,ham,0,mishra_soni
The search 4 happiness is 1 of d main sources of unhappiness! Accept life the way it comes! U will find happiness in every moment u live.,ham,0,mishra_soni
"Tee hee. Off to lecture, cheery bye bye.",ham,0,mishra_soni
Oh ok wait 4 me there... My lect havent finish,ham,0,mishra_soni
I dont have i shall buy one dear,ham,0,mishra_soni
Where at were hungry too,ham,0,mishra_soni
Me too watching surya movie only. . .after 6 pm vijay movie POKKIRI,ham,0,mishra_soni
"Loan INR5,00,000 - 7,50,000. Homeowners + Tenants welcome. Have you been previously refused? We can still help. Call Free 0800 1956669",smishing,1,mishra_soni
She.s good. She was wondering if you wont say hi but she.s smiling now. So how are you coping with the long distance,ham,0,mishra_soni
Oh k :)why you got job then whats up?,ham,0,mishra_soni
Then u going ikea str aft dat?,ham,0,mishra_soni
We don call like &lt;#&gt; times oh. No give us hypertension oh.,ham,0,mishra_soni
Did u fix the teeth?if not do it asap.ok take care.,ham,0,mishra_soni
"As a valued customer, I am pleased to advise you that following recent lucky draw of your Mobile No. you are awarded with a Rs.5,00,000 Bonus Prize, call 7908807538",smishing,1,mishra_soni
"Sorry to trouble u again. Can buy 4d for my dad again? 1405, 1680, 1843. All 2 big 1 small, sat n sun. Thanx.",ham,0,mishra_soni
"HI HUN! IM NOT COMIN 2NITE-TELL EVERY1 IM SORRY 4 ME, HOPE U AVA GOODTIME!OLI RANG MELNITE IFINK IT MITE B SORTED,BUT IL EXPLAIN EVERYTHIN ON MON.L8RS.x",ham,0,mishra_soni
Bored housewives! Chat n date now! 0871750.77.11! BT-national rate 10p/min only from landlines!,smishing,1,mishra_soni
Pls tell nelson that the bb's are no longer comin. The money i was expecting aint coming,ham,0,mishra_soni
Ya very nice idea... . .be ready on thursday,ham,0,mishra_soni
East coast,ham,0,mishra_soni
"I'm used to it. I just hope my agents don't drop me since i've only booked a few things this year. This whole me in boston, them in nyc was an experiment.",ham,0,mishra_soni
I know complain num only..bettr directly go to bsnl offc nd apply for it..,ham,0,mishra_soni
You've always been the brainy one.,ham,0,mishra_soni
No de.am seeing in online shop so that i asked.,ham,0,mishra_soni
"sorry, no, have got few things to do. may be in pub later.",ham,0,mishra_soni
Did either of you have any idea's? Do you know of anyplaces doing something?,ham,0,mishra_soni
"Dear Voucher Holder, To claim this weeks offer, at you PC please go to http://www.e-tlp.co.uk/rewa",smishing,1,mishra_soni
I dun believe u. I thk u told him.,ham,0,mishra_soni
Get ready to put on your excellent sub face :),ham,0,mishra_soni
THANX 4 PUTTIN DA FONE DOWN ON ME!!,ham,0,mishra_soni
83039 62735=£450 UK Break AccommodationVouchers terms & conditions apply. 2 claim you mustprovide your claim number which is 15541,smishing,1,mishra_soni
Nite nite pocay wocay luv u more than n e thing 4eva I promise ring u 2morrowxxxx,ham,0,mishra_soni
I'm fine. Hope you are also,ham,0,mishra_soni
What class of &lt;#&gt; reunion?,ham,0,mishra_soni
Probably gonna swing by in a wee bit,ham,0,mishra_soni
HI ITS JESS I DONT KNOW IF YOU ARE AT WORK BUT CALL ME WHEN U CAN IM AT HOME ALL EVE. XXX,ham,0,mishra_soni
Great! So what attracts you to the brothas?,ham,0,mishra_soni
You should get more chicken broth if you want ramen unless there's some I don't know about,ham,0,mishra_soni
My slave! I want you to take 2 or 3 pictures of yourself today in bright light on your cell phone! Bright light!,ham,0,mishra_soni
Were somewhere on Fredericksburg,ham,0,mishra_soni
Stop calling everyone saying I might have cancer. My throat hurts to talk. I can't be answering everyones calls. If I get one more call I'm not babysitting on Monday,ham,0,mishra_soni
In other news after hassling me to get him weed for a week andres has no money. HAUGHAIGHGTUJHYGUJ,ham,0,mishra_soni
Ü wait 4 me in sch i finish ard 5..,ham,0,mishra_soni
You have 1 new message. Call 0207-083-6089,smishing,1,mishra_soni
R u sure they'll understand that! Wine * good idea just had a slurp!,ham,0,mishra_soni
Unni thank you dear for the recharge..Rakhesh,ham,0,mishra_soni
Hiya do u like the hlday pics looked horrible in them so took mo out! Hows the camp Amrca thing? Speak soon Serena:),ham,0,mishra_soni
In which place do you want da.,ham,0,mishra_soni
Dont know supports ass and srt i thnk. I think ps3 can play through usb too,ham,0,mishra_soni
hi my darlin im on my way to London and we have just been smashed into by another driver! and have a big dent! im really missing u what have u been up to? xxx,ham,0,mishra_soni
Can... I'm free...,ham,0,mishra_soni
"K give me a sec, breaking a &lt;#&gt; at cstore",ham,0,mishra_soni
They have a thread on the wishlist section of the forums where ppl post nitro requests. Start from the last page and collect from the bottom up.,ham,0,mishra_soni
"Although i told u dat i'm into baig face watches now but i really like e watch u gave cos it's fr u. Thanx 4 everything dat u've done today, i'm touched...",ham,0,mishra_soni
Ok i wont call or disturb any one. I know all are avoiding me. I am a burden for all,ham,0,mishra_soni
You are awarded a SiPix Digital Camera! call 09061221066 fromm landline. Delivery within 12 days.,smishing,1,mishra_soni
MAYBE IF YOU WOKE UP BEFORE 3 THIS WOULDN'T BE A PROBLEM.,ham,0,mishra_soni
No. Yes please. Been swimming?,ham,0,mishra_soni
Yay can't wait to party together!,ham,0,mishra_soni
I am in tirupur. call you da.,ham,0,mishra_soni
"Hi Steven Malone, We have identified some unusual activity on your account. Log in via the secure ink to avoid account suspension http:l/natwestauth.xyz",smishing,1,mishra_soni
K.k..how is your sister kids?,ham,0,mishra_soni
Aiyar u so poor thing... I give u my support k... Jia you! I'll think of u...,ham,0,mishra_soni
I am in a marriage function,ham,0,mishra_soni
Missed call alert. These numbers called but left no message. 07008009200,smishing,1,mishra_soni
I'm sick !! I'm needy !! I want you !! *pouts* *stomps feet* Where are you ?! *pouts* *stomps feet* I want my slave !! I want him now !!,ham,0,mishra_soni
Going thru a very different feeling.wavering decisions and coping up with the same is the same individual.time will heal everything i believe.,ham,0,mishra_soni
I have had two more letters from . I will copy them for you cos one has a message for you. Speak soon,ham,0,mishra_soni
:-) :-),ham,0,mishra_soni
We still on for tonight?,ham,0,mishra_soni
Shhhhh nobody is supposed to know!,ham,0,mishra_soni
I only haf msn. It's yijue@hotmail.com,ham,0,mishra_soni
"Haha, just what I was thinkin",ham,0,mishra_soni
Refused a loan? Secured or Unsecured? Can't get credit? Call free now 0800 195 6669 or text back 'help' & we will!,smishing,1,mishra_soni
"Hi elaine, is today's meeting confirmed?",ham,0,mishra_soni
Tell me they're female :V how're you throwing in? We're deciding what all to get now,ham,0,mishra_soni
"URGENT! Your Mobile No 07808726822 was awarded a £2,000 Bonus Caller Prize on 02/09/03! This is our 2nd attempt to contact YOU! Call 0871-872-9758 BOX95QU",smishing,1,mishra_soni
Ok . . now i am in bus. . If i come soon i will come otherwise tomorrow,ham,0,mishra_soni
hows my favourite person today? r u workin hard? couldn't sleep again last nite nearly rang u at 4.30,ham,0,mishra_soni
Also remember to get dobby's bowl from your car,ham,0,mishra_soni
important information 4 orange user 0789xxxxxxx. today is your lucky day!2find out why log onto http://www.urawinner.com THERE'S A FANTASTIC SURPRISE AWAITING YOU!,smishing,1,mishra_soni
oh ya... Got hip hop open. Haha i was thinking can go for jazz then zoom to cine... Actually tonight i'm free leh... And there's a kb lesson tonight,ham,0,mishra_soni
I've would like to thank you for this brother. I promise I wont take your help for granted and will fulfil my promise.,ham,0,mishra_soni
And he's apparently bffs with carly quick now,ham,0,mishra_soni
"My Parents, My Kidz, My Friends n My Colleagues. All screaming.. SURPRISE !!",ham,0,mishra_soni
+449071512431 URGENT! This is the 2nd attempt to contact U!U have WON £1250 CALL 09071512433 b4 050703 T&CsBCM4235WC1N3XX. callcost 150ppm mobilesvary. max£7. 50,smishing,1,mishra_soni
"Wa, ur openin sentence very formal... Anyway, i'm fine too, juz tt i'm eatin too much n puttin on weight...Haha... So anythin special happened?",ham,0,mishra_soni
"You are everywhere dirt, on the floor, the windows, even on my shirt. And sometimes when i open my mouth, you are all that comes flowing out. I dream of my world without you, then half my chores are out too. A time of joy for me, lots of tv shows i.ll see. But i guess like all things you just must exist, like rain, hail and mist, and when my time here is done, you and i become one.",ham,0,mishra_soni
thanks for the temales it was wonderful. Thank. Have a great week.,ham,0,mishra_soni
Also that chat was awesome but don't make it regular unless you can see her in person,ham,0,mishra_soni
What you doing?how are you? Hope everything is fine..,ham,0,mishra_soni
I think just yourself …Thanks and see you tomo,ham,0,mishra_soni
Then ü ask dad to pick ü up lar... Ü wan 2 stay until 6 meh...,ham,0,mishra_soni
I dont know what to do to come out of this so only am ask questions like this dont mistake me.,ham,0,mishra_soni
"Haha awesome, I might need to take you up on that, what you doin tonight?",ham,0,mishra_soni
Wot is u up 2 then bitch?,ham,0,mishra_soni
You still at grand prix?,ham,0,mishra_soni
"Awesome, lemme know whenever you're around",ham,0,mishra_soni
Have you heard from this week?,ham,0,mishra_soni
Hey you still want to go for yogasana? Coz if we end at cine then can go bathe and hav the steam bath,ham,0,mishra_soni
Ü ready then call me...,ham,0,mishra_soni
Which is weird because I know I had it at one point,ham,0,mishra_soni
"Please call our customer service representative on 7908807538 between 10am-9pm as you have W0N a guaranteed cash prize of Rs.6,00,000. FL1PKART TEAM",smishing,1,mishra_soni
U meet other fren dun wan meet me ah... Muz b a guy rite...,ham,0,mishra_soni
"Hey babe, sorry i didn't get sooner. Gary can come and fix it cause he thinks he knows what it is but he doesn't go as far a Ptbo and he says it will cost &lt;#&gt; bucks. I don't know if it might be cheaper to find someone there ? We don't have any second hand machines at all right now, let me know what you want to do babe",ham,0,mishra_soni
Hello which the site to download songs its urgent pls,ham,0,mishra_soni
K tell me anything about you.,ham,0,mishra_soni
I called and said all to him:)then he have to choose this future.,ham,0,mishra_soni
Congratulations ur awarded 500 of CD vouchers or 125gift guaranteed & Free entry 2 100 wkly draw txt MUSIC to 87066 TnCs www.Ldew.com,smishing,1,mishra_soni
"Yo, you around? Just got my car back",ham,0,mishra_soni
Yeah do! Dont stand to close tho- you ll catch something!,ham,0,mishra_soni
Ok i vl..do u know i got adsense approved..,ham,0,mishra_soni
I lost 4 pounds since my doc visit last week woot woot! Now I'm gonna celebrate by stuffing my face!,ham,0,mishra_soni
"Hey sweet, I was wondering when you had a moment if you might come to me ? I want to send a file to someone but it won't go over yahoo for them because their connection sucks, remember when you set up that page for me to go to and download the format disc ? Could you tell me how to do that ? Or do you know some other way to download big files ? Because they can download stuff directly from the internet. Any help would be great, my prey ... *teasing kiss*",ham,0,mishra_soni
It just seems like weird timing that the night that all you and g want is for me to come smoke is the same day as when a shitstorm is attributed to me always coming over and making everyone smoke,ham,0,mishra_soni
"Not much, just some textin'. How bout you?",ham,0,mishra_soni
Okie... Thanx...,ham,0,mishra_soni
Yavnt tried yet and never played original either,ham,0,mishra_soni
"Funny fact Nobody teaches volcanoes 2 erupt, tsunamis 2 arise, hurricanes 2 sway aroundn no 1 teaches hw 2 choose a wife Natural disasters just happens",ham,0,mishra_soni
Jos ask if u wana meet up?,ham,0,mishra_soni
Are you going to wipro interview today?,ham,0,mishra_soni
YOU HAVE WON! As a valued Vodafone customer our computer has picked YOU to win a £550 prize. To collect Just call 09061743389,smishing,1,mishra_soni
Just sent it. So what type of food do you like?,ham,0,mishra_soni
"Please protect yourself from e-threats. Kotak Mahendra Bank never asks for sensitive information like Passwords,ATM/SMS PIN thru email. Never share your password with anybody.",ham,0,mishra_soni
"Todays Vodafone numbers ending 9167 are selected to receive a Rs.2,00,000 award. If you have a match please call 7044518857 quoting claim code 5001 standard rates apply",smishing,1,mishra_soni
I wait 4 ü inside da car park...,ham,0,mishra_soni
I'm in chennai velachery:),ham,0,mishra_soni
i can call in &lt;#&gt; min if thats ok,ham,0,mishra_soni
"Yeah probably, I still gotta check out with leo",ham,0,mishra_soni
"Hey babe, how's it going ? Did you ever figure out where your going for New Years ?",ham,0,mishra_soni
I'm very happy for you babe ! Woo hoo party on dude!,ham,0,mishra_soni
I wnt to buy a BMW car urgently..its vry urgent.but hv a shortage of 2 Lacs.there is no source to arrange this amount.,ham,0,mishra_soni
Yup bathe liao...,ham,0,mishra_soni
here is my new address -apples&pairs&all that malarky,ham,0,mishra_soni
"Forgot it takes me 3 years to shower, sorry. Where you at/your phone dead yet?",ham,0,mishra_soni
Love that holiday Monday feeling even if I have to go to the dentists in an hour,ham,0,mishra_soni
Lmao but its so fun...,ham,0,mishra_soni
Hello- thanx for taking that call. I got a job! Starts on monday!,ham,0,mishra_soni
As usual u can call me ard 10 smth.,ham,0,mishra_soni
"ATM BLOCK:Dear customer, Due to our system upgrade your ATM card has just been BL0CKED. To Re-Activate call customer care for help 6299257179 now.",smishing,1,mishra_soni
"I'd say that's a good sign but, well, you know my track record at reading women",ham,0,mishra_soni
I cant pick the phone right now. Anything urgent?,ham,0,mishra_soni
Your bill at 3 is £33.65 so thats not bad!,ham,0,mishra_soni
Okay lor... Will they still let us go a not ah? Coz they will not know until later. We drop our cards into the box right?,ham,0,mishra_soni
Tell me again what your address is,ham,0,mishra_soni
Finished class where are you.,ham,0,mishra_soni
"Shit that is really shocking and scary, cant imagine for a second. Def up for night out. Do u think there is somewhere i could crash for night, save on taxi?",ham,0,mishra_soni
Another month. I need chocolate weed and alcohol.,ham,0,mishra_soni
Can ü send me a copy of da report?,ham,0,mishra_soni
"Single line with a big meaning::::: ""Miss anything 4 ur ""Best Life"" but, don't miss ur best life for anything",ham,0,mishra_soni
"It could work, I hope so I am sure that we'll reach a decision at the next meeting",ham,0,mishra_soni
Gimme a few was &lt;#&gt; minutes ago,ham,0,mishra_soni
And smile for me right now as you go and the world will wonder what you are smiling about and think your crazy and keep away from you ... *grins*,ham,0,mishra_soni
"Kind of. Just missed train cos of asthma attack, nxt one in half hr so driving in. not sure where to park.",ham,0,mishra_soni
Oh oh... Wasted... Den muz chiong on sat n sun liao...,ham,0,mishra_soni
"Each Moment in a day,has its own value-Morning brings hope,afternoon brings faith,Evening brings luv,Night brings rest,Wish u find them all today.Good Morning",ham,0,mishra_soni
"Dear Sir Your Bank card has been blocked because you did not updated yet, If you want to update your ATM card please contact +971586153091 +971523182746",smishing,1,mishra_soni
No calls..messages..only missed calls,ham,0,mishra_soni
**FREE MESSAGE**Thanks for using the Auction Subscription Service. 18 . 150p/MSGRCVD 2 Skip an Auction txt OUT. 2 Unsubscribe txt STOP CustomerCare 08718726270,smishing,1,mishra_soni
"Honey ? Sweetheart ? Darling ? Sexy buns ? Sugar plum ? Loverboy ? I miss you, boytoy ...Did you go to the gym too ?",ham,0,mishra_soni
Send to someone else :-),ham,0,mishra_soni
Hey you can pay. With salary de. Only &lt;#&gt; .,ham,0,mishra_soni
"Hey there! Glad u r better now. I hear u treated urself to a digi cam, is it good? We r off at 9pm. Have a fab new year, c u in coupla wks!",ham,0,mishra_soni
"If you're still up, maybe leave the credit card so I can get gas when I get back like he told me to",ham,0,mishra_soni
I notice you like looking in the shit mirror youre turning into a right freak,ham,0,mishra_soni
You didn't have to tell me that...now i'm thinking. Plus he's going to stop all your runs,ham,0,mishra_soni
Fighting with some1 who is close to u is dificult if u lose - u lose if u win - u still lose.,ham,0,mishra_soni
Congratulations ur awarded either a yrs supply of CDs from Virgin Records or a Mystery Gift GUARANTEED Call 09061104283 Ts&Cs www.smsco.net £1.50pm approx 3mins,smishing,1,mishra_soni
"It doesnt make sense to take it there unless its free. If you need to know more, wikipedia.com",ham,0,mishra_soni
Gudnite....tc sweet dreams..,ham,0,mishra_soni
Studying. But i.ll be free next weekend.,ham,0,mishra_soni
"Sorry, I'll call later..hv some work..",ham,0,mishra_soni
Finish liao... U?,ham,0,mishra_soni
Just sleeping..and surfing..enjoying free time,ham,0,mishra_soni
I think the other two still need to get cash but we can def be ready by 9,ham,0,mishra_soni
"URGENT! Dear FL1PKART Customer, We are trying to contact you. Last weekends draw shows that you w0n a Rs.7,00,000 prize GUARANTEED. Call 7679046492. Claim Code L92 Valid 12hrs only.",smishing,1,mishra_soni
"Come around &lt;DECIMAL&gt; pm vikky..i'm otside nw, il come by tht time",ham,0,mishra_soni
"Good evening Sir, Al Salam Wahleykkum.sharing a happy news.By the grace of God, i got an offer from Tayseer,TISSCO and i joined.Hope you are fine.Inshah Allah,meet you sometime.Rakhesh,visitor from India.",ham,0,mishra_soni
"Edison has rightly said, ""A fool can ask more questions than a wise man can answer""",ham,0,mishra_soni
Good. Good job. I like entrepreneurs,ham,0,mishra_soni
Good night. Am going to sleep.,ham,0,mishra_soni
U haven’t lost me ill always b here 4u.i didn’t intend 2 hurt u but I never knew how u felt about me when Iwas+marine&that’s what itried2tell urmom.i careabout u,ham,0,mishra_soni
I wan but too early lei... Me outside now wun b home so early... Neva mind then...,ham,0,mishra_soni
Nope but i'll b going 2 sch on fri quite early lor cos mys sis got paper in da morn :-),ham,0,mishra_soni
"Jay told me already, will do",ham,0,mishra_soni
Dorothy@kiefer.com (Bank of Granite issues Strong-Buy) EXPLOSIVE PICK FOR OUR MEMBERS *****UP OVER 300% *********** Nasdaq Symbol CDGT That is a $5.00 per..,smishing,1,mishra_soni
Be happy there. I will come after noon,ham,0,mishra_soni
Networking job is there.,ham,0,mishra_soni
78% in mca. But not conform.,ham,0,mishra_soni
Message:some text missing* Sender:Name Missing* *Number Missing *Sent:Date missing *Missing U a lot thats y everything is missing.,ham,0,mishra_soni
"Sounds good, keep me posted",ham,0,mishra_soni
Ok... Let u noe when i leave my house.,ham,0,mishra_soni
Cause I'm not freaky lol,ham,0,mishra_soni
2mro i am not coming to gym machan. Goodnight.,ham,0,mishra_soni
Give one miss from that number please,ham,0,mishra_soni
Same as u... Dun wan... Y u dun like me already ah... Wat u doing now? Still eating?,ham,0,mishra_soni
I surely dont forgot to come:)i will always be in touch in with you:-),ham,0,mishra_soni
S:-)if we have one good partnership going we will take lead:),ham,0,mishra_soni
India have to take lead:),ham,0,mishra_soni
"Multiply the numbers independently and count decimal points then, for the division, push the decimal places like i showed you.",ham,0,mishra_soni
SURBHIi..where are you dear..,ham,0,mishra_soni
Happy new year to u too!,ham,0,mishra_soni
"K, text me when you're on the way",ham,0,mishra_soni
"Theoretically yeah, he could be able to come",ham,0,mishra_soni
I jus reached home. I go bathe first. But my sis using net tell u when she finishes k...,ham,0,mishra_soni
U dun say so early hor... U c already then say...,ham,0,mishra_soni
How dare you stupid. I wont tell anything to you. Hear after i wont talk to you:-.,ham,0,mishra_soni
S..antha num corrct dane,ham,0,mishra_soni
WE WILL HOLD YOUR PAYTM AMOUNT AFTER SOMETIME COMPLETE YOUR PAYTM KYC PAYTM OFFICE PH 6299257179,smishing,1,mishra_soni
"K, want us to come by now?",ham,0,mishra_soni
Wait &lt;#&gt; min..,ham,0,mishra_soni
Your daily text from me – a favour this time,ham,0,mishra_soni
"Yeah, in fact he just asked if we needed anything like an hour ago. When and how much?",ham,0,mishra_soni
26th OF JULY,ham,0,mishra_soni
"Yes, princess. Are you going to make me moan?",ham,0,mishra_soni
Hi. Hope you had a good day. Have a better night.,ham,0,mishra_soni
You flippin your shit yet?,ham,0,mishra_soni
Still at west coast... Haiz... Ü'll take forever to come back...,ham,0,mishra_soni
Baaaaaaaabe! Wake up ! I miss you ! I crave you! I need you!,ham,0,mishra_soni
What time you think you'll have it? Need to know when I should be near campus,ham,0,mishra_soni
Oh k...i'm watching here:),ham,0,mishra_soni
Maybe i could get book out tomo then return it immediately ..? Or something.,ham,0,mishra_soni
Those cocksuckers. If it makes you feel better ipads are worthless garbage novelty items and you should feel bad for even wanting one,ham,0,mishra_soni
Haven't eaten all day. I'm sitting here staring at this juicy pizza and I can't eat it. These meds are ruining my life.,ham,0,mishra_soni
"To the wonderful Okors, have a great month. We cherish you guys and wish you well each day. MojiBiola",ham,0,mishra_soni
"No worries, hope photo shoot went well. have a spiffing fun at workage.",ham,0,mishra_soni
What I'm saying is if you haven't explicitly told nora I know someone I'm probably just not gonna bother,ham,0,mishra_soni
I'm in inside office..still filling forms.don know when they leave me.,ham,0,mishra_soni
"And stop wondering ""wow is she ever going to stop tm'ing me ?!"" because I will tm you whenever I want because you are MINE ... *laughs*",ham,0,mishra_soni
I'm in a movie. Call me 4 wat?,ham,0,mishra_soni
"Night sweet, sleep well! I've just been to see The Exorcism of Emily Rose and may never sleep again! Hugs and snogs!",ham,0,mishra_soni
Happy birthday... Wish u all the happiness in your life,ham,0,mishra_soni
"Its ok, called mom instead have fun",ham,0,mishra_soni
"Urgent -call 09066649731from Landline. Your complimentary 4* Ibiza Holiday or £10,000 cash await collection SAE T&Cs PO BOX 434 SK3 8WP 150ppm 18+",smishing,1,mishra_soni
Hey tmr meet at bugis 930 ?,ham,0,mishra_soni
Aiyar dun disturb u liao... Thk u have lots 2 do aft ur cupboard come...,ham,0,mishra_soni
"I got another job! The one at the hospital doing data analysis or something, starts on monday! Not sure when my thesis will got finished",ham,0,mishra_soni
You can never do NOTHING,ham,0,mishra_soni
Last Chance! Claim ur £150 worth of discount vouchers today! Text SHOP to 85023 now!,smishing,1,mishra_soni
"All done, all handed in. Don't know if mega shop in asda counts as celebration but thats what i'm doing!",ham,0,mishra_soni
"Your Mobile Won 500,000.00euro in Blackberry Netherlands Promo. For claims E-mail code: NL101 to claims@bbnetherlands.co.cc",smishing,1,mishra_soni
I thk ü gotta go home by urself. Cos i'll b going out shopping 4 my frens present.,ham,0,mishra_soni
"The world suffers a lot... Not because of the violence of bad people. But because of the silence of good people!, Gud night....",ham,0,mishra_soni
Dear (paytm)customer your paytm KYC has been suspended PAY-TM office PH 8536074310 Your Paytm A/C will block within 24hr Thank you.,smishing,1,mishra_soni
Haha mayb u're rite... U know me well. Da feeling of being liked by someone is gd lor. U faster go find one then all gals in our group attached liao.,ham,0,mishra_soni
Que pases un buen tiempo or something like that,ham,0,mishra_soni
I dont know why she.s not getting your messages,ham,0,mishra_soni
Well thats nice. Too bad i cant eat it,ham,0,mishra_soni
"Dear Hero,i am leaving to qatar tonite for an apt opportunity.pls do keep in touch at &lt;EMAIL&gt; ,kerala",ham,0,mishra_soni
Where are you ? What do you do ? How can you stand to be away from me ? Doesn't your heart ache without me ? Don't you wonder of me ? Don't you crave me ?,ham,0,mishra_soni
"Just dropped em off, omw back now",ham,0,mishra_soni
Dear good morning now only i am up,ham,0,mishra_soni
As per your request 'Maangalyam (Alaipayuthe)' has been set as your callertune for all Callers. Press *9 to copy your friends Callertune,ham,0,mishra_soni
Miserable. They don't tell u that the side effects of birth control are massive gut wrenching cramps for the first 2 months. I didn't sleep at all last night.,ham,0,mishra_soni
You have WON a guaranteed £1000 cash or a £2000 prize.To claim yr prize call our customer service representative on 08714712413,smishing,1,mishra_soni
"Haha, that was the first person I was gonna ask",ham,0,mishra_soni
"Kate jackson rec center before 7ish, right?",ham,0,mishra_soni
Don know:)this week i'm going to tirunelvai da.,ham,0,mishra_soni
ARR birthday today:) i wish him to get more oscar.,ham,0,mishra_soni
Hahaha..use your brain dear .thats important,ham,0,mishra_soni
Rate Revsng soon.Xperience Beachside Living.Supertch Holiday Village.Xpandabl Villas at Yamuna XprswaySize 1575/2200 sf@27 lac onwrdsCall: 9999060692,smishing,1,mishra_soni
;-) ok. I feel like john lennon.,ham,0,mishra_soni
"I dont knw pa, i just drink milk..",ham,0,mishra_soni
Can ü all decide faster cos my sis going home liao..,ham,0,mishra_soni
"You've won tkts to the EURO2004 CUP FINAL or £800 CASH, to collect CALL 09058099801 b4190604, POBOX 7876150ppm",smishing,1,mishra_soni
Never blame a day in ur life. Good days give u happiness. Bad days give u experience. Both are essential in life! All are Gods blessings! good morning.:,ham,0,mishra_soni
WHO ARE YOU SEEING?,ham,0,mishra_soni
Thats cool princess!,ham,0,mishra_soni
A bloo bloo bloo I'll miss the first bowl,ham,0,mishra_soni
"Solve d Case : A Man Was Found Murdered On 19 october, AfterNoon. 1,His wife called Police. 2,Police questioned everyone. 3,Wife: Sir,I was sleeping, when the murder took place. 4.Cook: I was cooking. 5.Gardener: I was picking vegetables. 6.House-Maid: I went 2 d post office. 7.Children: We went 2 play.whoz the murderer?",ham,0,mishra_soni
Correct. So how was work today,ham,0,mishra_soni
Wot u up 2? Thout u were gonna call me!! Txt bak luv K,ham,0,mishra_soni
Mm have some kanji dont eat anything heavy ok,ham,0,mishra_soni
twenty past five he said will this train have been to durham already or not coz i am in a reserved seat,ham,0,mishra_soni
"Ya they are well and fine., BBD(pooja) full pimples..even she become quite black..and ur rite here its too cold, wearing sweatter..",ham,0,mishra_soni
I want to sent &lt;#&gt; mesages today. Thats y. Sorry if i hurts,ham,0,mishra_soni
"Yes, my reg is Ciao!",ham,0,mishra_soni
How is it possible to teach you. And where.,ham,0,mishra_soni
"Good afternoon, my love ... How goes your day ? How did you sleep ? I hope your well, my boytoy ... I think of you ...",ham,0,mishra_soni
I'm also came to room.,ham,0,mishra_soni
I know! Grumpy old people. My mom was like you better not be lying. Then again I am always the one to play jokes...,ham,0,mishra_soni
Thanks. Fills me with complete calm and reassurance!,ham,0,mishra_soni
WIN URGENT! Your mobile number has been awarded with a £2000 prize GUARANTEED call 09061790121 from land line. claim 3030 valid 12hrs only 150ppm,smishing,1,mishra_soni
I see a cup of coffee animation,ham,0,mishra_soni
Lol I was gonna last month. I cashed some in but I left &lt;#&gt; just in case. I was collecting more during the week cause they announced it on the blog.,ham,0,mishra_soni
I cannot come on Sunday as I HAVE A DATE ON SUNDAY WITH RIMCA!!,ham,0,mishra_soni
"Sorry pa, i dont knw who ru pa?",ham,0,mishra_soni
Are you planning to come chennai?,ham,0,mishra_soni
Hello hun how ru? Its here by the way. Im good. Been on 2 dates with that guy i met in walkabout so far. We have to meet up soon. Hows everyone else?,ham,0,mishra_soni
O. Well uv causes mutations. Sunscreen is like essential thesedays,ham,0,mishra_soni
make that 3! 4 sake?! x,ham,0,mishra_soni
Nobody can decide where to eat and dad wants Chinese,ham,0,mishra_soni
When u love someone Dont make them to love u as much as u do. But Love them so much that they dont want to be loved by anyone except you... Gud nit.,ham,0,mishra_soni
"Sorry, I'll call later..busy somewhere..",ham,0,mishra_soni
"Sir Goodmorning, Once free call me.",ham,0,mishra_soni
"(Alert) Your Rbc Royal Bank has been suspended. To unlock your account, click here: http://reac.mobi/@mobile",smishing,1,mishra_soni
"complimentary 4 STAR Ibiza Holiday or £10,000 cash needs your URGENT collection. 09066364349 NOW from Landline not to lose out! Box434SK38WP150PPM18+",smishing,1,mishra_soni
Ok leave no need to ask,ham,0,mishra_soni
Ok lor.,ham,0,mishra_soni
If you r @ home then come down within 5 min,ham,0,mishra_soni
Dunno dat's wat he told me. Ok lor...,ham,0,mishra_soni
Lol no ouch but wish i'd stayed out a bit longer,ham,0,mishra_soni
Did you stitch his trouser,ham,0,mishra_soni
"Hi , where are you? We're at and they're not keen to go out i kind of am but feel i shouldn't so can we go out tomo, don't mind do you?",ham,0,mishra_soni
"Good! No, don‘t need any receipts—well done! (…) Yes, please tell . What‘s her number, i could ring her",ham,0,mishra_soni
You are a winner U have been specially selected 2 receive £1000 or a 4* holiday (flights inc) speak to a live operator 2 claim 0871277810910p/min (18+),smishing,1,mishra_soni
"7 wonders in My WORLD 7th You 6th Ur style 5th Ur smile 4th Ur Personality 3rd Ur Nature 2nd Ur SMS and 1st ""Ur Lovely Friendship""... God bless U",ham,0,mishra_soni
Raji..pls do me a favour. Pls convey my Birthday wishes to Nimya. Pls. Today is her birthday.,ham,0,mishra_soni
Ok... Sweet dreams...,ham,0,mishra_soni
So that means you still think of teju,ham,0,mishra_soni
"I av a new number, . Wil u only use this one,ta.",ham,0,mishra_soni
Yup no more already... Thanx 4 printing n handing it up.,ham,0,mishra_soni
Wat would u like 4 ur birthday?,ham,0,mishra_soni
Thank you princess! I want to see your nice juicy booty...,ham,0,mishra_soni
"URGENT, IMPORTANT INFORMATION FOR O2 USER. TODAY IS YOUR LUCKY DAY! 2 FIND OUT WHY LOG ONTO HTTP://WWW.URAWINNER.COM THERE IS A FANTASTIC SURPRISE AWAITING FOR YOU",smishing,1,mishra_soni
U don't know how stubborn I am. I didn't even want to go to the hospital. I kept telling Mark I'm not a weak sucker. Hospitals are for weak suckers.,ham,0,mishra_soni
O was not into fps then.,ham,0,mishra_soni
"You are a £1000 winner or Guaranteed Caller Prize, this is our Final attempt to contact you! To Claim Call 09071517866 Now! 150ppmPOBox10183BhamB64XE",smishing,1,mishra_soni
Were trying to find a Chinese food place around here,ham,0,mishra_soni
I am great princess! What are you thinking about me? :),ham,0,mishra_soni
This is my number by vivek..,ham,0,mishra_soni
Alright i have a new goal now,ham,0,mishra_soni
U definitely need a module from e humanities dis sem izzit? U wan 2 take other modules 1st?,ham,0,mishra_soni
Squeeeeeze!! This is christmas hug.. If u lik my frndshp den hug me back.. If u get 3 u r cute:) 6 u r luvd:* 9 u r so lucky;) None? People hate u:,ham,0,mishra_soni
Please call our customer service representative on 0800 169 6031 between 10am-9pm as you have WON a guaranteed £1000 cash or £5000 prize!,smishing,1,mishra_soni
Thank you. do you generally date the brothas?,ham,0,mishra_soni
"Last Chance! Claim ur £150 worth of discount vouchers today! Text SHOP to 85023 now! SavaMob, offers mobile! T Cs SavaMob POBOX84, M263UZ. £3.00 Sub. 16",smishing,1,mishra_soni
K still are you loving me.,ham,0,mishra_soni
You have an outstanding tax refund of 578.44G8P for the tax year 15/16. Please fill out the following form to process your refund http:///hmrc.taxrebate.co.uk,smishing,1,mishra_soni
i cant talk to you now.i will call when i can.dont keep calling.,ham,0,mishra_soni
Fine i miss you very much.,ham,0,mishra_soni
I sent you 6000; bucks,ham,0,mishra_soni
"URGENT! Your Mobile number has been awarded with a INR.2,00,000 prize GUARANTEED. Call 6200992462 from land line. Claim 3030. Valid 12hrs only",smishing,1,mishra_soni
"I can't speak, bcaz mobile have problem. I can listen you but you cann't listen my voice. So i calls you later.",ham,0,mishra_soni
How many licks does it take to get to the center of a tootsie pop?,ham,0,mishra_soni
"WIN: We have a winner! Mr. T. Foley won an iPod! More exciting prizes soon, so keep an eye on ur mobile or visit www.win-82050.co.uk",smishing,1,mishra_soni
Sorry i now then c ur msg... Yar lor so poor thing... But only 4 one night... Tmr u'll have a brand new room 2 sleep in...,ham,0,mishra_soni
Well done and ! luv ya all,ham,0,mishra_soni
"No i'm not. I can't give you everything you want and need. You actually could do better for yourself on yor own--you've got more money than i do. I can't get work, i can't get a man, i can't pay the rent, i can't even fill my gas tank. yes, i'm stressed and depressed. I didn't even call home for thanksgiving cuz i'll have to tell them i,m up to nothing.",ham,0,mishra_soni
I was slept that time.you there?,ham,0,mishra_soni
I accidentally deleted the message. Resend please.,ham,0,mishra_soni
Otherwise had part time job and tuition..,ham,0,mishra_soni
K.:)you are the only girl waiting in reception ah?,ham,0,mishra_soni
Ü still got lessons? Ü in sch?,ham,0,mishra_soni
"Dear PAYTM customer your paytm KYC has been suspended, paytm office PH 6291628992 Account will block within 24 hour. Thank you. PAYTM TEAM",smishing,1,mishra_soni
Only saturday and sunday holiday so its very difficult:),ham,0,mishra_soni
Ü collecting ur laptop then going to configure da settings izzit?,ham,0,mishra_soni
Hmmm...k...but i want to change the field quickly da:-)i wanna get system administrator or network administrator..,ham,0,mishra_soni
The message sent is askin for &lt;#&gt; dollars. Shoul i pay &lt;#&gt; or &lt;#&gt; ?,ham,0,mishra_soni
I cant pick the phone right now. Busy in meeting..,ham,0,mishra_soni
"I'm home, my love ... If your still awake ... *loving kiss*",ham,0,mishra_soni
Lol no. I just need to cash in my nitros. Hurry come on before I crash out!,ham,0,mishra_soni
Yes see ya not on the dot,ham,0,mishra_soni
Mm i am on the way to railway,ham,0,mishra_soni
"New Theory: Argument wins d SITUATION, but loses the PERSON. So dont argue with ur friends .",ham,0,mishra_soni
My uncles in canada...Wish you guys a great semester.,ham,0,mishra_soni
I am late. I will be there by evening,ham,0,mishra_soni
Good Morning plz call me sir..I want to talk to u something urgent,ham,0,mishra_soni
"Im in inperialmusic listening2the weirdest track ever by”leafcutter john”-sounds like insects being molested&someone plumbing,remixed by evil men on acid!",ham,0,mishra_soni
"So many people seems to be special at first sight, But only very few will remain special to you till your last sight..",ham,0,mishra_soni
"Nothing, smsing u n xy lor. Sorry lor da guys neva c u in person but they sort of know u lor. So u wan 2 meet them xy ask me 2 bring u along 4 our next meeting.",ham,0,mishra_soni
She.s fine. I have had difficulties with her phone. It works with mine. Can you pls send her another friend request.,ham,0,mishra_soni
"Dont search love, let love find U. Thats why its called falling in love .",ham,0,mishra_soni
Let me know when you've got the money so carlos can make the call,ham,0,mishra_soni
"Awesome question with a cute answer: Someone asked a boy ""how is ur life?"" . . He smiled &amp; answered: . . ""She is fine!"" Gudnite",ham,0,mishra_soni
Dude avatar 3d was imp. At one point i thought there were actually flies in the room and almost tried hittng one as a reflex,ham,0,mishra_soni
Can you please send me my aunty's number,ham,0,mishra_soni
UR awarded a City Break and could WIN a £200 Summer Shopping spree every WK. Txt STORE to 88039.SkilGme.TsCs087147403231Winawk!Age16+£1.50perWKsub,smishing,1,mishra_soni
Msg me when rajini comes.,ham,0,mishra_soni
PRIVATE! Your 2004 Account Statement for 07742676564 shows 786 unredeemed Bonus Points. To claim call 08719180249 Identifier Code: 45239 Expires,smishing,1,mishra_soni
Today iZ Yellow rose day. If u love my frndship give me 1 misscall &amp; send this to ur frndZ &amp; See how many miss calls u get. If u get 6missed U marry ur Lover.,ham,0,mishra_soni
What's up. Do you want me to come online?,ham,0,mishra_soni
Pls give her prometazine syrup. 5mls then &lt;#&gt; mins later feed.,ham,0,mishra_soni
Goin to workout lor... Muz lose e fats...,ham,0,mishra_soni
"Wow. I never realized that you were so embarassed by your accomodations. I thought you liked it, since i was doing the best i could and you always seemed so happy about ""the cave"". I'm sorry I didn't and don't have more to give. I'm sorry i offered. I'm sorry your room was so embarassing.",ham,0,mishra_soni
Your right! I'll make the appointment right now.,ham,0,mishra_soni
I am taking you for italian food. How about a pretty dress with no panties? :),ham,0,mishra_soni
Ü all write or wat..,ham,0,mishra_soni
I'm in class. Will holla later,ham,0,mishra_soni
Am not interested to do like that.,ham,0,mishra_soni
Lol ok your forgiven :),ham,0,mishra_soni
"You aren't coming home between class, right? I need to work out and shower!",ham,0,mishra_soni
"TODAY is Sorry day.! If ever i was angry with you, if ever i misbehaved or hurt you? I am sorry",ham,0,mishra_soni
"Yo, the game almost over? Want to go to walmart soon",ham,0,mishra_soni
Ok can...,ham,0,mishra_soni
So wats ur opinion abt him and how abt is character?,ham,0,mishra_soni
And of course you should make a stink!,ham,0,mishra_soni
There are no other charges after transfer charges and you can withdraw anyhow you like,ham,0,mishra_soni
Hey! do u fancy meetin me at 4 at cha – hav a lil beverage on me. if not txt or ring me and we can meet up l8r. quite tired got in at 3 v.pist ;) love Pete x x x,ham,0,mishra_soni
"Dear Customer,U've been selected to stay in F1VE STAR hotels - FOR T0DAY'S DRAW! Holiday valued at INR 5,00,000.Dial 8927307655 to claim",smishing,1,mishra_soni
Ill be at yours in about 3 mins but look out for me,ham,0,mishra_soni
Where r we meeting?,ham,0,mishra_soni
I'm already back home so no probably not,ham,0,mishra_soni
"Sorry, I guess whenever I can get a hold of my connections, maybe an hour or two? I'll text you",ham,0,mishra_soni
Hey morning what you come to ask:-) pa...,ham,0,mishra_soni
Oops I was in the shower when u called. Hey a parking garage collapsed at university hospital. See I'm not crazy. Stuff like that DOES happen.,ham,0,mishra_soni
Senthil group company Apnt 5pm.,ham,0,mishra_soni
On ma way to school. Can you pls send me ashley's number,ham,0,mishra_soni
"Sorry battery died, yeah I'm here",ham,0,mishra_soni
She's fine. Good to hear from you. How are you my dear? Happy new year oh.,ham,0,mishra_soni
Wat makes some people dearer is not just bcoz of the happiness dat u feel when u meet them but bcoz of the pain u feel when u miss dem!!!,ham,0,mishra_soni
I wont do anything de.,ham,0,mishra_soni
This pay is &lt;DECIMAL&gt; lakhs:),ham,0,mishra_soni
I might go 2 sch. Yar at e salon now v boring.,ham,0,mishra_soni
Just hopeing that wasn‘t too pissed up to remember and has gone off to his sisters or something!,ham,0,mishra_soni
"Princess, is your kitty shaved or natural?",ham,0,mishra_soni
Congrats kano..whr s the treat maga?,ham,0,mishra_soni
"Maybe westshore or hyde park village, the place near my house?",ham,0,mishra_soni
we tried to contact you re your response to our offer of a new nokia fone and camcorder hit reply or call 08000930705 for delivery,smishing,1,mishra_soni
"I'm gonna be home soon and i don't want to talk about this stuff anymore tonight, k? I've cried enough today.",ham,0,mishra_soni
Already one guy loving you:-.,ham,0,mishra_soni
what is your account number?,ham,0,mishra_soni
Ard 4 lor...,ham,0,mishra_soni
Yup i shd haf ard 10 pages if i add figures... Ü all got how many pages?,ham,0,mishra_soni
"Mmmmm ... It was sooooo good to wake to your words this morning, my Love!! Mmmm ... I love you too, my Lion ... *devouring kiss from across the sea*",ham,0,mishra_soni
"MOON has come to color your dreams, STARS to make them musical and my SMS to give you warm and Peaceful Sleep. Good Night",ham,0,mishra_soni
Watching tv now.,ham,0,mishra_soni
Same to u...,ham,0,mishra_soni
4 oclock at mine. Just to bash out a flat plan.,ham,0,mishra_soni
Sorry da thangam.it's my mistake.,ham,0,mishra_soni
JADE ITS PAUL. Y DIDN’T U TXT ME? DO U REMEMBER ME FROM BARMED? I WANT 2 TALK 2 U! TXT ME,ham,0,mishra_soni
Me hungry buy some food good lei... But mum n yun dun wan juz buy a little bit...,ham,0,mishra_soni
"Honey, can you pls find out how much they sell Predicte in Nigeria. And how many times can it be used. Its very important to have a reply before monday",ham,0,mishra_soni
Uncle Abbey! Happy New Year. Abiola,ham,0,mishra_soni
You should know now. So how's anthony. Are you bringing money. I've school fees to pay and rent and stuff like that. Thats why i need your help. A friend in need....|,ham,0,mishra_soni
Excellent! Wish we were together right now!,ham,0,mishra_soni
Dear PAYTM customer your Paytm KYC has expired. Contact customer care No-8927307655 immediately. your account will Block within 24 hr. Thank you PAYTM TEAM.,smishing,1,mishra_soni
You are entitled to update to the latest colour camera mobile for Free! Call The Mobile Update VCo FREE on 08002986906,smishing,1,mishra_soni
FreeMsg Today's the day if you are ready! I'm & live in your town. I love sex fun & games! Netcollex Ltd 08700621170150p per msg reply Stop to end,smishing,1,mishra_soni
How r ü going to send it to me?,ham,0,mishra_soni
Ok..tell me,ham,0,mishra_soni
Does cinema plus drink appeal tomo? * Is a fr thriller by director i like on at mac at 8.30.,ham,0,mishra_soni
Wow v v impressed. Have funs shopping!,ham,0,mishra_soni
"Hiya, sorry didn't hav signal. I haven't seen or heard from and neither has, which is unusual in itself! I'll put on the case and get him to sort it out! Hugs and snogs.",ham,0,mishra_soni
"Aight will do, thanks again for comin out",ham,0,mishra_soni
Hmm .. Bits and pieces lol ... *sighs* ...,ham,0,mishra_soni
"Hey, iouri gave me your number, I'm wylie, ryan's friend",ham,0,mishra_soni
URGENT! Your Mobile number has been awarded with a £2000 Bonus Caller Prize. Call 09058095201 from land line. Valid 12hrs only,smishing,1,mishra_soni
Just glad to be talking to you.,ham,0,mishra_soni
URGENT! Your Mobile number has been awarded with a £2000 prize GUARANTEED. Call 09058094454 from land line. Claim 3030. Valid 12hrs only,smishing,1,mishra_soni
For me the love should start with attraction.i should feel that I need her every time around me.she should be the first thing which comes in my thoughts.I would start the day and end it with her.she should be there every time I dream.love will be then when my every breath has her name.my life should happen around her.my life will be named to her.I would cry for her.will give all my happiness and take all her sorrows.I will be ready to fight with anyone for her.I will be in love when I will be doing the craziest things for her.love will be when I don't have to proove anyone that my girl is the most beautiful lady on the whole planet.I will always be singing praises for her.love will be when I start up making chicken curry and end up makiing sambar.life will be the most beautiful then.will get every morning and thank god for the day because she is with me.I would like to say a lot..will tell later..,ham,0,mishra_soni
"By the way, i've put a skip right outside the front of the house so you can see which house it is. Just pull up before it.",ham,0,mishra_soni
True dear..i sat to pray evening and felt so.so i sms'd you in some time...,ham,0,mishra_soni
Howz pain.it will come down today.do as i said ystrday.ice and medicine.,ham,0,mishra_soni
Wat happened to the cruise thing,ham,0,mishra_soni
Sorry i din lock my keypad.,ham,0,mishra_soni
"Happy or sad , one thing about past is- ""Its no more"" GOOD MORNING :-):-).",ham,0,mishra_soni
okmail: Dear Dave this is your final notice to collect your 4* Tenerife Holiday or #5000 CASH award! Call 09061743806 from landline. TCs SAE Box326 CW25WX 150ppm,smishing,1,mishra_soni
Mum say we wan to go then go... Then she can shun bian watch da glass exhibition...,ham,0,mishra_soni
"Dude u knw also telugu..thts gud..k, gud nyt..",ham,0,mishra_soni
i am going to bed now prin,ham,0,mishra_soni
Am watching house – very entertaining – am getting the whole hugh laurie thing – even with the stick – indeed especially with the stick.,ham,0,mishra_soni
"It could work, we'll reach a consensus at the next meeting",ham,0,mishra_soni
Tell my bad character which u Dnt lik in me. I'll try to change in &lt;#&gt; . I ll add tat 2 my new year resolution. Waiting for ur reply.Be frank...good morning.,ham,0,mishra_soni
Are you up for the challenge? I know i am :),ham,0,mishra_soni
S:-)kallis wont play in first two odi:-),ham,0,mishra_soni
Or u ask they all if next sat can a not. If all of them can make it then i'm ok lor.,ham,0,mishra_soni
Lul im gettin some juicy gossip at the hospital. Two nurses are talking about how fat they are gettin. And one thinks shes obese. Oyea.,ham,0,mishra_soni
Ok that s fine,ham,0,mishra_soni
yeah sure thing mate haunt got all my stuff sorted but im going sound anyway promoting hex for .by the way who is this? dont know number. Joke,ham,0,mishra_soni
Pls confirm the time to collect the cheque.,ham,0,mishra_soni
How much for an eighth?,ham,0,mishra_soni
Actually i deleted my old website..now i m blogging at magicalsongs.blogspot.com,ham,0,mishra_soni
No..jst change tat only..,ham,0,mishra_soni
Yar lor actually we quite fast... Cos da ge slow wat... Haha...,ham,0,mishra_soni
"Y cant u try new invention to fly..i'm not joking.,",ham,0,mishra_soni
No got new job at bar in airport on satsgettin 4.47per hour but means no lie in! keep in touch,ham,0,mishra_soni
You best watch what you say cause I get drunk,ham,0,mishra_soni
U're welcome... Caught u using broken english again...,ham,0,mishra_soni
"HEY BABE! FAR 2 SPUN-OUT 2 SPK AT DA MO... DEAD 2 DA WRLD. BEEN SLEEPING ON DA SOFA ALL DAY, HAD A COOL NYTHO, TX 4 FONIN HON, CALL 2MWEN IM BK FRMCLOUD 9! J X",ham,0,mishra_soni
"Enjoy the showers of possessiveness poured on u by ur loved ones, bcoz in this world of lies, it is a golden gift to be loved truly..",ham,0,mishra_soni
"Wait, do you know if wesleys in town? I bet she does hella drugs!",ham,0,mishra_soni
Dude sux for snake. He got old and raiden got buff,ham,0,mishra_soni
What happen dear tell me,ham,0,mishra_soni
Yep then is fine 7.30 or 8.30 for ice age.,ham,0,mishra_soni
Oh did you charge camera,ham,0,mishra_soni
Dunno lei... I thk mum lazy to go out... I neva ask her yet...,ham,0,mishra_soni
I also thk too fast... Xy suggest one not me. U dun wan it's ok. Going 2 rain leh where got gd.,ham,0,mishra_soni
"This is the 2nd time we have tried 2 contact u. U have won the £750 Pound prize. 2 claim is easy, call 087187272008 NOW1! Only 10p per minute. BT-national-rate.",smishing,1,mishra_soni
"K so am I, how much for an 8th? Fifty?",ham,0,mishra_soni
watever reLation u built up in dis world only thing which remains atlast iz lonlines with lotz n lot memories! feeling..,ham,0,mishra_soni
"Good afternoon, my love! How goes that day ? I hope maybe you got some leads on a job. I think of you, boytoy and send you a passionate kiss from across the sea",ham,0,mishra_soni
Hey no I ad a crap nite was borin without ya 2 boggy with me u boring biatch! Thanx but u wait til nxt time il ave ya,ham,0,mishra_soni
It does it on its own. Most of the time it fixes my spelling. But sometimes it gets a completely diff word. Go figure,ham,0,mishra_soni
I have to take exam with in march 3,ham,0,mishra_soni
Have you bookedthe hut? And also your time off? How are you by the way?,ham,0,mishra_soni
I've told you everything will stop. Just dont let her get dehydrated.,ham,0,mishra_soni
eeta (25/F) is inviting you to be her friend. Reply YES-440 or NO-440 See her: www.SMS.ac/u/nat2708198,smishing,1,mishra_soni
"Urgent Message for CIBC Account Holder, Kindly Login to our secure server to check your information http://2cibc.mobileupdate.gram pianostudio.com/cibcfullz/Internet Support",smishing,1,mishra_soni
You have 1 new message. Please call 08718738034.,smishing,1,mishra_soni
K..k:)how about your training process?,ham,0,mishra_soni
No. But we'll do medical missions to nigeria,ham,0,mishra_soni
Good Luck! Draw takes place 28th Feb 06. Good Luck! For removal send STOP to 87239 customer services 08708034412,smishing,1,mishra_soni
PRIVATE! Your 2003 Account Statement for 07973788240 shows 800 un-redeemed S. I. M. points. Call 08715203649 Identifier Code: 40533 Expires 31/10/04,smishing,1,mishra_soni
What does the dance river do?,ham,0,mishra_soni
"idc get over here, you are not weaseling your way out of this shit twice in a row",ham,0,mishra_soni
"I'm there and I can see you, but you can't see me ? Maybe you should reboot ym ? I seen the buzz",ham,0,mishra_soni
I emailed yifeng my part oredi.. Can ü get it fr him..,ham,0,mishra_soni
Yar but they say got some error.,ham,0,mishra_soni
What's ur pin?,ham,0,mishra_soni
Yup next stop.,ham,0,mishra_soni
My brother in Atlanta. Wish you guys a great semester.,ham,0,mishra_soni
"Final Chance! Claim ur £150 worth of discount vouchers today! Text YES to 85023 now! SavaMob, member offers mobile! T Cs SavaMob POBOX84, M263UZ. £3.00 Subs 16",smishing,1,mishra_soni
"K, fyi I'm back in my parents' place in south tampa so I might need to do the deal somewhere else",ham,0,mishra_soni
Oh ho. Is this the first time u use these type of words,ham,0,mishra_soni
Anyway i'm going shopping on my own now. Cos my sis not done yet. Dun disturb u liao.,ham,0,mishra_soni
Indeed and by the way it was either or - not both !,ham,0,mishra_soni
S'fine. Anytime. All the best with it.,ham,0,mishra_soni
Its sarcasm.. .nt scarcasim,ham,0,mishra_soni
HAPPY NEW YEAR MY NO.1 MAN,ham,0,mishra_soni
"Sweetheart, hope you are not having that kind of day! Have one with loads of reasons to smile. Biola",ham,0,mishra_soni
Dip's cell dead. So i m coming with him. U better respond else we shall come back.,ham,0,mishra_soni
No. To be nosy I guess. Idk am I over reacting if I'm freaked?,ham,0,mishra_soni
We not leaving yet. Ok lor then we go elsewhere n eat. U thk...,ham,0,mishra_soni
Ya srsly better than yi tho,ham,0,mishra_soni
"OH MR SHEFFIELD! You wanna play THAT game, okay. You're the boss and I'm the nanny. You give me a raise and I'll give YOU one!!",ham,0,mishra_soni
So u wan 2 come for our dinner tonight a not?,ham,0,mishra_soni
Anyway holla at me whenever you're around because I need an excuse to go creep on people in sarasota,ham,0,mishra_soni
When you came to hostel.,ham,0,mishra_soni
Don't forget though that I love you .... And I walk beside you. Watching over you and keeping your heart warm.,ham,0,mishra_soni
"I promise to take good care of you, princess. I have to run now. Please send pics when you get a chance. Ttyl!",ham,0,mishra_soni
"They can try! They can get lost, in fact. Tee hee",ham,0,mishra_soni
Can a not?,ham,0,mishra_soni
"Open rebtel with firefox. When it loads just put plus sign in the user name place, and it will show you two numbers. The lower number is my number. Once you pick that number the pin will display okay!",ham,0,mishra_soni
It is only yesterday true true.,ham,0,mishra_soni
I was gonna ask you lol but i think its at 7,ham,0,mishra_soni
"Final Chance! Claim ur £150 worth of discount vouchers today! Text YES to 85023 now! SavaMob, member offers mobile!",smishing,1,mishra_soni
10 min later k...,ham,0,mishra_soni
Can you open the door?,ham,0,mishra_soni
Okie..good news!!,ham,0,mishra_soni
Wat u doing there?,ham,0,mishra_soni
Kent vale lor... Ü wait 4 me there ar?,ham,0,mishra_soni
Hi Chachi tried calling u now unable to reach u .. Pl give me a missed cal once u c tiz msg Kanagu,ham,0,mishra_soni
Oh baby of the house. How come you dont have any new pictures on facebook,ham,0,mishra_soni
"I think we're going to finn's now, come",ham,0,mishra_soni
"This is the 2nd time we have tried 2 contact u. U have won the 750 Pound prize. 2 claim is easy, call 08718726970 NOW! Only 10p per min. BT-national-rate",smishing,1,mishra_soni
I called but no one pick up e phone. I ask both of them already they said ok.,ham,0,mishra_soni
Did u find a sitter for kaitlyn? I was sick and slept all day yesterday.,ham,0,mishra_soni
U still going to the mall?,ham,0,mishra_soni
Do you want a New Nokia 3510i colour phone DeliveredTomorrow? With 300 free minutes to any mobil+ Free Camcorder reply or call 08000930705.,smishing,1,mishra_soni
"Thanx 4 the time we’ve spent 2geva, its bin mint! Ur my Baby and all I want is u!xxxx",ham,0,mishra_soni
I enjoy watching and playing football and basketball. Anything outdoors. And you?,ham,0,mishra_soni
I have no money 4 steve mate! !,ham,0,mishra_soni
Lmao. Take a pic and send it to me.,ham,0,mishra_soni
HMRC GOVUK:0ur records show that your tax refund of 398.90 can now be claime. Please continue via:https://ukhmrc-tax-refund.com to claim your refund.,smishing,1,mishra_soni
"True. It is passable. And if you get a high score and apply for phd, you get 5years of salary. So it makes life easier.",ham,0,mishra_soni
Guess what! Somebody you know secretly fancies you! Wanna find out who it is? Give us a call on 09065394514 From Landline DATEBox1282EssexCM61XN 150p/min 18,smishing,1,mishra_soni
"We know TAJ MAHAL as symbol of love. But the other lesser known facts 1. Mumtaz was Shahjahan's 4th wife, out of his 7 wifes. 2. Shahjahan killed Mumtaz's husband to marry her. 3. Mumtaz died in her &lt;#&gt; th delivery. 4. He then married Mumtaz's sister. Question arises where the Hell is the LOVE?:-| -The Great Hari-",ham,0,mishra_soni
"That's fine, have him give me a call if he knows what he wants or has any questions",ham,0,mishra_soni
Shall i ask one thing if you dont mistake me.,ham,0,mishra_soni
"I am real, baby! I want to bring out your inner tigress...",ham,0,mishra_soni
"""Miss anything 4 ur ""Best Life"" but, don't miss ur best life for anything... Gud nyt...",ham,0,mishra_soni
Yo you guys ever figure out how much we need for alcohol? Jay and I are trying to figure out how much we can safely spend on weed,ham,0,mishra_soni
Anything lor if they all go then i go lor...,ham,0,mishra_soni
Let's pool our money together and buy a bunch of lotto tickets. If we win I get &lt;#&gt; % u get &lt;#&gt; %. Deal?,ham,0,mishra_soni
"He has lots of used ones babe, but the model doesn't help. Youi have to bring it over and he'll match it up",ham,0,mishra_soni
"FRAN I DECIDED 2 GO N E WAY IM COMPLETELY BROKE AN KNACKERED I GOT UP BOUT 3 C U 2MRW LOVE JANX P.S THIS IS MY DADS FONE, -NO CREDIT",ham,0,mishra_soni
Pls accept me for one day. Or am begging you change the number.,ham,0,mishra_soni
Ü bot notes oredi... Cos i juz rem i got...,ham,0,mishra_soni
Ü called dad oredi...,ham,0,mishra_soni
"Send ur birthdate with month and year, I will tel u ur LIFE PARTNER'S name. and the method of calculation. Reply must.",ham,0,mishra_soni
Hi msg me:)i'm in office..,ham,0,mishra_soni
Hey. You got any mail?,ham,0,mishra_soni
Haha okay... Today weekend leh...,ham,0,mishra_soni
Hi where you. You in home or calicut?,ham,0,mishra_soni
Also andros ice etc etc,ham,0,mishra_soni
"swhrt how u dey,hope ur ok, tot about u 2day.love n miss.take care.",ham,0,mishra_soni
What makes you most happy?,ham,0,mishra_soni
I.ll give her once i have it. Plus she said grinule greet you whenever we speak,ham,0,mishra_soni
Do u hav any frnd by name ashwini in ur college?,ham,0,mishra_soni
I know that my friend already told that.,ham,0,mishra_soni
Ok lor. I ned 2 go toa payoh 4 a while 2 return smth u wan 2 send me there or wat?,ham,0,mishra_soni
Its normally hot mail. Com you see!,ham,0,mishra_soni
"Dear Customer,U've been selected to stay in F1VE STAR hotels - FOR T0DAY'S DRAW! Holiday valued at INR 5,00,000.Dial 7908807538 to claim",smishing,1,mishra_soni
It is a good thing I'm now getting the connection to bw,ham,0,mishra_soni
"Todays Vodafone numbers ending 5263 are selected to receive a Rs.2,00,000 award. If you have a match please call 6200992462 quoting claim code 4267 standard rates apply",smishing,1,mishra_soni
"Hi babe its Jordan, how r u? Im home from abroad and lonely, text me back if u wanna chat xxSP visionsms.com Text stop to stopCost 150p 08712400603",smishing,1,mishra_soni
"Nah, I'm a perpetual DD",ham,0,mishra_soni
U calling me right? Call my hand phone...,ham,0,mishra_soni
"Its so common hearin How r u? Wat r u doing? How was ur day? So let me ask u something different. Did u smile today? If not, do it now.... Gud evng.",ham,0,mishra_soni
Like a personal sized or what,ham,0,mishra_soni
"HEY KATE, HOPE UR OK... WILL GIVE U A BUZ WEDLUNCH. GO OUTSOMEWHERE 4 ADRINK IN TOWN..CUD GO 2WATERSHD 4 A BIT? PPL FROMWRK WILL BTHERE. LOVE PETEXXX.",ham,0,mishra_soni
Tell your friends what you plan to do on Valentines day,ham,0,mishra_soni
Ok anyway no need to change with what you said,ham,0,mishra_soni
Anything lar then ü not going home 4 dinner?,ham,0,mishra_soni
So u gonna get deus ex?,ham,0,mishra_soni
"life alle mone,eppolum oru pole allalo",ham,0,mishra_soni
Mm yes dear look how i am hugging you both. :-P,ham,0,mishra_soni
Cbe is really good nowadays:)lot of shop and showrooms:)city is shaping good.,ham,0,mishra_soni
"Haha awesome, I've been to 4u a couple times. Who all's coming?",ham,0,mishra_soni
1 in cbe. 2 in chennai.,ham,0,mishra_soni
"Ever green ""A Person Who Irritates u Always Is the one Who Loves u Vry Much!!",ham,0,mishra_soni
"THIS MOBILE NUMBER HAS GAINED THE SUM US$450,000.00 FROM MML/REF#1001, FOR DETAIL SEND YOUR NAME, ADDRESS AND NUMBER TO EMAIL MEGARESULT@USA.COM",smishing,1,mishra_soni
How are you doing. How's the queen. Are you going for the royal wedding,ham,0,mishra_soni
Oops sorry. Just to check that you don't mind picking me up tomo at half eight from station. Would that be ok?,ham,0,mishra_soni
Book which lesson? then you msg me... I will call up after work or sth... I'm going to get specs. My membership is PX3748,ham,0,mishra_soni
"Height of Confidence: All the Aeronautics professors were askd 2 sit in an aeroplane. Aftr they sat they wer told dat the plane ws made by their students. Dey all hurried out of d plane.. Bt only 1 didnt move... He said:""if it is made by my students,this wont even start........ That is confidence..",ham,0,mishra_soni
I can't have a friend in the house because i'm embarassed that everything is scattered on the floor. I think we should work on it.,ham,0,mishra_soni
Missing you too.pray inshah allah,ham,0,mishra_soni
We are pleased to inform that your application for Airtel Broadband is processed successfully. Your installation will happen within 3 days.,ham,0,mishra_soni
Am on my way,ham,0,mishra_soni
"I had been hoping i would not have to send you this message. My rent is due and i dont have enough for it. My reserves are completely gone. Its a loan i need and was hoping you could her. The balance is &lt;#&gt; . Is there a way i could get that from you, till mid march when i hope to pay back.",ham,0,mishra_soni
But i have to. I like to have love and arrange.,ham,0,mishra_soni
K.:)do it at evening da:)urgent:),ham,0,mishra_soni
I think asking for a gym is the excuse for lazy people. I jog.,ham,0,mishra_soni
Hope you are having a great new semester. Do wish you the very best. You are made for greatness.,ham,0,mishra_soni
Valentines Day Special! Win over £1000 in our quiz and take your partner on the trip of a lifetime! Send GO to 83600 now. 150p/msg rcvd. CustCare:08718720201.,smishing,1,mishra_soni
After the drug she will be able to eat.,ham,0,mishra_soni
Ok i also wan 2 watch e 9 pm show...,ham,0,mishra_soni
"Sorry, I'll call you later. I am in meeting sir.",ham,0,mishra_soni
Yo dude guess who just got arrested the other day,ham,0,mishra_soni
"Well, I was about to give up cos they all said no they didn‘t do one nighters. I persevered and found one but it is very cheap so i apologise in advance. It is just somewhere to sleep isnt it?",ham,0,mishra_soni
Dear Customer your pyatm wallet Has been booked and hold Your amount please complete your kyc contact customer care 6200992462,smishing,1,mishra_soni
What type of stuff do you sing?,ham,0,mishra_soni
(6171-M) RMO.00 AEON MY Rs. 4399 was charged on your card num**97 at LAZO-KLIA2 on 19/10/2016. Call 0327884425 if you did NOT perform this TXN code356931,smishing,1,mishra_soni
You could have seen me..i did't recognise you Face.:),ham,0,mishra_soni
Then we wait 4 u lor... No need 2 feel bad lar...,ham,0,mishra_soni
"Sorry, I'll call later at 30 mins",ham,0,mishra_soni
ok....take care.umma to you too...,ham,0,mishra_soni
Your gonna be the death if me. I'm gonna leave a note that says its all robs fault. Avenge me.,ham,0,mishra_soni
Maybe you should find something else to do instead???,ham,0,mishra_soni
"Mah b, I'll pick it up tomorrow",ham,0,mishra_soni
"Don't worry though, I understand how important it is that I be put in my place with a poorly thought out punishment in the face of the worst thing that has ever happened to me. Brb gonna go kill myself",ham,0,mishra_soni
Hey leave it. not a big deal:-) take care.,ham,0,mishra_soni
Thanx...,ham,0,mishra_soni
Otherwise had part time job na-tuition..,ham,0,mishra_soni
Also you and your family for going to rhode island or wherever and leaving me all alone the week I have a new bong &gt;:(,ham,0,mishra_soni
"Sorry, I'll call later..busy right now...",ham,0,mishra_soni
Someonone you know is trying to contact you via our dating service! To find out who it could be call from your mobile or landline 09064015307 BOX334SK38ch,smishing,1,mishra_soni
Ya i knw u vl giv..its ok thanks kano..anyway enjoy wit ur family wit 1st salary..:-);-),ham,0,mishra_soni
The whole car appreciated the last two! Dad and are having a map reading semi argument but apart from that things are going ok. P.,ham,0,mishra_soni
"Merry Christmas to you too babe, i love ya *kisses*",ham,0,mishra_soni
Its posible dnt live in &lt;#&gt; century cm frwd n thnk different,ham,0,mishra_soni
Lol no. Just trying to make your day a little more interesting,ham,0,mishra_soni
Jus finish watching tv... U?,ham,0,mishra_soni
Yeah he got in at 2 and was v apologetic. n had fallen out and she was actin like spoilt child and he got caught up in that. Till 2! But we won't go there! Not doing too badly cheers. You?,ham,0,mishra_soni
Dont worry. I guess he's busy.,ham,0,mishra_soni
I'm aight. Wat's happening on your side.,ham,0,mishra_soni
Hi:)cts employee how are you?,ham,0,mishra_soni
Congratulations ur awarded 500 of CD vouchers or 125gift guaranteed & Free entry 2 100 wkly draw txt MUSIC to 87066,smishing,1,mishra_soni
picking them up from various points | going 2 yeovil | and they will do the motor project 4 3 hours | and then u take them home. || 12 2 5.30 max. || Very easy,ham,0,mishra_soni
I am not at all happy with what you saying or doing,ham,0,mishra_soni
haha but no money leh... Later got to go for tuition... Haha and looking for empty slots for driving lessons,ham,0,mishra_soni
Havent shopping now lor i juz arrive only,ham,0,mishra_soni
Should I be stalking u?,ham,0,mishra_soni
I cant pick the phone right now. Message if urgent..,ham,0,mishra_soni
"URGENT! Dear FL1PKART Customer, We are trying to contact you. Last weekends draw shows that you w0n a Rs.8,00,000 prize GUARANTEED. Call 6200992462. Claim Code N32. Valid 12hrs only.",smishing,1,mishra_soni
Are there TA jobs available? Let me know please cos i really need to start working,ham,0,mishra_soni
gonna let me know cos comes bak from holiday that day. is coming. Don't4get2text me number.,ham,0,mishra_soni
Cramps stopped. Going back to sleep,ham,0,mishra_soni
"Indians r poor but India is not a poor country. Says one of the swiss bank directors. He says that "" &lt;#&gt; lac crore"" of Indian money is deposited in swiss banks which can be used for 'taxless' budget for &lt;#&gt; yrs. Can give &lt;#&gt; crore jobs to all Indians. From any village to Delhi 4 lane roads. Forever free power suply to more than &lt;#&gt; social projects. Every citizen can get monthly &lt;#&gt; /- for &lt;#&gt; yrs. No need of World Bank &amp; IMF loan. Think how our money is blocked by rich politicians. We have full rights against corrupt politicians. Itna forward karo ki pura INDIA padhe.g.m.""",ham,0,mishra_soni
Hi Harish's rent has been transfred to ur Acnt.,ham,0,mishra_soni
Oh k. . I will come tomorrow dats for sure .,ham,0,mishra_soni
I reach home safe n sound liao...,ham,0,mishra_soni
"Set a place for me in your heart and not in your mind, as the mind easily forgets but the heart will always remember. Wish you Happy Valentines Day!",ham,0,mishra_soni
I got to video tape pple type in message lor. U so free wan 2 help me? Hee... Cos i noe u wan 2 watch infernal affairs so ask u along. Asking shuhui oso.,ham,0,mishra_soni
"Hiya, had a good day? Have you spoken to since the weekend?",ham,0,mishra_soni
"Sorry, not now",ham,0,mishra_soni
Must come later.. I normally bathe him in da afternoon mah..,ham,0,mishra_soni
You didnt complete your gist oh.,ham,0,mishra_soni
So when do you wanna gym?,ham,0,mishra_soni
"Call me, i am senthil from hsbc.",ham,0,mishra_soni
LOL ... Have you made plans for new years?,ham,0,mishra_soni
I will once i get home,ham,0,mishra_soni
"Haha... Where got so fast lose weight, thk muz go 4 a month den got effect... Gee,later we go aust put bk e weight.",ham,0,mishra_soni
I can ask around but there's not a lot in terms of mids up here,ham,0,mishra_soni
Fine am simply sitting.,ham,0,mishra_soni
You are mistaken .The fact that you felt like i would do it to hurt you shows you really don't know me at all.,ham,0,mishra_soni
Nothin comes to my mind. Ü help me buy hanger lor. Ur laptop not heavy?,ham,0,mishra_soni
HCL chennai requires FRESHERS for voice process.Excellent english needed.Salary upto &lt;#&gt; .Call Ms.Suman &lt;#&gt; for Telephonic interview -via Indyarocks.com,ham,0,mishra_soni
"Until 545 lor... Ya, can go 4 dinner together...",ham,0,mishra_soni
Message Important information for O2 user. Today is your lucky day! 2 find out why log onto http://www.urawinner.com there is a fantastic surprise awaiting you,smishing,1,mishra_soni
No management puzzeles.,ham,0,mishra_soni
Whom you waited for yesterday,ham,0,mishra_soni
I hope you arnt pissed off but id would really like to see you tomorrow. Love me xxxxxxxxxxxxxX,ham,0,mishra_soni
Then anything special?,ham,0,mishra_soni
U attend ur driving lesson how many times a wk n which day?,ham,0,mishra_soni
Huh i cant thk of more oredi how many pages do we have?,ham,0,mishra_soni
Oi when you gonna ring,ham,0,mishra_soni
Please tell me not all of my car keys are in your purse,ham,0,mishra_soni
"Aight, call me once you're close",ham,0,mishra_soni
"Well the general price is &lt;#&gt; /oz, let me know if/when/how much you want",ham,0,mishra_soni
"Haven't seen my facebook, huh? Lol!",ham,0,mishra_soni
Dunno lei... I might b eatin wif my frens... If ü wan to eat then i wait 4 ü lar,ham,0,mishra_soni
Staff of placement training in Amrita college.,ham,0,mishra_soni
Dear Customer your pyatm wallet Has been booked and hold Your amount please complete your kyc contact customer care 7044518857,smishing,1,mishra_soni
He is a womdarfull actor,ham,0,mishra_soni
"K, can I pick up another 8th when you're done?",ham,0,mishra_soni
When/where do I pick you up,ham,0,mishra_soni
Usually the person is unconscious that's in children but in adults they may just behave abnormally. I.ll call you now,ham,0,mishra_soni
Yes.he have good crickiting mind,ham,0,mishra_soni
Why you Dint come with us.,ham,0,mishra_soni
Is avatar supposed to have subtoitles,ham,0,mishra_soni
How stupid to say that i challenge god.You dont think at all on what i write instead you respond immed.,ham,0,mishra_soni
Me fine..absolutly fine,ham,0,mishra_soni
"Sure, if I get an acknowledgement from you that it's astoundingly tactless and generally faggy to demand a blood oath fo",ham,0,mishra_soni
Oh that was a forwarded message. I thought you send that to me,ham,0,mishra_soni
"Sweet, we may or may not go to 4U to meet carlos so gauge patty's interest in that",ham,0,mishra_soni
No he didn't. Spring is coming early yay!,ham,0,mishra_soni
Well. You know what i mean. Texting,ham,0,mishra_soni
Nah im goin 2 the wrks with j wot bout u?,ham,0,mishra_soni
tap & spile at seven. * Is that pub on gas st off broad st by canal. Ok?,ham,0,mishra_soni
Urgent Please call 09066612661 from landline. £5000 cash or a luxury 4* Canary Islands Holiday await collection. T&Cs SAE award. 20M12AQ. 150ppm. 16+ “,smishing,1,mishra_soni
Nothing. Can...,ham,0,mishra_soni
Yo we are watching a movie on netflix,ham,0,mishra_soni
"The LAY MAN! Just to let you know you are missed and thought off. Do have a great day. And if you can send me bimbo and ugo's numbers, ill appreciate. Safe",ham,0,mishra_soni
Today i'm not workin but not free oso... Gee... Thgt u workin at ur fren's shop ?,ham,0,mishra_soni
Haiyoh... Maybe your hamster was jealous of million,ham,0,mishra_soni
This pain couldn't have come at a worse time.,ham,0,mishra_soni
Life style garments account no please.,ham,0,mishra_soni
"Dear customer your PAY2TMKYC has been expired, It s will be bl0cked within 24 hour, please contact customer! Care ph 7908807538 immediately to verify",smishing,1,mishra_soni
No it's waiting in e car dat's bored wat. Cos wait outside got nothing 2 do. At home can do my stuff or watch tv wat.,ham,0,mishra_soni
"Whats that coming over the hill..... Is it a monster! Hope you have a great day. Things r going fine here, busy though!",ham,0,mishra_soni
Ha ha - had popped down to the loo when you hello-ed me. Hello!,ham,0,mishra_soni
Ok lor wat time ü finish?,ham,0,mishra_soni
Nokia phone is lovly..,ham,0,mishra_soni
"Todays Vodafone numbers ending 7548 are selected to receive a Rs.2,00,000 award. If you have a match please call 8536074310 quoting claim code 4041 standard rates apply",smishing,1,mishra_soni
hanks lotsly!,ham,0,mishra_soni
Is there any movie theatre i can go to and watch unlimited movies and just pay once?,ham,0,mishra_soni
Wishing you a beautiful day. Each moment revealing even more things to keep you smiling. Do enjoy it.,ham,0,mishra_soni
"I'm tired of arguing with you about this week after week. Do what you want and from now on, i'll do the same.",ham,0,mishra_soni
You have an important customer service announcement. Calnumber 0800 542 0826 now!,smishing,1,mishra_soni
"I'm back &amp; we're packing the car now, I'll let you know if there's room",ham,0,mishra_soni
Yes but can we meet in town cos will go to gep and then home. You could text at bus stop. And don't worry we'll have finished by march … ish!,ham,0,mishra_soni
"URGENT! Your Mobile number has been awarded with a INR.2,00,000 prize GUARANTEED. Call 8927307655 from land line. Claim 3030. Valid 12hrs only",smishing,1,mishra_soni
K I'll call you when I'm close,ham,0,mishra_soni
"Sorry, I'll call later buzy ryt nw",ham,0,mishra_soni
on hen night. Going with a swing,ham,0,mishra_soni
"Good afternon, my love. How are today? I hope your good and maybe have some interviews. I wake and miss you babe. A passionate kiss from across the sea",ham,0,mishra_soni
Dai &lt;#&gt; naal eruku.,ham,0,mishra_soni
Wife is the murderer.,ham,0,mishra_soni
Dont think so. It turns off like randomlly within 5min of opening,ham,0,mishra_soni
No sir. That's why i had an 8-hr trip on the bus last week. Have another audition next wednesday but i think i might drive this time.,ham,0,mishra_soni
Oh thats late! Well have a good night and i will give u a call tomorrow. Iam now going to go to sleep night night,ham,0,mishra_soni
Yup... How ü noe leh...,ham,0,mishra_soni
"URGENT! Your Mobile number has been awarded with a INR.2,00,000 prize GUARANTEED. Call 7044518857 from land line. Claim 3030. Valid 12hrs only",smishing,1,mishra_soni
"see you then, we're all christmassy here!",ham,0,mishra_soni
U sick still can go shopping?,ham,0,mishra_soni
Good morning princess! Happy New Year!,ham,0,mishra_soni
Ok i found dis pierre cardin one which looks normal costs 20 its on sale.,ham,0,mishra_soni
All well..,ham,0,mishra_soni
Ugh my leg hurts. Musta overdid it on mon.,ham,0,mishra_soni
Todays Vodafone numbers ending with 4882 are selected to a receive a £350 award. If your number matches call 09064019014 to receive your £350 award.,smishing,1,mishra_soni
Left dessert. U wan me 2 go suntec look 4 u?,ham,0,mishra_soni
Sorry sent blank msg again. Yup but trying 2 do some serious studying now.,ham,0,mishra_soni
The monthly amount is not that terrible and you will not pay anything till 6months after finishing school.,ham,0,mishra_soni
What to think no one saying clearly. Ok leave no need to ask her. I will go if she come or not,ham,0,mishra_soni
I'm gonna be home soon and i don't want to talk to u anymore tonight.. I've cried enough today.,ham,0,mishra_soni
Awww dat is sweet! We can think of something to do he he! Have a nice time tonight ill probably txt u later cos im lonely :( xxx.,ham,0,mishra_soni
K...k:)why cant you come here and search job:),ham,0,mishra_soni
"Ha. You don‘t know either. I did a a clever but simple thing with pears the other day, perfect for christmas.",ham,0,mishra_soni
That depends. How would you like to be treated? :),ham,0,mishra_soni
Have a safe trip to Nigeria. Wish you happiness and very soon company to share moments with,ham,0,mishra_soni
I think u have the wrong number.,ham,0,mishra_soni
"Lol ... Oh no babe, I wont be sliding into your place after midnight, but thanks for the invite",ham,0,mishra_soni
No problem. Talk to you later,ham,0,mishra_soni
Ok..dats fine..,ham,0,mishra_soni
My love ... I hope your not doing anything drastic. Don't you dare sell your pc or your phone ...,ham,0,mishra_soni
"Good afternoon, babe. How goes that day ? Any job prospects yet ? I miss you, my love ... *sighs* ... :-(",ham,0,mishra_soni
Spoons it is then okay?,ham,0,mishra_soni
Aww that's the first time u said u missed me without asking if I missed u first. You DO love me! :),ham,0,mishra_soni
Hhahhaahahah rofl wtf nig was leonardo in your room or something,ham,0,mishra_soni
"aight we can pick some up, you open before tonight?",ham,0,mishra_soni
Is toshiba portege m100 gd?,ham,0,mishra_soni
"Sun cant come to earth but send luv as rays. cloud cant come to river but send luv as rain. I cant come to meet U, but can send my care as msg to U. Gud evng",ham,0,mishra_soni
Ok. So april. Cant wait,ham,0,mishra_soni
Smile in Pleasure !!!Smile in Pain!!! Smile when trouble pours like Rain!!! Smile when sum1 Hurts U !!!Smile becoz SOMEONE still Loves to see u Smiling!! KEEP SMILING!!,ham,0,mishra_soni
Ok Chinese food on its way. When I get fat you're paying for my lipo.,ham,0,mishra_soni
K..k:)how much does it cost?,ham,0,mishra_soni
"yeah, that's what I was thinking",ham,0,mishra_soni
At WHAT TIME should i come tomorrow. Please confirm,ham,0,mishra_soni
I have many dependents,ham,0,mishra_soni
Meeting u is my work. . . Tel me when shall i do my work tomorrow,ham,0,mishra_soni
I'm home. Ard wat time will u reach?,ham,0,mishra_soni
"Well, I have to leave for my class babe ... You never came back to me ... :-( ... Hope you have a nice sleep, my love",ham,0,mishra_soni
Yes there were many sweets,ham,0,mishra_soni
How was txting and driving,ham,0,mishra_soni
What r u cooking me for dinner?,ham,0,mishra_soni
"How is my boy? No sweet words left for me this morning ... *sighs* ... How goes you day, my love ? Did you start your studying?",ham,0,mishra_soni
True. Its easier with her here.,ham,0,mishra_soni
"I thought i'd get him a watch, just cos thats the kind of thing u get4an18th. And he loves so much!",ham,0,mishra_soni
That one week leave i put know that time. Why.,ham,0,mishra_soni
"I don't know, same thing that's wrong everyso often, he panicks starts goin on bout not bein good enough …",ham,0,mishra_soni
Haha... dont be angry with yourself... Take it as a practice for the real thing. =),ham,0,mishra_soni
Your opinion about me? 1. Oversmart 2. selfish 3. naughy 4. Lovable 5. Silent 6. Special 7. immature 8. Stylish 9. Simple Pls reply..,ham,0,mishra_soni
"Hey...Great deal...Farm tour 9am to 5pm $95/pax, $50 deposit by 16 May",ham,0,mishra_soni
I think if he rule tamilnadu..then its very tough for our people.,ham,0,mishra_soni
Hi da:)how is the todays class?,ham,0,mishra_soni
Kothi print out marandratha.,ham,0,mishra_soni
I'm at work. Please call if u r free,ham,0,mishra_soni
Tell me something. Thats okay.,ham,0,mishra_soni
Hello handsome ! Are you finding that job ? Not being lazy ? Working towards getting back that net for mummy ? Where's my boytoy now ? Does he miss me ?,ham,0,mishra_soni
K go and sleep well. Take rest:-).,ham,0,mishra_soni
Nationwide auto centre (or something like that) on Newport road. I liked them there,ham,0,mishra_soni
What???? Hello wats talks email address?,ham,0,mishra_soni
Its ok my arm is feeling weak cuz i got a shot so we can go another time,ham,0,mishra_soni
I am going to sao mu today. Will be done only at 12,ham,0,mishra_soni
Havent stuck at orchard in my dad's car. Going 4 dinner now. U leh? So r they free tonight?,ham,0,mishra_soni
What time is ur flight tmr?,ham,0,mishra_soni
MMM ... .... Merry Christmas to me,ham,0,mishra_soni
Okay... I booked all already... Including the one at bugis.,ham,0,mishra_soni
"Dizzamn, aight I'll ask my suitemates when I get back",ham,0,mishra_soni
Apps class varaya elaya.,ham,0,mishra_soni
Unfortunately i've just found out that we have to pick my sister up from the airport that evening so don't think i'll be going out at all. We should try to go out one of th,ham,0,mishra_soni
Good night my dear.. Sleepwell&amp;Take care,ham,0,mishra_soni
Yetunde i'm in class can you not run water on it to make it ok. Pls now.,ham,0,mishra_soni
I'm on my way home. Went to change batt 4 my watch then go shop a bit lor.,ham,0,mishra_soni
"Friendship is not a game to play, It is not a word to say, It doesn\'t start on March and ends on May, It is tomorrow, yesterday, today and FOR EVER",ham,0,mishra_soni
"Mum, hope you are having a great day. Hoping this text meets you well and full of life. Have a great day. Abiola",ham,0,mishra_soni
"This weeks SavaMob member offers are now accessible. Just call 08709501522 for details! SavaMob, POBOX 139, LA3 2WU. Only £1.50/week. SavaMob - offers mobile!",smishing,1,mishra_soni
All done? All handed in? Celebrations in full swing yet?,ham,0,mishra_soni
An excellent thought by a misundrstud frnd: I knw u hate me bt the day wen u'll knw the truth u'll hate urself:-( Gn:-),ham,0,mishra_soni
"I'm not coming over, do whatever you want",ham,0,mishra_soni
Are u awake? Is there snow there?,ham,0,mishra_soni
"That day ü say ü cut ur hair at paragon, is it called hair sense? Do ü noe how much is a hair cut?",ham,0,mishra_soni
Hi i won't b ard 4 christmas. But do enjoy n merry x'mas.,ham,0,mishra_soni
"Hi, can i please get a &lt;#&gt; dollar loan from you. I.ll pay you back by mid february. Pls.",ham,0,mishra_soni
Its &lt;#&gt; k here oh. Should i send home for sale.,ham,0,mishra_soni
Dunno leh cant remember mayb lor. So wat time r we meeting tmr?,ham,0,mishra_soni
Ok lor. I'm in town now lei.,ham,0,mishra_soni
Life spend with someone for a lifetime may be meaningless but a few moments spent with someone who really love you means more than life itself..,ham,0,mishra_soni
"Huh... Hyde park not in mel ah, opps, got confused... Anyway, if tt's e best choice den we juz have to take it...",ham,0,mishra_soni
"Night has ended for another day, morning has come in a special way. May you smile like the sunny rays and leaves your worries",ham,0,mishra_soni
Yeah. I got a list with only u and Joanna if I'm feeling really anti social,ham,0,mishra_soni
"Two fundamentals of cool life: ""Walk, like you are the KING""...! OR ""Walk like you Dont care,whoever is the KING""!... Gud nyt",ham,0,mishra_soni
They will pick up and drop in car.so no problem..,ham,0,mishra_soni
I not busy juz dun wan 2 go so early.. Hee..,ham,0,mishra_soni
Bull. Your plan was to go floating off to IKEA with me without a care in the world. So i have to live with your mess another day.,ham,0,mishra_soni
Yup i thk they r e teacher said that will make my face look longer. Darren ask me not 2 cut too short.,ham,0,mishra_soni
Please dont say like that. Hi hi hi,ham,0,mishra_soni
Might ax well im there.,ham,0,mishra_soni
I will be gentle princess! We will make sweet gentle love...,ham,0,mishra_soni
Just send a text. We'll skype later.,ham,0,mishra_soni
Our records indicate u maybe entitled to 5000 pounds in compensation for the Accident you had. To claim 4 free reply with CLAIM to this msg. 2 stop txt STOP,smishing,1,mishra_soni
U can call me now...,ham,0,mishra_soni
Did you try making another butt.,ham,0,mishra_soni
"came to look at the flat, seems ok, in his 50s? * Is away alot wiv work. Got woman coming at 6.30 too.",ham,0,mishra_soni
Yeah confirmed for you staying at that weekend,ham,0,mishra_soni
Ok i shall talk to him,ham,0,mishra_soni
"A bit of Ur smile is my hppnss, a drop of Ur tear is my sorrow, a part of Ur heart is my life, a heart like mine wil care for U, forevr as my GOODFRIEND",ham,0,mishra_soni
In work now. Going have in few min.,ham,0,mishra_soni
"Haha better late than ever, any way I could swing by?",ham,0,mishra_soni
"URGENT! Your Mobile number has been awarded with a INR.2,00,000 prize GUARANTEED. Call 6299257179 from land line. Claim 3030. Valid 12hrs only",smishing,1,mishra_soni
I'm in school now n i'll be in da lab doing some stuff give me a call when ü r done.,ham,0,mishra_soni
"Uncle G, just checking up on you. Do have a rewarding month",ham,0,mishra_soni
Ugh just got outta class,ham,0,mishra_soni
No I'm in the same boat. Still here at my moms. Check me out on yo. I'm half naked.,ham,0,mishra_soni
On the road so cant txt,ham,0,mishra_soni
In the end she might still vomit but its okay. Not everything will come out.,ham,0,mishra_soni
Sorry de i went to shop.,ham,0,mishra_soni
There are some nice pubs near here or there is Frankie n Bennys near the warner cinema?,ham,0,mishra_soni
Lol I have to take it. member how I said my aunt flow didn't visit for 6 months? It's cause I developed ovarian cysts. Bc is the only way to shrink them.,ham,0,mishra_soni
"Dear customer your PAY2TMKYC has been expired, It s will be bl0cked within 24 hour, please contact customer! Care ph 6200992462 immediately to verify",smishing,1,mishra_soni
You all ready for * big day tomorrow?,ham,0,mishra_soni
I sent them. Do you like?,ham,0,mishra_soni
WHAT TIME U WRKIN?,ham,0,mishra_soni
Good words.... But words may leave u in dismay many times.,ham,0,mishra_soni
You unbelievable faglord,ham,0,mishra_soni
"Sir, hope your day is going smoothly. i really hoped i wont have to bother you about this. I have some bills that i can't settle this month. I am out of all extra cash. I know this is a challenging time for you also but i have to let you know.",ham,0,mishra_soni
How come?,ham,0,mishra_soni
Darren was saying dat if u meeting da ge den we dun meet 4 dinner. Cos later u leave xy will feel awkward. Den u meet him 4 lunch lor.,ham,0,mishra_soni
Y so late but i need to go n get da laptop...,ham,0,mishra_soni
"Night has ended for another day, morning has come in a special way. May you smile like the sunny rays and leaves your worries at the blue blue bay. Gud mrng",ham,0,mishra_soni
Don know..wait i will check it.,ham,0,mishra_soni
ALRITE HUNNY!WOT U UP 2 2NITE? DIDNT END UP GOIN DOWN TOWN JUS DA PUB INSTEAD! JUS CHILLIN AT DA MO IN ME BEDROOM!LOVE JEN XXX.,ham,0,mishra_soni
Yup but not studying surfing lor. I'm in e lazy mode today.,ham,0,mishra_soni
Yes. They replied my mail. I'm going to the management office later. Plus will in to bank later also.or on wednesday.,ham,0,mishra_soni
Ok... Help me ask if she's working tmr a not?,ham,0,mishra_soni
Ok i am on the way to railway,ham,0,mishra_soni
I'm not. She lip synced with shangela.,ham,0,mishra_soni
Ok i will message u before i leave my house.,ham,0,mishra_soni
"Free entry to the gr8prizes wkly comp 4 a chance to win the latest Nokia 8800, PSP or £250 cash every wk.TXT GREAT to 80878 http//www.gr8prizes.com 08715705022",smishing,1,mishra_soni
Having lunch:)you are not in online?why?,ham,0,mishra_soni
Are you still getting the goods.,ham,0,mishra_soni
Its too late:)but its k.wish you the same.,ham,0,mishra_soni
COME BACK TO TAMPA FFFFUUUUUUU,ham,0,mishra_soni
WOT U UP 2 J?,ham,0,mishra_soni
"Hey, a guy I know is breathing down my neck to get him some bud, anyway you'd be able to get a half track to usf tonight?",ham,0,mishra_soni
MY NO. IN LUTON 0125698789 RING ME IF UR AROUND! H*,ham,0,mishra_soni
This weekend is fine (an excuse not to do too much decorating),ham,0,mishra_soni
Whatsup there. Dont u want to sleep,ham,0,mishra_soni
"Only just got this message, not ignoring you. Yes, i was. Shopping that is",ham,0,mishra_soni
"Yo, you gonna still be in stock tomorrow/today? I'm trying to get a dubsack",ham,0,mishra_soni
"Oh right, ok. I'll make sure that i do loads of work during the day! got a really nasty cough today and is dry n shot so that should really help it!",ham,0,mishra_soni
Oic... I saw him too but i tot he din c me... I found a group liao...,ham,0,mishra_soni
"Awesome, think we can get an 8th at usf some time tonight?",ham,0,mishra_soni
No need to buy lunch for me.. I eat maggi mee..,ham,0,mishra_soni
Surely result will offer:),ham,0,mishra_soni
Okie enjoy!!,ham,0,mishra_soni
What your plan for pongal?,ham,0,mishra_soni
"Ok., is any problem to u frm him? Wats matter?",ham,0,mishra_soni
There's no point hangin on to mr not right if he's not makin u happy,ham,0,mishra_soni
You have an important customer service announcement. Call FREEPHONE 0800 542 0826 now!,smishing,1,mishra_soni
You know there is. I shall speak to you in &lt;#&gt; minutes then,ham,0,mishra_soni
.Please charge my mobile when you get up in morning.,ham,0,mishra_soni
"I'll text carlos and let you know, hang on",ham,0,mishra_soni
GENT! We are trying to contact you. Last weekends draw shows that you won a £1000 prize GUARANTEED. Call 09064012160. Claim Code K52. Valid 12hrs only. 150ppm,smishing,1,mishra_soni
Just got to &lt;#&gt;,ham,0,mishra_soni
"Good good, billy mates all gone. Just been jogging, again! Did enjoy concert?",ham,0,mishra_soni
"Yo, any way we could pick something up tonight?",ham,0,mishra_soni
"Em, its olowoyey@ usc.edu have a great time in argentina. Not sad about secretary, everything is a blessing",ham,0,mishra_soni
K and you're sure I don't have to have consent forms to do it :V,ham,0,mishra_soni
University of southern california.,ham,0,mishra_soni
"Men always needs a beautiful, intelligent, caring, loving, adjustable, cooperative wife. But the law allows only one wife....",ham,0,mishra_soni
No that just means you have a fat head,ham,0,mishra_soni
How have your little darlings been so far this week? Need a coffee run tomo?Can't believe it's that time of week already …,ham,0,mishra_soni
Dare i ask... Any luck with sorting out the car?,ham,0,mishra_soni
"Hmmm... Guess we can go 4 kb n power yoga... Haha, dunno we can tahan power yoga anot... Thk got lo oso, forgot liao...",ham,0,mishra_soni
"Was a nice day and, impressively, i was sensible, went home early and now feel fine. Or am i just boring?! When's yours, i can't remember.",ham,0,mishra_soni
Check audrey's status right now,ham,0,mishra_soni
"Thank you. And by the way, I just lost.",ham,0,mishra_soni
Ok that's great thanx a lot.,ham,0,mishra_soni
Lol well don't do it without me. We could have a big sale together.,ham,0,mishra_soni
Are you not around or just still asleep? :V,ham,0,mishra_soni
Give me a sec to think think about it,ham,0,mishra_soni
"It's cool, let me know before it kicks off around &lt;#&gt; , I'll be out and about all day",ham,0,mishra_soni
That's significant but dont worry.,ham,0,mishra_soni
"Just looked it up and addie goes back Monday, sucks to be her",ham,0,mishra_soni
Also maaaan are you missing out,ham,0,mishra_soni
"1) Go to write msg 2) Put on Dictionary mode 3)Cover the screen with hand, 4)Press &lt;#&gt; . 5)Gently remove Ur hand.. See what happens",ham,0,mishra_soni
"I guess you could be as good an excuse as any, lol.",ham,0,mishra_soni
FreeMsg Why haven't you replied to my text? I'm female and live local. Luv to hear from u. Netcollex Ltd 08700621170150p per msg reply Stop to end,smishing,1,mishra_soni
Heart is empty without love.. Mind is empty without wisdom.. Eyes r empty without dreams &amp; Life is empty without frnds.. So Alwys Be In Touch. Good night &amp; sweet dreams,ham,0,mishra_soni
"Every King Was Once A Crying Baby And Every Great Building Was Once A Map.. Not Imprtant Where U r TODAY, BUT Where U Wil Reach TOMORW. Gud ni8",ham,0,mishra_soni
Waiting in e car 4 my mum lor. U leh? Reach home already?,ham,0,mishra_soni
Delhi and chennai still silent.,ham,0,mishra_soni
Alex says he's not ok with you not being ok with it,ham,0,mishra_soni
It didnt work again oh. Ok goodnight then. I.ll fix and have it ready by the time you wake up. You are very dearly missed have a good night sleep.,ham,0,mishra_soni
She left it very vague. She just said she would inform the person in accounting about the delayed rent and that i should discuss with the housing agency about my renting another place. But checking online now and all places around usc are &lt;#&gt; and up,ham,0,mishra_soni
Whos this am in class:-),ham,0,mishra_soni
"YOU VE WON! Your 4* Costa Del Sol Holiday or £6000 await collection. Call 09050090055 Now toClaim. SAE, TC s, POBox334, Stockport, SK38xh, Cost£1.50/pm, Max10mins",smishing,1,mishra_soni
Its a big difference. &lt;#&gt; versus &lt;#&gt; every &lt;#&gt; hrs,ham,0,mishra_soni
V nice! Off 2 sheffield tom 2 air my opinions on categories 2 b used 2 measure ethnicity in next census. Busy transcribing. :-),ham,0,mishra_soni
Now press conference da:),ham,0,mishra_soni
He said i look pretty wif long hair wat. But i thk he's cutting quite short 4 me leh.,ham,0,mishra_soni
Understand. his loss is my gain :) so do you work? School?,ham,0,mishra_soni
"Yes but i dont care! I need you bad, princess!",ham,0,mishra_soni
May b approve panalam...but it should have more posts..,ham,0,mishra_soni
"I am late,so call you tomorrow morning.take care sweet dreams....u and me...ummifying...bye.",ham,0,mishra_soni
Yup i'm free...,ham,0,mishra_soni
WE REGRET TO INFORM U THAT THE NHS HAS MADE A MISTAKE.U WERE NEVER ACTUALLY BORN.PLEASE REPORT 2 YOR LOCAL HOSPITAL 2B TERMINATED.WE R SORRY 4 THE INCONVENIENCE,ham,0,mishra_soni
Aiyar hard 2 type. U later free then tell me then i call n scold n tell u.,ham,0,mishra_soni
Got but got 2 colours lor. One colour is quite light n e other is darker lor. Actually i'm done she's styling my hair now.,ham,0,mishra_soni
"And how you will do that, princess? :)",ham,0,mishra_soni
As per your request 'Melle Melle (Nurungu Vettam)' has been set as your callertune for all Callers. Press *9 to copy your friends Callertune,ham,0,mishra_soni
Its good to hear from you,ham,0,mishra_soni
"I just lov this line: ""Hurt me with the truth, I don't mind,i wil tolerat.bcs ur my someone..... But, Never comfort me with a lie"" gud ni8 and sweet dreams",ham,0,mishra_soni
My sister going to earn more than me da.,ham,0,mishra_soni
"Usf I guess, might as well take 1 car",ham,0,mishra_soni
Yo come over carlos will be here soon,ham,0,mishra_soni
Is xy going 4 e lunch?,ham,0,mishra_soni
Still work going on:)it is very small house.,ham,0,mishra_soni
Still i have not checked it..,ham,0,mishra_soni
If you hear a loud scream in about &lt;#&gt; minutes its cause my Gyno will be shoving things up me that don't belong :/,ham,0,mishra_soni
Just getting back home,ham,0,mishra_soni
Jus ans me lar. U'll noe later.,ham,0,mishra_soni
Are you really busy or trying to avoid me,ham,0,mishra_soni
"Urgent UR awarded a complimentary trip to EuroDisinc Trav, Aco&Entry41 Or £1000. To claim txt DIS to 87121 18+6*£1.50",smishing,1,mishra_soni
Petey boy whereare you me and all your friendsare in theKingshead come down if you canlove Nic,ham,0,mishra_soni
"Like I made him throw up when we were smoking in our friend's car one time, it was awesome",ham,0,mishra_soni
"Aight, I'll text you when I'm back",ham,0,mishra_soni
Allo! We have braved the buses and taken on the trains and triumphed. I mean we‘re in b‘ham. Have a jolly good rest of week,ham,0,mishra_soni
Watching tv now. I got new job :),ham,0,mishra_soni
Thank u. IT BETTER WORK OUT CAUSE I WILL FEEL USED OTHERWISE,ham,0,mishra_soni
Would me smoking you out help us work through this difficult time,ham,0,mishra_soni
No way I'm going back there!,ham,0,mishra_soni
"Sorry vikky, i'm Watching olave mandara movie kano in trishul theatre wit my frnds..",ham,0,mishra_soni
"Thank you so much. When we skyped wit kz and sura, we didnt get the pleasure of your company. Hope you are good. We've given you ultimatum oh! We are countin down to aburo. Enjoy! This is the message i sent days ago",ham,0,mishra_soni
Pick you up bout 7.30ish? What time are and that going?,ham,0,mishra_soni
My uncles in Atlanta. Wish you guys a great new year..,ham,0,mishra_soni
S.this will increase the chance of winning.,ham,0,mishra_soni
I asked you to call him now ok,ham,0,mishra_soni
Gud ni8 dear..slp well..take care..swt dreams..Muah..,ham,0,mishra_soni
"Damn, poor zac doesn't stand a chance",ham,0,mishra_soni
K sure am in my relatives home. Sms me de. Pls:-),ham,0,mishra_soni
"Apple has detected an unauthorized sign-in to your Cloud account. If this message goes without reply, Apple will be forced to suspend your account. Please verify this iCloud device by sending your correct Apple ID and password via text message.",smishing,1,mishra_soni
"Im sorry bout last nite it wasn’t ur fault it was me, spouse it was pmt or sumthin! U 4give me? I think u shldxxxx",ham,0,mishra_soni
Ok u can take me shopping when u get paid =D,ham,0,mishra_soni
I HAVE A DATE ON SUNDAY WITH WILL!!,ham,0,mishra_soni
U don't remember that old commercial?,ham,0,mishra_soni
wiskey Brandy Rum Gin Beer Vodka Scotch Shampain Wine choose,ham,0,mishra_soni
Is ur paper in e morn or aft tmr?,ham,0,mishra_soni
Cheers for the message Zogtorius. I’ve been staring at my phone for an age deciding whether to text or not.,ham,0,mishra_soni
Yeah that's the impression I got,ham,0,mishra_soni
Hey hun-onbus goin 2 meet him. He wants 2go out 4a meal but I donyt feel like it cuz have 2 get last bus home!But hes sweet latelyxxx,ham,0,mishra_soni
Heart is empty without love.. Mind is empty without wisdom.. Eyes r empty without dreams.. Life is empty without frnds..,ham,0,mishra_soni
Do you mind if I ask what happened? You dont have to say if it is uncomfortable.,ham,0,mishra_soni
Annoying isn't it.,ham,0,mishra_soni
Anything lor is she coming?,ham,0,mishra_soni
Water logging in desert. Geoenvironmental implications.,ham,0,mishra_soni
"Good afternoon, my boytoy ... How are you feeling today ? Better I hope? Are you being my good boy? Are you my obedient, slave? Do you please your Queen?",ham,0,mishra_soni
Match started.india &lt;#&gt; for 2,ham,0,mishra_soni
Nite...,ham,0,mishra_soni
Sac needs to carry on:),ham,0,mishra_soni
I re-met alex nichols from middle school and it turns out he's dealing!,ham,0,mishra_soni
We have sent JD for Customer Service to ur mail id.,ham,0,mishra_soni
"As a SIM subscriber, you are selected to receive a Bonus! Get it delivered to your door, call 08718738034, EXP. 30Apr",smishing,1,mishra_soni
Promotion Number: 8714714 - UR awarded a City Break and could WIN a £200 Summer Shopping spree every WK. Txt STORE to 88039 . SkilGme. TsCs087147403231Winawk!Age16 £1.50perWKsub,smishing,1,mishra_soni
Jus finish blowing my hair. U finish dinner already?,ham,0,mishra_soni
K...k...when will you give treat?,ham,0,mishra_soni
No probs hon! How u doinat the mo?,ham,0,mishra_soni
"Do you know why god created gap between your fingers..? So that, One who is made for you comes and fills those gaps by holding your hand with LOVE and CARE..!",ham,0,mishra_soni
Sir send to group mail check it.,ham,0,mishra_soni
somewhere out there beneath the pale moon light someone is thinking of u some where out there where dreams come true,ham,0,mishra_soni
Did u got that persons story Anyhow..,ham,0,mishra_soni
"The &lt;#&gt; g that i saw a few days ago, the guy wants sell wifi only for &lt;#&gt; and with 3g for &lt;#&gt; . That's why i blanked him.",ham,0,mishra_soni
Booked ticket for pongal?,ham,0,mishra_soni
"Please protect yourself from e-threats. YES bank never asks for sensitive information like Passwords,ATM/SMS PIN thru email. Never share your password with anybody.",ham,0,mishra_soni
Natalie (20/F) is inviting you to be her friend. Reply YES-165 or NO-165 See her: www.SMS.ac/u/natalie2k9,smishing,1,mishra_soni
Alright took the morphine. Back in yo.,ham,0,mishra_soni
Most of the tiime when i don't let you hug me it's so i don't break into tears.,ham,0,mishra_soni
Call him and say you not coming today ok and tell them not to fool me like this ok,ham,0,mishra_soni
"Hello, As per request from &lt;#&gt; Rs.5 has been transfered to you",ham,0,mishra_soni
Do you still have the grinder?,ham,0,mishra_soni
Hows the street where the end of library walk is?,ham,0,mishra_soni
"Yeah hopefully, if tyler can't do it I could maybe ask around a bit",ham,0,mishra_soni
His frens go then he in lor. Not alone wif my mum n sis lor.,ham,0,mishra_soni
Am i that much dirty fellow?,ham,0,mishra_soni
Congrats! Nokia 3650 video camera phone is your Call 09066382423 Calls cost 150ppm Ave call 3mins vary from mobiles,smishing,1,mishra_soni
Ard 6 like dat lor.,ham,0,mishra_soni
U sleeping now.. Or you going to take? Haha.. I got spys wat.. Me online checking n replying mails lor..,ham,0,mishra_soni
Happy birthday to you....dear.with lots of love.rakhesh NRI,ham,0,mishra_soni
Yes we are chatting too.,ham,0,mishra_soni
"Urgent! call 09066612661 from landline. Your complementary 4* Tenerife Holiday or £10,000 cash await collection SAE T&Cs PO Box 3 WA14 2PX 150ppm 18+ Sender: Hol Offer",smishing,1,mishra_soni
Sorry da..today i wont come to play..i have driving clas..,ham,0,mishra_soni
I cant keep talking to people if am not sure i can pay them if they agree to price. So pls tell me what you want to really buy and how much you are willing to pay,ham,0,mishra_soni
"That‘s the thing with apes, u can fight to the death to keep something, but the minute they have it when u let go, thats it!",ham,0,mishra_soni
My sister got placed in birla soft da:-),ham,0,mishra_soni
hope things went well at 'doctors' ;) reminds me i still need 2go.did u c d little thing i left in the lounge?,ham,0,mishra_soni
"Yeah we wouldn't leave for an hour at least, how's 4 sound?",ham,0,mishra_soni
"It wont b until 2.15 as trying 2 sort house out, is that ok?",ham,0,mishra_soni
U free on sat rite? U wan 2 watch infernal affairs wif me n darren n mayb xy?,ham,0,mishra_soni
"I'm gonna be home soon and i don't want to talk about this stuff anymore tonight, k? Leave this for now...I've cried enough today.",ham,0,mishra_soni
Yar lor... Keep raining non stop... Or u wan 2 go elsewhere?,ham,0,mishra_soni
Let me know if you need anything else. Salad or desert or something... How many beers shall i get?,ham,0,mishra_soni
This msg is for your mobile content order It has been resent as previous attempt failed due to network error Queries to customersqueries@netvision.uk.com,smishing,1,mishra_soni
"Aight, text me tonight and we'll see what's up",ham,0,mishra_soni
"Sir, good morning. Hope you had a good weekend. I called to let you know that i was able to raise &lt;#&gt; from my dad. He however said he would make the rest available by mid feb. This amount is still quite short and i was hoping you would help. Do have a good day. Abiola",ham,0,mishra_soni
"Sorry, I can't help you on this. I am sorry",ham,0,mishra_soni
U have won a nokia 6230 plus a free digital camera. This is what u get when u win our FREE auction. To take part send NOKIA to 83383 now. POBOX114/14TCR/W1 16,smishing,1,mishra_soni
I need details about that online job.,ham,0,mishra_soni
Do you like Italian food?,ham,0,mishra_soni
"No, but you told me you were going, before you got drunk!",ham,0,mishra_soni
K. I will sent it again .my goodness..,ham,0,mishra_soni
Wait 2 min..stand at bus stop,ham,0,mishra_soni
First has she gained more than &lt;#&gt; kg since she took in. Second has she done the blood sugar tests. If she has and its ok and her blood pressure is within normal limits then no worries,ham,0,mishra_soni
Hi darlin i cantdo anythingtomorrow as myparents aretaking me outfor a meal. when are u free? Katexxx,ham,0,mishra_soni
You also didnt get na hi hi hi hi hi,ham,0,mishra_soni
"V-aluable. A-ffectionate. L-oveable. E-ternal. N-oble. T-ruthful. I-ntimate. N-atural. E-namous. Happy ""VALENTINES DAY"" in advance",ham,0,mishra_soni
1. Tension face 2. Smiling face 3. Waste face 4. Innocent face 5.Terror face 6.Cruel face 7.Romantic face 8.Lovable face 9.decent face &lt;#&gt; .joker face.,ham,0,mishra_soni
If u dun drive then how i go 2 sch.,ham,0,mishra_soni
I'll probably be by tomorrow (or even later tonight if something's going on),ham,0,mishra_soni
Thanks honey but still haven't heard anything I will leave it a bit longer so not 2 crowd him and will try later - great advice thanks hope cardiff is still there!,ham,0,mishra_soni
aathi..where are you dear..i AM WAITING FOR u,ham,0,mishra_soni
Onum ela pa. Normal than.,ham,0,mishra_soni
No but the bluray player can,ham,0,mishra_soni
Oh really?? Did you make it on air? What's your talent?,ham,0,mishra_soni
"Did I forget to tell you ? I want you , I need you, I crave you ... But most of all ... I love you my sweet Arabian steed ... Mmmmmm ... Yummy",ham,0,mishra_soni
Mmm so yummy babe ... Nice jolt to the suzy,ham,0,mishra_soni
What's nannys address?,ham,0,mishra_soni
Well. Balls. Time to make calls,ham,0,mishra_soni
Check with nuerologist.,ham,0,mishra_soni
"Thanx. Yup we coming back on sun. Finish dinner going back 2 hotel now. Time flies, we're tog 4 exactly a mth today. Hope we'll haf many more mths to come...",ham,0,mishra_soni
Goodmorning today i am late for 15 min.,ham,0,mishra_soni
Your SAM registration has been received! Click here to complete the process http:/rghst.us/xRI2284 Reply STOP 2 opt out of future texts,smishing,1,mishra_soni
So gd got free ice cream... I oso wan...,ham,0,mishra_soni
No message..no response..what happend? Any issues?,ham,0,mishra_soni
You want to go?,ham,0,mishra_soni
"Can meh? Thgt some will clash... Really ah, i dun mind... I dun seen to have lost any weight... Gee...",ham,0,mishra_soni
"THAT’S ALRITE GIRL, U KNOW GAIL IS NEVA WRONG!!TAKE CARE SWEET AND DON’T WORRY.C U L8TR HUN!LOVE Yaxxx",ham,0,mishra_soni
What makes some people dearer is not just the happiness that u feel when u meet them but the pain u feel when u miss them,ham,0,mishra_soni
I AM AT THE GAS STATION. GO THERE.,ham,0,mishra_soni
Now only i reached home. . . I am very tired now. . I will come tomorro,ham,0,mishra_soni
"Actually, my mobile is full of msg. And i m doing a work online, where i need to send them &lt;#&gt; sent msg i wil explain u later.",ham,0,mishra_soni
"Easy mate, * guess the quick drink was bit ambitious.",ham,0,mishra_soni
Your opinion about me? 1. Over 2. Jada 3. Kusruthi 4. Lovable 5. Silent Pls reply..,ham,0,mishra_soni
I will reach ur home in 10 minutes..lets meet..,ham,0,mishra_soni
"I'm an actor. When i work, i work in the evening and sleep late. Since i'm unemployed at the moment, i ALWAYS sleep late. When you're unemployed, every day is saturday.",ham,0,mishra_soni
Good Morning my Dear........... Have a great DAY .ENJOY,ham,0,mishra_soni
No plans yet. What are you doing ?,ham,0,mishra_soni
"The last thing i ever wanted to do was hurt you. And i didn't think it would have. You'd laugh, be embarassed, delete the tag and keep going. But as far as i knew, it wasn't even up. The fact that you even felt like i would do it to hurt you shows you really don't know me at all. It was messy wednesday, but it wasn't bad. The problem i have with it is you HAVE the time to clean it, but you choose not to. You skype, you take pictures, you sleep, you want to go out. I don't mind a few things here and there, but when you don't make the bed, when you throw laundry on top of it, when i can't have a friend in the house because i'm embarassed that there's underwear and bras strewn on the bed, pillows on the floor, that's something else. You used to be good about at least making the bed.",ham,0,mishra_soni
I take it we didn't have the phone callon Friday. Can we assume we won't have it this year now?,ham,0,mishra_soni
I'm hungry buy smth home...,ham,0,mishra_soni
Yes:)sura in sun tv.:)lol.,ham,0,mishra_soni
Babe !!!! I LOVE YOU !!!! *covers your face in kisses*,ham,0,mishra_soni
Thanks for being there for me just to talk to on saturday. You are very dear to me. I cherish having you as a brother and role model.,ham,0,mishra_soni
Well i will watch shrek in 3D!!B),ham,0,mishra_soni
You should change your fb to jaykwon thuglyfe falconerf,ham,0,mishra_soni
Yes i think so. I am in office but my lap is in room i think thats on for the last few days. I didnt shut that down,ham,0,mishra_soni
Are you staying in town ?,ham,0,mishra_soni
Love you aathi..love u lot..,ham,0,mishra_soni
We will meet soon princess! Ttyl!,ham,0,mishra_soni
Its worse if if uses half way then stops. Its better for him to complete it.,ham,0,mishra_soni
Ok lor...,ham,0,mishra_soni
"I dun thk i'll quit yet... Hmmm, can go jazz ? Yogasana oso can... We can go meet em after our lessons den...",ham,0,mishra_soni
K..then come wenever u lik to come and also tel vikky to come by getting free time..:-),ham,0,mishra_soni
"I'm eatin now lor, but goin back to work soon... E mountain deer show huh... I watch b4 liao, very nice...",ham,0,mishra_soni
"We spend our days waiting for the ideal path to appear in front of us.. But what we forget is.. ""paths are made by walking.. not by waiting.."" Goodnight!",ham,0,mishra_soni
"I know dat feelin had it with Pete! Wuld get with em , nuther place nuther time mayb?",ham,0,mishra_soni
Ladies first and genus second k .,ham,0,mishra_soni
Okie ü wan meet at bishan? Cos me at bishan now. I'm not driving today.,ham,0,mishra_soni
Just normal only here :),ham,0,mishra_soni
"Babe, I'm back ... Come back to me ...",ham,0,mishra_soni
Mum not going robinson already.,ham,0,mishra_soni
Ok then no need to tell me anything i am going to sleep good night,ham,0,mishra_soni
Not..tel software name..,ham,0,mishra_soni
Tmr timin still da same wat cos i got lesson until 6...,ham,0,mishra_soni
"Records indicate you were involved in an accident in the last 2.5 years. As such you are entitled to claim compensation, Reply CLAIM for info or STOP to opt out",smishing,1,mishra_soni
We're on the opposite side from where we dropped you off,ham,0,mishra_soni
My battery is low babe,ham,0,mishra_soni
That means get the door,ham,0,mishra_soni
Got it! It looks scrumptious... daddy wants to eat you all night long!,ham,0,mishra_soni
Okey dokey swashbuckling stuff what oh.,ham,0,mishra_soni
Infact happy new year. How are you where are you when are we seeing,ham,0,mishra_soni
"As I entered my cabin my PA said, '' Happy B'day Boss !!''.",ham,0,mishra_soni
I'm working technical support :)voice process.networking field.,ham,0,mishra_soni
Oh. U must have taken your REAL Valentine out shopping first.,ham,0,mishra_soni
Yeah I don't see why not,ham,0,mishra_soni
U wan 2 haf lunch i'm in da canteen now.,ham,0,mishra_soni
"Especially since i talk about boston all up in my personal statement, lol! I woulda changed that if i had realized it said nyc! It says boston now.",ham,0,mishra_soni
"Sorry light turned green, I meant another friend wanted &lt;#&gt; worth but he may not be around",ham,0,mishra_soni
Yes :)it is completely in out of form:),ham,0,mishra_soni
Still otside le..u come 2morrow maga..,ham,0,mishra_soni
Kay... Since we are out already,ham,0,mishra_soni
Ü log off 4 wat. It's sdryb8i,ham,0,mishra_soni
Are you angry with me. What happen dear,ham,0,mishra_soni
I'm in class. Did you get my text.,ham,0,mishra_soni
:( but your not here....,ham,0,mishra_soni
Becoz its &lt;#&gt; jan whn al the post ofice is in holiday so she cn go fr the post ofice...got it duffer,ham,0,mishra_soni
Its a valentine game. . . send dis msg to all ur friends. . If 5 answers r d same then someone really loves u. . Ques- which colour suits me the best?,ham,0,mishra_soni
We r outside already.,ham,0,mishra_soni
